[{"mac": "00:0d:60:4d:cd:e0", "vlan_name": "HMC1", "vlan_id": "4094", "flag": "d m           ", "port": "7"}, {"mac": "00:14:5e:e3:87:e2", "vlan_name": "HMC1", "vlan_id": "4094", "flag": "d m           ", "port": "8"}, {"mac": "00:1a:64:cd:6d:c2", "vlan_name": "HMC1", "vlan_id": "4094", "flag": "d m           ", "port": "6"}, {"mac": "34:40:b5:d4:c2:36", "vlan_name": "HMC1", "vlan_id": "4094", "flag": "d m           ", "port": "1"}, {"mac": "40:f2:e9:59:a1:0c", "vlan_name": "HMC1", "vlan_id": "4094", "flag": "d m           ", "port": "9"}, {"mac": "40:f2:e9:59:f8:92", "vlan_name": "HMC1", "vlan_id": "4094", "flag": "d m           ", "port": "14"}, {"mac": "5c:f3:fc:00:c1:3c", "vlan_name": "HMC1", "vlan_id": "4094", "flag": "d m           ", "port": "16"}, {"mac": "5c:f3:fc:2e:10:3a", "vlan_name": "HMC1", "vlan_id": "4094", "flag": "d m           ", "port": "11"}, {"mac": "5c:f3:fc:2e:95:48", "vlan_name": "HMC1", "vlan_id": "4094", "flag": "d m           ", "port": "3"}, {"mac": "5c:f3:fc:2e:97:00", "vlan_name": "HMC1", "vlan_id": "4094", "flag": "d m           ", "port": "2"}, {"mac": "5c:f3:fc:2e:df:4a", "vlan_name": "HMC1", "vlan_id": "4094", "flag": "d m           ", "port": "23"}, {"mac": "6c:ae:8b:1a:04:06", "vlan_name": "HMC1", "vlan_id": "4094", "flag": "d m           ", "port": "10"}, {"mac": "6c:ae:8b:42:5b:40", "vlan_name": "HMC1", "vlan_id": "4094", "flag": "d m           ", "port": "4"}, {"mac": "6c:ae:8b:42:5b:f2", "vlan_name": "HMC1", "vlan_id": "4094", "flag": "d m           ", "port": "5"}, {"mac": "e4:1f:13:6f:47:48", "vlan_name": "HMC1", "vlan_id": "4094", "flag": "d m           ", "port": "15"}, {"mac": "e4:1f:13:6f:a0:d0", "vlan_name": "HMC1", "vlan_id": "4094", "flag": "d m           ", "port": "12"}, {"mac": "e4:1f:13:6f:b3:8a", "vlan_name": "HMC1", "vlan_id": "4094", "flag": "d m           ", "port": "13"}]