[{"mac": "00:04:96:36:c0:8e", "vlan_name": "DMZ_Desarrollo", "vlan_id": "4094", "flag": "d m            ", "port": "28"}, {"mac": "00:04:96:36:c0:8e", "vlan_name": "DMZ_Desarrollo2", "vlan_id": "139", "flag": "d m            ", "port": "28"}, {"mac": "00:04:96:37:1f:67", "vlan_name": "DMZ_Desarrollo", "vlan_id": "4094", "flag": "d m            ", "port": "28"}, {"mac": "00:04:96:37:1f:67", "vlan_name": "DMZ_Desarrollo2", "vlan_id": "139", "flag": "d m            ", "port": "28"}, {"mac": "00:04:96:37:1f:67", "vlan_name": "DMZ_POC_IVR", "vlan_id": "1803", "flag": "d m            ", "port": "28"}, {"mac": "00:04:96:51:e8:be", "vlan_name": "DMZ_Desarrollo", "vlan_id": "4094", "flag": "d m            ", "port": "28"}, {"mac": "00:04:96:8b:8f:d6", "vlan_name": "DMZ_Desarrollo", "vlan_id": "4094", "flag": "d m            ", "port": "28"}, {"mac": "00:04:96:8b:8f:d6", "vlan_name": "DMZ_Desarrollo2", "vlan_id": "139", "flag": "d m            ", "port": "28"}, {"mac": "00:04:96:8b:f1:cc", "vlan_name": "DMZ_Desarrollo", "vlan_id": "4094", "flag": "d m            ", "port": "28"}, {"mac": "00:04:96:8b:f1:cc", "vlan_name": "DMZ_Desarrollo2", "vlan_id": "139", "flag": "d m            ", "port": "28"}, {"mac": "00:15:5d:64:03:21", "vlan_name": "DMZ_Desarrollo", "vlan_id": "4094", "flag": "d m            ", "port": "28"}, {"mac": "00:15:5d:64:03:6d", "vlan_name": "DMZ_Desarrollo", "vlan_id": "4094", "flag": "d m            ", "port": "28"}, {"mac": "00:25:03:d4:d1:00", "vlan_name": "DMZ_Desarrollo", "vlan_id": "4094", "flag": "d m            ", "port": "28"}, {"mac": "00:50:56:54:ba:92", "vlan_name": "DMZ_Desarrollo", "vlan_id": "4094", "flag": "d m            ", "port": "11"}, {"mac": "00:50:56:54:ba:93", "vlan_name": "DMZ_Desarrollo", "vlan_id": "4094", "flag": "d m            ", "port": "12"}, {"mac": "00:50:56:90:00:08", "vlan_name": "DMZ_Desarrollo", "vlan_id": "4094", "flag": "d m            ", "port": "28"}, {"mac": "00:50:56:90:00:09", "vlan_name": "DMZ_Desarrollo", "vlan_id": "4094", "flag": "d m            ", "port": "28"}, {"mac": "00:50:56:90:00:10", "vlan_name": "DMZ_Desarrollo", "vlan_id": "4094", "flag": "d m            ", "port": "28"}, {"mac": "00:50:56:90:00:11", "vlan_name": "DMZ_Desarrollo", "vlan_id": "4094", "flag": "d m            ", "port": "28"}, {"mac": "00:50:56:90:00:12", "vlan_name": "DMZ_Desarrollo", "vlan_id": "4094", "flag": "d m            ", "port": "28"}, {"mac": "00:50:56:90:00:13", "vlan_name": "DMZ_Desarrollo", "vlan_id": "4094", "flag": "d m            ", "port": "28"}, {"mac": "00:50:56:90:00:1c", "vlan_name": "DMZ_Desarrollo", "vlan_id": "4094", "flag": "d m            ", "port": "28"}, {"mac": "00:50:56:90:1a:64", "vlan_name": "DMZ_Desarrollo", "vlan_id": "4094", "flag": "d m            ", "port": "28"}, {"mac": "00:50:56:90:1a:65", "vlan_name": "DMZ_Desarrollo2", "vlan_id": "139", "flag": "d m            ", "port": "28"}, {"mac": "00:50:56:90:1a:76", "vlan_name": "DMZ_Desarrollo", "vlan_id": "4094", "flag": "d m            ", "port": "28"}, {"mac": "00:50:56:90:1d:1b", "vlan_name": "DMZ_Desarrollo2", "vlan_id": "139", "flag": "d m            ", "port": "28"}, {"mac": "00:50:56:90:20:a3", "vlan_name": "DMZ_Desarrollo2", "vlan_id": "139", "flag": "d m            ", "port": "28"}, {"mac": "00:50:56:90:20:a8", "vlan_name": "DMZ_Desarrollo2", "vlan_id": "139", "flag": "d m            ", "port": "28"}, {"mac": "00:50:56:90:20:d2", "vlan_name": "DMZ_Desarrollo2", "vlan_id": "139", "flag": "d m            ", "port": "28"}, {"mac": "00:50:56:90:30:12", "vlan_name": "DMZ_Desarrollo", "vlan_id": "4094", "flag": "d m            ", "port": "11"}, {"mac": "00:50:56:90:30:21", "vlan_name": "DMZ_Desarrollo", "vlan_id": "4094", "flag": "d m            ", "port": "11"}, {"mac": "00:50:56:90:38:03", "vlan_name": "DMZ_Desarrollo", "vlan_id": "4094", "flag": "d m            ", "port": "28"}, {"mac": "00:50:56:90:40:da", "vlan_name": "DMZ_Desarrollo", "vlan_id": "4094", "flag": "d m            ", "port": "11"}, {"mac": "00:50:56:90:41:01", "vlan_name": "DMZ_Desarrollo2", "vlan_id": "139", "flag": "d m            ", "port": "28"}, {"mac": "00:50:56:90:61:13", "vlan_name": "DMZ_Desarrollo", "vlan_id": "4094", "flag": "d m            ", "port": "28"}, {"mac": "00:50:56:90:6d:b3", "vlan_name": "DMZ_Desarrollo", "vlan_id": "4094", "flag": "d m            ", "port": "12"}, {"mac": "00:50:56:90:6d:c1", "vlan_name": "DMZ_Desarrollo", "vlan_id": "4094", "flag": "d m            ", "port": "11"}, {"mac": "00:50:56:90:6d:c4", "vlan_name": "DMZ_Desarrollo", "vlan_id": "4094", "flag": "d m            ", "port": "28"}, {"mac": "00:50:56:90:6d:c8", "vlan_name": "DMZ_Desarrollo", "vlan_id": "4094", "flag": "d m            ", "port": "28"}, {"mac": "00:50:56:90:6d:d9", "vlan_name": "DMZ_Desarrollo", "vlan_id": "4094", "flag": "d m            ", "port": "28"}, {"mac": "00:50:56:90:70:77", "vlan_name": "DMZ_Desarrollo", "vlan_id": "4094", "flag": "d m            ", "port": "28"}, {"mac": "00:50:56:90:7e:e1", "vlan_name": "DMZ_Desarrollo", "vlan_id": "4094", "flag": "d m            ", "port": "28"}, {"mac": "00:50:56:9c:0e:51", "vlan_name": "DMZ_Desarrollo2", "vlan_id": "139", "flag": "d m            ", "port": "28"}, {"mac": "00:50:56:9c:0e:df", "vlan_name": "DMZ_Desarrollo2", "vlan_id": "139", "flag": "d m            ", "port": "28"}, {"mac": "00:50:56:9c:14:0f", "vlan_name": "DMZ_Desarrollo2", "vlan_id": "139", "flag": "d m            ", "port": "28"}, {"mac": "00:50:56:9c:15:0f", "vlan_name": "DMZ_Desarrollo2", "vlan_id": "139", "flag": "d m            ", "port": "28"}, {"mac": "00:50:56:9c:17:8e", "vlan_name": "DMZ_Desarrollo2", "vlan_id": "139", "flag": "d m            ", "port": "28"}, {"mac": "00:50:56:9c:1a:55", "vlan_name": "DMZ_Desarrollo2", "vlan_id": "139", "flag": "d m            ", "port": "28"}, {"mac": "00:50:56:9c:1e:29", "vlan_name": "DMZ_Desarrollo2", "vlan_id": "139", "flag": "d m            ", "port": "28"}, {"mac": "00:50:56:9c:23:48", "vlan_name": "DMZ_Desarrollo2", "vlan_id": "139", "flag": "d m            ", "port": "28"}, {"mac": "00:50:56:9c:2c:0e", "vlan_name": "DMZ_Desarrollo2", "vlan_id": "139", "flag": "d m            ", "port": "28"}, {"mac": "00:50:56:9c:37:1e", "vlan_name": "DMZ_Desarrollo2", "vlan_id": "139", "flag": "d m            ", "port": "28"}, {"mac": "00:50:56:9c:45:6f", "vlan_name": "DMZ_Desarrollo2", "vlan_id": "139", "flag": "d m            ", "port": "28"}, {"mac": "00:50:56:9c:5e:98", "vlan_name": "DMZ_Desarrollo2", "vlan_id": "139", "flag": "d m            ", "port": "28"}, {"mac": "00:50:56:9c:71:f2", "vlan_name": "DMZ_Desarrollo2", "vlan_id": "139", "flag": "d m            ", "port": "28"}, {"mac": "00:50:56:9c:74:a0", "vlan_name": "DMZ_Desarrollo2", "vlan_id": "139", "flag": "d m            ", "port": "28"}, {"mac": "00:50:56:9c:7a:7c", "vlan_name": "DMZ_Desarrollo2", "vlan_id": "139", "flag": "d m            ", "port": "28"}, {"mac": "00:50:56:b3:19:02", "vlan_name": "DMZ_Desarrollo", "vlan_id": "4094", "flag": "d m            ", "port": "28"}, {"mac": "00:50:56:b3:1d:0b", "vlan_name": "DMZ_Desarrollo", "vlan_id": "4094", "flag": "d m            ", "port": "28"}, {"mac": "00:50:56:b3:22:e1", "vlan_name": "DMZ_Desarrollo", "vlan_id": "4094", "flag": "d m            ", "port": "28"}, {"mac": "00:50:56:b3:2a:11", "vlan_name": "DMZ_Desarrollo", "vlan_id": "4094", "flag": "d m            ", "port": "28"}, {"mac": "00:50:56:b3:30:f3", "vlan_name": "DMZ_Desarrollo", "vlan_id": "4094", "flag": "d m            ", "port": "28"}, {"mac": "00:50:56:b3:38:0b", "vlan_name": "DMZ_Desarrollo", "vlan_id": "4094", "flag": "d m            ", "port": "28"}, {"mac": "00:50:56:b3:39:1a", "vlan_name": "DMZ_Desarrollo", "vlan_id": "4094", "flag": "d m            ", "port": "28"}, {"mac": "00:50:56:b3:39:1c", "vlan_name": "DMZ_Desarrollo", "vlan_id": "4094", "flag": "d m            ", "port": "11"}, {"mac": "00:50:56:b3:39:47", "vlan_name": "DMZ_Desarrollo", "vlan_id": "4094", "flag": "d m            ", "port": "11"}, {"mac": "00:50:56:b3:3d:b5", "vlan_name": "DMZ_Desarrollo", "vlan_id": "4094", "flag": "d m            ", "port": "28"}, {"mac": "00:50:56:b3:3d:c2", "vlan_name": "DMZ_Desarrollo", "vlan_id": "4094", "flag": "d m            ", "port": "28"}, {"mac": "00:50:56:b3:49:b2", "vlan_name": "DMZ_Desarrollo", "vlan_id": "4094", "flag": "d m            ", "port": "28"}, {"mac": "00:50:56:b3:52:a7", "vlan_name": "DMZ_Desarrollo", "vlan_id": "4094", "flag": "d m            ", "port": "28"}, {"mac": "00:50:56:b3:58:33", "vlan_name": "DMZ_Desarrollo", "vlan_id": "4094", "flag": "d m            ", "port": "28"}, {"mac": "00:50:56:b3:59:e2", "vlan_name": "DMZ_Desarrollo", "vlan_id": "4094", "flag": "d m            ", "port": "28"}, {"mac": "00:50:56:b3:5f:69", "vlan_name": "DMZ_Desarrollo", "vlan_id": "4094", "flag": "d m            ", "port": "28"}, {"mac": "00:50:56:b3:70:00", "vlan_name": "DMZ_Desarrollo", "vlan_id": "4094", "flag": "d m            ", "port": "28"}, {"mac": "00:50:56:b3:70:fc", "vlan_name": "DMZ_Desarrollo", "vlan_id": "4094", "flag": "d m            ", "port": "28"}, {"mac": "00:50:56:b3:71:b0", "vlan_name": "DMZ_Desarrollo", "vlan_id": "4094", "flag": "d m            ", "port": "28"}, {"mac": "00:50:56:b3:71:d2", "vlan_name": "DMZ_Desarrollo", "vlan_id": "4094", "flag": "d m            ", "port": "28"}, {"mac": "00:50:56:b3:74:97", "vlan_name": "DMZ_Desarrollo", "vlan_id": "4094", "flag": "d m            ", "port": "12"}, {"mac": "00:50:56:b3:7b:31", "vlan_name": "DMZ_Desarrollo", "vlan_id": "4094", "flag": "d m            ", "port": "28"}, {"mac": "14:58:d0:50:f0:96", "vlan_name": "DMZ_Desarrollo2", "vlan_id": "139", "flag": "d m            ", "port": "28"}, {"mac": "34:40:b5:9e:52:00", "vlan_name": "DMZ_Desarrollo", "vlan_id": "4094", "flag": "d m            ", "port": "8"}, {"mac": "40:a8:f0:1f:28:f8", "vlan_name": "DMZ_Desarrollo2", "vlan_id": "139", "flag": "d m            ", "port": "28"}, {"mac": "40:f2:e9:07:b0:c2", "vlan_name": "DMZ_Desarrollo", "vlan_id": "4094", "flag": "d m            ", "port": "15"}, {"mac": "40:f2:e9:07:ba:cb", "vlan_name": "DMZ_Desarrollo", "vlan_id": "4094", "flag": "d m            ", "port": "16"}, {"mac": "40:f2:e9:5c:52:ec", "vlan_name": "DMZ_Desarrollo2", "vlan_id": "139", "flag": "d m            ", "port": "28"}, {"mac": "40:f2:e9:5c:53:60", "vlan_name": "DMZ_Desarrollo2", "vlan_id": "139", "flag": "d m            ", "port": "28"}, {"mac": "40:f2:e9:5c:6c:84", "vlan_name": "DMZ_Desarrollo2", "vlan_id": "139", "flag": "d m            ", "port": "28"}, {"mac": "40:f2:e9:c3:87:40", "vlan_name": "DMZ_Desarrollo2", "vlan_id": "139", "flag": "d m            ", "port": "28"}, {"mac": "5c:f3:fc:05:c9:61", "vlan_name": "DMZ_Desarrollo", "vlan_id": "4094", "flag": "d m            ", "port": "28"}, {"mac": "5c:f3:fc:4b:c1:04", "vlan_name": "DMZ_Desarrollo", "vlan_id": "4094", "flag": "d m            ", "port": "28"}, {"mac": "5c:f3:fc:4b:c6:74", "vlan_name": "DMZ_Desarrollo", "vlan_id": "4094", "flag": "d m            ", "port": "28"}, {"mac": "5c:f3:fc:e2:25:50", "vlan_name": "DMZ_Desarrollo", "vlan_id": "4094", "flag": "d m            ", "port": "2"}, {"mac": "6c:ae:8b:34:db:a8", "vlan_name": "DMZ_Desarrollo2", "vlan_id": "139", "flag": "d m            ", "port": "28"}, {"mac": "6c:ae:8b:53:bf:1b", "vlan_name": "DMZ_Desarrollo2", "vlan_id": "139", "flag": "d m            ", "port": "28"}, {"mac": "a8:97:dc:90:69:2b", "vlan_name": "DMZ_Desarrollo2", "vlan_id": "139", "flag": "d m            ", "port": "28"}, {"mac": "b4:0c:25:ef:40:11", "vlan_name": "DMZ_Desarrollo", "vlan_id": "4094", "flag": "d m            ", "port": "28"}, {"mac": "d8:d3:85:e2:00:cc", "vlan_name": "DMZ_Desarrollo", "vlan_id": "4094", "flag": "d m            ", "port": "28"}, {"mac": "e0:4f:43:06:22:1c", "vlan_name": "DMZ_Desarrollo2", "vlan_id": "139", "flag": "d m            ", "port": "28"}, {"mac": "e4:1f:13:bb:3a:ec", "vlan_name": "DMZ_Desarrollo", "vlan_id": "4094", "flag": "d m            ", "port": "1"}]