[{"port": "Port", "neighbor": "Neighbor", "neighbor_id": "Neighbor-ID", "remote_port": "Remote", "num_vlans": "Num"}, {"port": "20", "neighbor": "LV_RO13_PDI_02", "neighbor_id": "00:00:00:04:96:83:97:62", "remote_port": "1:20", "num_vlans": "2"}, {"port": "24", "neighbor": "LV_RG14C_RESP_05", "neighbor_id": "00:00:00:04:96:52:23:1f", "remote_port": "1:24", "num_vlans": "2"}, {"port": "27", "neighbor": "LV_RL29C_RESP_01", "neighbor_id": "00:00:00:04:96:36:64:8c", "remote_port": "1:21", "num_vlans": "2"}]