[{"local_port": "2", "neighbor_port_id": "\"TenGigabitEthernet", "neighbor_system_name": "\"LV_RO12_DELL_T1_LAN_CHASIS_51\""}, {"local_port": "2", "neighbor_port_id": "\"TenGigabitEthernet", "neighbor_system_name": "\"LV_RO06_DELL_T1_LAN1_CHASIS_55\""}, {"local_port": "2", "neighbor_port_id": "\"Eth1/1\"", "neighbor_system_name": "\"DCC-RBL33-LEAF-104.falabella.cl\""}, {"local_port": "3", "neighbor_port_id": "\"43\"", "neighbor_system_name": "\""}, {"local_port": "3", "neighbor_port_id": "\"Ten-GigabitEthernet1/0/24\"", "neighbor_system_name": "\"LV_RL32F_Internet-Entel_Corp\""}, {"local_port": "3", "neighbor_port_id": "\"43\"", "neighbor_system_name": "\""}, {"local_port": "3", "neighbor_port_id": "\"TenGigabitEthernet", "neighbor_system_name": "\"LV_RQ33_DELL_T2_LAN\""}, {"local_port": "4", "neighbor_port_id": "\"4:2\"", "neighbor_system_name": "\"LV_RL27_CORE_01\""}, {"local_port": "4", "neighbor_port_id": "\"Eth2/35\"", "neighbor_system_name": "\"LV-RE22-N7K-02-AGG\""}, {"local_port": "4", "neighbor_port_id": "\"X2\"", "neighbor_system_name": "\"VCEX3C4435003K"}, {"local_port": "4", "neighbor_port_id": "\"X1\"", "neighbor_system_name": "\"VCEX3C411200LS"}, {"local_port": "7", "neighbor_port_id": "\"7:2\"", "neighbor_system_name": "\"LV_RL27_CORE_01\""}, {"local_port": "7", "neighbor_port_id": "\"X3\"", "neighbor_system_name": "\"VCEFX3C4317005V"}, {"local_port": "7", "neighbor_port_id": "\"X3\"", "neighbor_system_name": "\"VCEFX3C4317009X"}, {"local_port": "8", "neighbor_port_id": "\"X1\"", "neighbor_system_name": "\"VCEFX3C4328016M"}, {"local_port": "8", "neighbor_port_id": "\"43\"", "neighbor_system_name": "\""}, {"local_port": "8", "neighbor_port_id": "\"43\"", "neighbor_system_name": "\""}, {"local_port": "8", "neighbor_port_id": "\"43\"", "neighbor_system_name": "\""}, {"local_port": "8", "neighbor_port_id": "\"43\"", "neighbor_system_name": "\""}, {"local_port": "8", "neighbor_port_id": "\"43\"", "neighbor_system_name": "\""}]