[{"vlan_name": "A7_BF-PE", "vlan_id": "160"}, {"vlan_name": "A7_CMR-CL", "vlan_id": "161"}, {"vlan_name": "Adm_Virt_Center", "vlan_id": "146"}, {"vlan_name": "Adm_Virt_Center_145", "vlan_id": "145"}, {"vlan_name": "Aplicacion-CL-DCC", "vlan_id": "2238"}, {"vlan_name": "Autoriza7-CMR-CL", "vlan_id": "614"}, {"vlan_name": "Balanceadores-Nortel", "vlan_id": "107"}, {"vlan_name": "Balanceo_CB_CL", "vlan_id": "499"}, {"vlan_name": "Balanceo_CB_CO", "vlan_id": "497"}, {"vlan_name": "Balanceo_DNS", "vlan_id": "5"}, {"vlan_name": "BalIntCDLV_vlanExt", "vlan_id": "3411"}, {"vlan_name": "BalIntCI_vlanExt", "vlan_id": "780"}, {"vlan_name": "BalIntCI_vlanInt", "vlan_id": "781"}, {"vlan_name": "BaseDeDatos-CL-DCC", "vlan_id": "2239"}, {"vlan_name": "CDLV-to-Cientec", "vlan_id": "2117"}, {"vlan_name": "CDLV-To-Pana_CL_R", "vlan_id": "667"}, {"vlan_name": "CDLV-To-Pana_COL_R", "vlan_id": "664"}, {"vlan_name": "CDLV_InterSW", "vlan_id": "2121"}, {"vlan_name": "Citrix_servers", "vlan_id": "116"}, {"vlan_name": "Citrix_servers_cientec", "vlan_id": "118"}, {"vlan_name": "Cluster-FWNokia", "vlan_id": "11"}, {"vlan_name": "Consola_SAT_AR", "vlan_id": "902"}, {"vlan_name": "DCC-To-CDLV_PDI", "vlan_id": "673"}, {"vlan_name": "DCC-To-CDLV_Respaldo", "vlan_id": "675"}, {"vlan_name": "Default", "vlan_id": "1"}, {"vlan_name": "DMZ_Desa_Atalla", "vlan_id": "177"}, {"vlan_name": "DMZ_Desarrollo", "vlan_id": "142"}, {"vlan_name": "DMZ_Desarrollo2", "vlan_id": "139"}, {"vlan_name": "DMZ_Desarrollo3", "vlan_id": "143"}, {"vlan_name": "EXT_Balanceo_CB_CL", "vlan_id": "3339"}, {"vlan_name": "EXT_Balanceo_CB_CO", "vlan_id": "3341"}, {"vlan_name": "FALA_CTRL_4", "vlan_id": "3004"}, {"vlan_name": "FALA_CTRL_TEMPORAL", "vlan_id": "3017"}, {"vlan_name": "FW_ACI_LV_CB_Inside", "vlan_id": "1705"}, {"vlan_name": "FW_VPN_BANCO", "vlan_id": "305"}, {"vlan_name": "FwProveedores_Internet", "vlan_id": "721"}, {"vlan_name": "GoGoNoGo_PCI_CDLV", "vlan_id": "1717"}, {"vlan_name": "GW_Oracle", "vlan_id": "813"}, {"vlan_name": "HA-Int1_FWClusterPaises", "vlan_id": "1857"}, {"vlan_name": "HA-Int2_FWClusterPaises", "vlan_id": "1858"}, {"vlan_name": "HA1-B_FW-PAN", "vlan_id": "180"}, {"vlan_name": "HA2-B_FW-PAN", "vlan_id": "181"}, {"vlan_name": "Inter-SW_Banco", "vlan_id": "2409"}, {"vlan_name": "Inter-SW_PDI", "vlan_id": "2309"}, {"vlan_name": "Inter-SW_Respaldo", "vlan_id": "2209"}, {"vlan_name": "L3-LV-N7K-02AGG", "vlan_id": "690"}, {"vlan_name": "L3-LV-N7K-02AGG_PDI", "vlan_id": "573"}, {"vlan_name": "Local_servers_Cientec", "vlan_id": "106"}, {"vlan_name": "Local_servers_Rosas", "vlan_id": "110"}, {"vlan_name": "loop_id", "vlan_id": "4084"}, {"vlan_name": "loop_id_Banco", "vlan_id": "4043"}, {"vlan_name": "loop_id_PDI", "vlan_id": "4048"}, {"vlan_name": "loop_id_Respaldo", "vlan_id": "4059"}, {"vlan_name": "LV_CI_Banco", "vlan_id": "2400"}, {"vlan_name": "LV_CI_Paso", "vlan_id": "2100"}, {"vlan_name": "LV_CI_PDI", "vlan_id": "2300"}, {"vlan_name": "LV_CI_Respaldo", "vlan_id": "2200"}, {"vlan_name": "LV_DCP_Paso2", "vlan_id": "2114"}, {"vlan_name": "LV_STOR1", "vlan_id": "4083"}, {"vlan_name": "Malasia", "vlan_id": "133"}, {"vlan_name": "Mgmt", "vlan_id": "4095"}, {"vlan_name": "Microblend", "vlan_id": "333"}, {"vlan_name": "Navegacion_LAN_Interna", "vlan_id": "1648"}, {"vlan_name": "NetApp_2098", "vlan_id": "2098"}, {"vlan_name": "New-Servidores", "vlan_id": "104"}, {"vlan_name": "Nutanix_R", "vlan_id": "4004"}, {"vlan_name": "ODS_TDS_SAT_AR", "vlan_id": "905"}, {"vlan_name": "OLD_DMZ_DESA", "vlan_id": "3540"}, {"vlan_name": "Omni-Adm-EoIB", "vlan_id": "740"}, {"vlan_name": "Omni-Adm-Exalogic-Exadata", "vlan_id": "700"}, {"vlan_name": "Omni-Exadata-BF-CL", "vlan_id": "705"}, {"vlan_name": "Omni-Exadata-BF-COL", "vlan_id": "703"}, {"vlan_name": "Omni-Exadata-BF-PE", "vlan_id": "704"}, {"vlan_name": "Omni-Exadata-CMR-AR", "vlan_id": "702"}, {"vlan_name": "Omni-Exadata-CMR-CL", "vlan_id": "701"}, {"vlan_name": "Omni-Exadata-homologacion", "vlan_id": "706"}, {"vlan_name": "Omni-Exalogic-BF-CL", "vlan_id": "735"}, {"vlan_name": "Omni-Exalogic-BF-COL", "vlan_id": "733"}, {"vlan_name": "Omni-Exalogic-BF-PE", "vlan_id": "734"}, {"vlan_name": "Omni-Exalogic-CMR-AR", "vlan_id": "732"}, {"vlan_name": "Omni-Exalogic-CMR-CL", "vlan_id": "731"}, {"vlan_name": "Omni-Exalogic-homologacion", "vlan_id": "736"}, {"vlan_name": "Omni-F5-LB-Outside", "vlan_id": "625"}, {"vlan_name": "Omni-OEM", "vlan_id": "709"}, {"vlan_name": "PDI", "vlan_id": "3968"}, {"vlan_name": "PDI2", "vlan_id": "132"}, {"vlan_name": "PDI_Desarrollo", "vlan_id": "136"}, {"vlan_name": "PDI_SOD_AR_ACI", "vlan_id": "2160"}, {"vlan_name": "Proveedores_3", "vlan_id": "77"}, {"vlan_name": "Proveedores_Externos", "vlan_id": "1636"}, {"vlan_name": "Proveedores_Externos2", "vlan_id": "203"}, {"vlan_name": "red_de_paso", "vlan_id": "3737"}, {"vlan_name": "Respaldos", "vlan_id": "1822"}, {"vlan_name": "RUTEO_CORE", "vlan_id": "109"}, {"vlan_name": "Sala_Equipos", "vlan_id": "108"}, {"vlan_name": "Satif_Peru", "vlan_id": "640"}, {"vlan_name": "ser_balanceados", "vlan_id": "98"}, {"vlan_name": "Ser_Balanceados2", "vlan_id": "99"}, {"vlan_name": "Serv_CoreBF_CL", "vlan_id": "498"}, {"vlan_name": "Serv_Extendida", "vlan_id": "202"}, {"vlan_name": "servidores2_CDLV", "vlan_id": "113"}, {"vlan_name": "Servidores_BalInt", "vlan_id": "3400"}, {"vlan_name": "SERVIDORES_CB_CO", "vlan_id": "496"}, {"vlan_name": "servidores_CDLV", "vlan_id": "105"}, {"vlan_name": "Servidores_Cientec", "vlan_id": "102"}, {"vlan_name": "Servidores_CMR_MX", "vlan_id": "1651"}, {"vlan_name": "Servidores_DAG", "vlan_id": "131"}, {"vlan_name": "Servidores_LoEspejo", "vlan_id": "101"}, {"vlan_name": "Servidores_Rosas", "vlan_id": "100"}, {"vlan_name": "Servidores_Satif", "vlan_id": "631"}, {"vlan_name": "SOD_AR_ACI", "vlan_id": "2148"}, {"vlan_name": "Sodimac", "vlan_id": "451"}, {"vlan_name": "Stress-open2", "vlan_id": "600"}, {"vlan_name": "SW_CoreBanc_1_R", "vlan_id": "4041"}, {"vlan_name": "SW_Internet_Corp_R", "vlan_id": "4031"}, {"vlan_name": "SW_PDI_1_R", "vlan_id": "4050"}, {"vlan_name": "SW_Respaldo_1_R", "vlan_id": "4056"}, {"vlan_name": "SW_Servicio_1_R", "vlan_id": "4085"}, {"vlan_name": "SW_Servicio_2_R", "vlan_id": "4063"}, {"vlan_name": "SW_Servicio_3_R", "vlan_id": "4040"}, {"vlan_name": "Synapsis", "vlan_id": "1041"}, {"vlan_name": "Synapsis_BalanceoSrv", "vlan_id": "1048"}, {"vlan_name": "Synapsis_BalanceoVip", "vlan_id": "1047"}, {"vlan_name": "Synapsis_Desa_Serv", "vlan_id": "1049"}, {"vlan_name": "Synapsis_Desa_Serv2", "vlan_id": "1050"}, {"vlan_name": "Synapsis_Mgmt", "vlan_id": "1052"}, {"vlan_name": "telefonia_fase3", "vlan_id": "4067"}, {"vlan_name": "test_enlace", "vlan_id": "3930"}, {"vlan_name": "UV-HSM-Inside", "vlan_id": "1602"}, {"vlan_name": "VIP_Balanceadas", "vlan_id": "500"}, {"vlan_name": "VIP_OMS_Fa_Cl", "vlan_id": "501"}, {"vlan_name": "VLAN_DMZ_WEB_LO_ESPEJO", "vlan_id": "784"}, {"vlan_name": "Vmotion_VMWare", "vlan_id": "149"}, {"vlan_name": "WController_CD-SanBernardo", "vlan_id": "1655"}, {"vlan_name": "Wireless_Controller", "vlan_id": "141"}, {"vlan_name": "WLC_HA", "vlan_id": "201"}, {"vlan_name": "WMOS_ServidoresApp", "vlan_id": "95"}, {"vlan_name": "WMOS_ServidoresWeb", "vlan_id": "96"}]