[{"port": "2:3", "neighbor": "LV_RD14_STACK_08", "neighbor_id": "00:00:02:04:96:97:82:bc", "remote_port": "4:25", "num_vlans": "3"}, {"port": "2:8", "neighbor": "DCP_TELECO2_INTER_02", "neighbor_id": "00:00:00:04:96:9a:73:d6", "remote_port": "1:1", "num_vlans": "55"}, {"port": "3:1", "neighbor": "LV_RL29C_SERVICIOS_01", "neighbor_id": "00:00:00:04:96:97:d3:3d", "remote_port": "1:23", "num_vlans": "3"}, {"port": "3:5", "neighbor": "LV_RO07F_STACK_VPLEX", "neighbor_id": "00:00:02:04:96:97:ca:f7", "remote_port": "2:3", "num_vlans": "1"}, {"port": "4:2", "neighbor": "LV_RL27_CORE_01", "neighbor_id": "00:00:00:04:96:43:e3:10", "remote_port": "4:2", "num_vlans": "100"}, {"port": "5:2", "neighbor": "LV_RL27C_BALANCEO_01", "neighbor_id": "00:00:00:04:96:37:1d:f6", "remote_port": "1:23", "num_vlans": "5"}, {"port": "5:3", "neighbor": "LV_RL29C_RESP_01", "neighbor_id": "00:00:00:04:96:36:64:8c", "remote_port": "1:24", "num_vlans": "1"}, {"port": "5:4", "neighbor": "LV_RO27C_NETAPP_01", "neighbor_id": "00:00:00:04:96:36:c1:02", "remote_port": "1:23", "num_vlans": "1"}, {"port": "5:5", "neighbor": "CDLV_RD27_ToIP.2_Fase3", "neighbor_id": "00:00:00:04:96:51:89:65", "remote_port": "1:23", "num_vlans": "1"}, {"port": "5:7", "neighbor": "LV_RL13C_SERVICIOS_02", "neighbor_id": "00:00:00:04:96:52:18:27", "remote_port": "1:28", "num_vlans": "1"}, {"port": "7:2", "neighbor": "LV_RL27_CORE_01", "neighbor_id": "00:00:00:04:96:43:e3:10", "remote_port": "7:2", "num_vlans": "100"}, {"port": "7:5", "neighbor": "LV_RG31C_PDI_01", "neighbor_id": "00:00:02:04:96:7e:30:be", "remote_port": "2:29", "num_vlans": "2"}, {"port": "7:6", "neighbor": "LE_R12F_CORE_02", "neighbor_id": "00:00:00:01:30:10:38:59", "remote_port": "1:22", "num_vlans": "1"}, {"port": "8:2", "neighbor": "LV_RM35C_STACK_CoreBanca", "neighbor_id": "00:00:02:04:96:97:87:17", "remote_port": "2:29", "num_vlans": "9"}, {"port": "8:5", "neighbor": "LV_RD35F_SERVICIOS_03", "neighbor_id": "00:00:00:04:96:7d:f8:91", "remote_port": "1:26", "num_vlans": "22"}]