[{"vlan_name": "Anillo_CTRL", "vlan_id": "600"}, {"vlan_name": "Default", "vlan_id": "1"}, {"vlan_name": "Enlace_a_GmoMann_P", "vlan_id": "4078"}, {"vlan_name": "FW_FA_Movil_P", "vlan_id": "4077"}, {"vlan_name": "FW_Ppal", "vlan_id": "4080"}, {"vlan_name": "InterSwitch", "vlan_id": "4079"}, {"vlan_name": "InterSwitch_2", "vlan_id": "2001"}, {"vlan_name": "Loop_ID", "vlan_id": "4075"}, {"vlan_name": "Mgmt", "vlan_id": "4095"}, {"vlan_name": "vid500", "vlan_id": "500"}, {"vlan_name": "vid501", "vlan_id": "501"}, {"vlan_name": "vid502", "vlan_id": "502"}, {"vlan_name": "vid503", "vlan_id": "503"}, {"vlan_name": "vid504", "vlan_id": "504"}, {"vlan_name": "vid505", "vlan_id": "505"}, {"vlan_name": "vid506", "vlan_id": "506"}, {"vlan_name": "vid507", "vlan_id": "507"}, {"vlan_name": "vid508", "vlan_id": "508"}, {"vlan_name": "vid509", "vlan_id": "509"}, {"vlan_name": "vid512", "vlan_id": "512"}, {"vlan_name": "vid513", "vlan_id": "513"}, {"vlan_name": "vid514", "vlan_id": "514"}, {"vlan_name": "Vmotion", "vlan_id": "4072"}]