[{"mac": "00:04:96:36:c0:8e", "vlan_name": "DMZ_Desarrollo", "vlan_id": "4093", "flag": "d m            ", "port": "1"}, {"mac": "00:04:96:36:c0:8e", "vlan_name": "DMZ_Desarrollo2", "vlan_id": "139", "flag": "d m            ", "port": "1"}, {"mac": "00:04:96:36:c0:8e", "vlan_name": "DMZ_Desarrollo3", "vlan_id": "143", "flag": "d m            ", "port": "1"}, {"mac": "00:04:96:37:1f:67", "vlan_name": "DMZ_Desarrollo", "vlan_id": "4093", "flag": "d m            ", "port": "1"}, {"mac": "00:04:96:37:1f:67", "vlan_name": "DMZ_Desarrollo2", "vlan_id": "139", "flag": "d m            ", "port": "1"}, {"mac": "00:04:96:37:1f:67", "vlan_name": "DMZ_Desarrollo3", "vlan_id": "143", "flag": "d m            ", "port": "1"}, {"mac": "00:04:96:37:1f:67", "vlan_name": "NETEZZA", "vlan_id": "1100", "flag": "d m            ", "port": "1"}, {"mac": "00:04:96:37:1f:67", "vlan_name": "DMZ_POC_IVR", "vlan_id": "1803", "flag": "d m            ", "port": "1"}, {"mac": "00:04:96:52:18:95", "vlan_name": "DMZ_Desarrollo", "vlan_id": "4093", "flag": "d m            ", "port": "1"}, {"mac": "00:04:96:8b:8f:d6", "vlan_name": "DMZ_Desarrollo", "vlan_id": "4093", "flag": "d m            ", "port": "1"}, {"mac": "00:04:96:8b:8f:d6", "vlan_name": "DMZ_Desarrollo2", "vlan_id": "139", "flag": "d m            ", "port": "1"}, {"mac": "00:04:96:8b:8f:d6", "vlan_name": "DMZ_Desarrollo3", "vlan_id": "143", "flag": "d m            ", "port": "1"}, {"mac": "00:04:96:8b:f1:cc", "vlan_name": "DMZ_Desarrollo", "vlan_id": "4093", "flag": "d m            ", "port": "25"}, {"mac": "00:04:96:8b:f1:cc", "vlan_name": "DMZ_Desarrollo2", "vlan_id": "139", "flag": "d m            ", "port": "25"}, {"mac": "00:04:96:8b:f1:cc", "vlan_name": "DMZ_Desarrollo3", "vlan_id": "143", "flag": "d m            ", "port": "25"}, {"mac": "00:04:96:8b:f1:cc", "vlan_name": "NETEZZA", "vlan_id": "1100", "flag": "d m            ", "port": "25"}, {"mac": "00:04:96:99:1c:47", "vlan_name": "DMZ_Desarrollo3", "vlan_id": "143", "flag": "d m            ", "port": "1"}, {"mac": "00:0e:1e:93:6c:21", "vlan_name": "DMZ_Desarrollo3", "vlan_id": "143", "flag": "d m            ", "port": "25"}, {"mac": "00:0e:1e:93:6c:23", "vlan_name": "DMZ_Desarrollo3", "vlan_id": "143", "flag": "d m            ", "port": "25"}, {"mac": "00:0e:1e:93:6c:24", "vlan_name": "DMZ_Desarrollo3", "vlan_id": "143", "flag": "d m            ", "port": "25"}, {"mac": "00:0e:1e:93:6c:25", "vlan_name": "DMZ_Desarrollo3", "vlan_id": "143", "flag": "d m            ", "port": "25"}, {"mac": "00:14:5e:c6:2b:b0", "vlan_name": "DMZ_Desarrollo", "vlan_id": "4093", "flag": "d m            ", "port": "22"}, {"mac": "00:14:5e:c7:7e:2c", "vlan_name": "DMZ_Desarrollo3", "vlan_id": "143", "flag": "d m            ", "port": "25"}, {"mac": "00:14:5e:e8:95:d5", "vlan_name": "DMZ_Desarrollo3", "vlan_id": "143", "flag": "d m            ", "port": "25"}, {"mac": "00:15:5d:64:03:21", "vlan_name": "DMZ_Desarrollo", "vlan_id": "4093", "flag": "d m            ", "port": "9"}, {"mac": "00:15:5d:64:03:6d", "vlan_name": "DMZ_Desarrollo", "vlan_id": "4093", "flag": "d m            ", "port": "9"}, {"mac": "00:25:03:d4:d1:00", "vlan_name": "DMZ_Desarrollo", "vlan_id": "4093", "flag": "d m            ", "port": "1"}, {"mac": "00:50:56:90:00:08", "vlan_name": "DMZ_Desarrollo", "vlan_id": "4093", "flag": "d m            ", "port": "15"}, {"mac": "00:50:56:90:00:09", "vlan_name": "DMZ_Desarrollo", "vlan_id": "4093", "flag": "d m            ", "port": "15"}, {"mac": "00:50:56:90:00:0c", "vlan_name": "DMZ_Desarrollo", "vlan_id": "4093", "flag": "d m            ", "port": "15"}, {"mac": "00:50:56:90:00:10", "vlan_name": "DMZ_Desarrollo", "vlan_id": "4093", "flag": "d m            ", "port": "15"}, {"mac": "00:50:56:90:00:11", "vlan_name": "DMZ_Desarrollo", "vlan_id": "4093", "flag": "d m            ", "port": "15"}, {"mac": "00:50:56:90:00:12", "vlan_name": "DMZ_Desarrollo", "vlan_id": "4093", "flag": "d m            ", "port": "15"}, {"mac": "00:50:56:90:00:13", "vlan_name": "DMZ_Desarrollo", "vlan_id": "4093", "flag": "d m            ", "port": "15"}, {"mac": "00:50:56:90:00:15", "vlan_name": "DMZ_Desarrollo", "vlan_id": "4093", "flag": "d m            ", "port": "15"}, {"mac": "00:50:56:90:00:1a", "vlan_name": "DMZ_Desarrollo", "vlan_id": "4093", "flag": "d m            ", "port": "15"}, {"mac": "00:50:56:90:00:1b", "vlan_name": "DMZ_Desarrollo", "vlan_id": "4093", "flag": "d m            ", "port": "15"}, {"mac": "00:50:56:90:00:1c", "vlan_name": "DMZ_Desarrollo", "vlan_id": "4093", "flag": "d m            ", "port": "15"}, {"mac": "00:50:56:90:1a:64", "vlan_name": "DMZ_Desarrollo", "vlan_id": "4093", "flag": "d m            ", "port": "1"}, {"mac": "00:50:56:90:1a:65", "vlan_name": "DMZ_Desarrollo2", "vlan_id": "139", "flag": "d m            ", "port": "1"}, {"mac": "00:50:56:90:1d:1b", "vlan_name": "DMZ_Desarrollo2", "vlan_id": "139", "flag": "d m            ", "port": "1"}, {"mac": "00:50:56:90:20:a3", "vlan_name": "DMZ_Desarrollo2", "vlan_id": "139", "flag": "d m            ", "port": "1"}, {"mac": "00:50:56:90:20:a8", "vlan_name": "DMZ_Desarrollo2", "vlan_id": "139", "flag": "d m            ", "port": "1"}, {"mac": "00:50:56:90:20:d2", "vlan_name": "DMZ_Desarrollo2", "vlan_id": "139", "flag": "d m            ", "port": "1"}, {"mac": "00:50:56:90:38:03", "vlan_name": "DMZ_Desarrollo", "vlan_id": "4093", "flag": "d m            ", "port": "1"}, {"mac": "00:50:56:90:40:da", "vlan_name": "DMZ_Desarrollo", "vlan_id": "4093", "flag": "d m            ", "port": "1"}, {"mac": "00:50:56:90:41:01", "vlan_name": "DMZ_Desarrollo2", "vlan_id": "139", "flag": "d m            ", "port": "1"}, {"mac": "00:50:56:90:61:13", "vlan_name": "DMZ_Desarrollo", "vlan_id": "4093", "flag": "d m            ", "port": "1"}, {"mac": "00:50:56:90:6d:b3", "vlan_name": "DMZ_Desarrollo", "vlan_id": "4093", "flag": "d m            ", "port": "1"}, {"mac": "00:50:56:90:6d:c8", "vlan_name": "DMZ_Desarrollo", "vlan_id": "4093", "flag": "d m            ", "port": "1"}, {"mac": "00:50:56:90:6d:d9", "vlan_name": "DMZ_Desarrollo", "vlan_id": "4093", "flag": "d m            ", "port": "1"}, {"mac": "00:50:56:90:70:77", "vlan_name": "DMZ_Desarrollo", "vlan_id": "4093", "flag": "d m            ", "port": "1"}, {"mac": "00:50:56:90:7e:e1", "vlan_name": "DMZ_Desarrollo", "vlan_id": "4093", "flag": "d m            ", "port": "1"}, {"mac": "00:50:56:9c:06:d0", "vlan_name": "DMZ_Desarrollo3", "vlan_id": "143", "flag": "d m            ", "port": "1"}, {"mac": "00:50:56:9c:0b:7b", "vlan_name": "DMZ_Desarrollo2", "vlan_id": "139", "flag": "d m            ", "port": "1"}, {"mac": "00:50:56:9c:0c:78", "vlan_name": "DMZ_Desarrollo3", "vlan_id": "143", "flag": "d m            ", "port": "1"}, {"mac": "00:50:56:9c:0e:51", "vlan_name": "DMZ_Desarrollo2", "vlan_id": "139", "flag": "d m            ", "port": "1"}, {"mac": "00:50:56:9c:0e:df", "vlan_name": "DMZ_Desarrollo2", "vlan_id": "139", "flag": "d m            ", "port": "1"}, {"mac": "00:50:56:9c:0f:34", "vlan_name": "DMZ_Desarrollo2", "vlan_id": "139", "flag": "d m            ", "port": "1"}, {"mac": "00:50:56:9c:0f:de", "vlan_name": "DMZ_Desarrollo3", "vlan_id": "143", "flag": "d m            ", "port": "1"}, {"mac": "00:50:56:9c:14:0f", "vlan_name": "DMZ_Desarrollo2", "vlan_id": "139", "flag": "d m            ", "port": "1"}, {"mac": "00:50:56:9c:15:0f", "vlan_name": "DMZ_Desarrollo2", "vlan_id": "139", "flag": "d m            ", "port": "1"}, {"mac": "00:50:56:9c:17:8e", "vlan_name": "DMZ_Desarrollo2", "vlan_id": "139", "flag": "d m            ", "port": "1"}, {"mac": "00:50:56:9c:1a:55", "vlan_name": "DMZ_Desarrollo2", "vlan_id": "139", "flag": "d m            ", "port": "1"}, {"mac": "00:50:56:9c:1d:63", "vlan_name": "DMZ_Desarrollo3", "vlan_id": "143", "flag": "d m            ", "port": "1"}, {"mac": "00:50:56:9c:1e:29", "vlan_name": "DMZ_Desarrollo2", "vlan_id": "139", "flag": "d m            ", "port": "1"}, {"mac": "00:50:56:9c:22:d2", "vlan_name": "DMZ_Desarrollo3", "vlan_id": "143", "flag": "d m            ", "port": "1"}, {"mac": "00:50:56:9c:23:48", "vlan_name": "DMZ_Desarrollo2", "vlan_id": "139", "flag": "d m            ", "port": "1"}, {"mac": "00:50:56:9c:25:83", "vlan_name": "DMZ_Desarrollo2", "vlan_id": "139", "flag": "d m            ", "port": "1"}, {"mac": "00:50:56:9c:27:83", "vlan_name": "DMZ_Desarrollo3", "vlan_id": "143", "flag": "d m            ", "port": "1"}, {"mac": "00:50:56:9c:2b:83", "vlan_name": "DMZ_Desarrollo3", "vlan_id": "143", "flag": "d m            ", "port": "1"}, {"mac": "00:50:56:9c:2c:0e", "vlan_name": "DMZ_Desarrollo2", "vlan_id": "139", "flag": "d m            ", "port": "1"}, {"mac": "00:50:56:9c:37:1e", "vlan_name": "DMZ_Desarrollo2", "vlan_id": "139", "flag": "d m            ", "port": "1"}, {"mac": "00:50:56:9c:38:99", "vlan_name": "DMZ_Desarrollo3", "vlan_id": "143", "flag": "d m            ", "port": "1"}, {"mac": "00:50:56:9c:45:6f", "vlan_name": "DMZ_Desarrollo2", "vlan_id": "139", "flag": "d m            ", "port": "1"}, {"mac": "00:50:56:9c:47:5e", "vlan_name": "DMZ_Desarrollo2", "vlan_id": "139", "flag": "d m            ", "port": "1"}, {"mac": "00:50:56:9c:56:9f", "vlan_name": "DMZ_Desarrollo2", "vlan_id": "139", "flag": "d m            ", "port": "1"}, {"mac": "00:50:56:9c:5e:98", "vlan_name": "DMZ_Desarrollo2", "vlan_id": "139", "flag": "d m            ", "port": "1"}, {"mac": "00:50:56:9c:64:0b", "vlan_name": "DMZ_Desarrollo3", "vlan_id": "143", "flag": "d m            ", "port": "1"}, {"mac": "00:50:56:9c:6b:db", "vlan_name": "DMZ_Desarrollo3", "vlan_id": "143", "flag": "d m            ", "port": "1"}, {"mac": "00:50:56:9c:71:f2", "vlan_name": "DMZ_Desarrollo2", "vlan_id": "139", "flag": "d m            ", "port": "1"}, {"mac": "00:50:56:9c:74:a0", "vlan_name": "DMZ_Desarrollo2", "vlan_id": "139", "flag": "d m            ", "port": "1"}, {"mac": "00:50:56:9c:75:ce", "vlan_name": "DMZ_Desarrollo2", "vlan_id": "139", "flag": "d m            ", "port": "1"}, {"mac": "00:50:56:9c:7a:7c", "vlan_name": "DMZ_Desarrollo2", "vlan_id": "139", "flag": "d m            ", "port": "1"}, {"mac": "00:50:56:9c:7b:13", "vlan_name": "DMZ_Desarrollo3", "vlan_id": "143", "flag": "d m            ", "port": "1"}, {"mac": "00:50:56:b3:07:7f", "vlan_name": "DMZ_Desarrollo", "vlan_id": "4093", "flag": "d m            ", "port": "1"}, {"mac": "00:50:56:b3:22:e1", "vlan_name": "DMZ_Desarrollo", "vlan_id": "4093", "flag": "d m            ", "port": "1"}, {"mac": "00:50:56:b3:2a:11", "vlan_name": "DMZ_Desarrollo", "vlan_id": "4093", "flag": "d m            ", "port": "1"}, {"mac": "00:50:56:b3:30:f3", "vlan_name": "DMZ_Desarrollo", "vlan_id": "4093", "flag": "d m            ", "port": "1"}, {"mac": "00:50:56:b3:39:1a", "vlan_name": "DMZ_Desarrollo", "vlan_id": "4093", "flag": "d m            ", "port": "1"}, {"mac": "00:50:56:b3:3d:b5", "vlan_name": "DMZ_Desarrollo", "vlan_id": "4093", "flag": "d m            ", "port": "1"}, {"mac": "00:50:56:b3:3d:c2", "vlan_name": "DMZ_Desarrollo", "vlan_id": "4093", "flag": "d m            ", "port": "1"}, {"mac": "00:50:56:b3:49:b2", "vlan_name": "DMZ_Desarrollo", "vlan_id": "4093", "flag": "d m            ", "port": "1"}, {"mac": "00:50:56:b3:52:a7", "vlan_name": "DMZ_Desarrollo", "vlan_id": "4093", "flag": "d m            ", "port": "1"}, {"mac": "00:50:56:b3:58:33", "vlan_name": "DMZ_Desarrollo", "vlan_id": "4093", "flag": "d m            ", "port": "1"}, {"mac": "00:50:56:b3:59:e2", "vlan_name": "DMZ_Desarrollo", "vlan_id": "4093", "flag": "d m            ", "port": "1"}, {"mac": "00:50:56:b3:5f:69", "vlan_name": "DMZ_Desarrollo", "vlan_id": "4093", "flag": "d m            ", "port": "1"}, {"mac": "00:50:56:b3:70:00", "vlan_name": "DMZ_Desarrollo", "vlan_id": "4093", "flag": "d m            ", "port": "1"}, {"mac": "00:50:56:b3:70:fc", "vlan_name": "DMZ_Desarrollo", "vlan_id": "4093", "flag": "d m            ", "port": "1"}, {"mac": "00:50:56:b3:71:b0", "vlan_name": "DMZ_Desarrollo", "vlan_id": "4093", "flag": "d m            ", "port": "1"}, {"mac": "00:50:56:b3:71:d2", "vlan_name": "DMZ_Desarrollo", "vlan_id": "4093", "flag": "d m            ", "port": "1"}, {"mac": "00:50:56:b3:7b:31", "vlan_name": "DMZ_Desarrollo", "vlan_id": "4093", "flag": "d m            ", "port": "1"}, {"mac": "10:98:36:98:0e:d1", "vlan_name": "DMZ_Desarrollo3", "vlan_id": "143", "flag": "d m            ", "port": "25"}, {"mac": "10:98:36:98:0e:eb", "vlan_name": "DMZ_Desarrollo3", "vlan_id": "143", "flag": "d m            ", "port": "25"}, {"mac": "10:98:36:98:0f:05", "vlan_name": "DMZ_Desarrollo3", "vlan_id": "143", "flag": "d m            ", "port": "25"}, {"mac": "10:98:36:98:0f:12", "vlan_name": "DMZ_Desarrollo3", "vlan_id": "143", "flag": "d m            ", "port": "25"}, {"mac": "10:98:36:98:0f:3c", "vlan_name": "DMZ_Desarrollo3", "vlan_id": "143", "flag": "d m            ", "port": "25"}, {"mac": "10:98:36:98:0f:94", "vlan_name": "DMZ_Desarrollo3", "vlan_id": "143", "flag": "d m            ", "port": "25"}, {"mac": "14:58:d0:50:f0:96", "vlan_name": "DMZ_Desarrollo2", "vlan_id": "139", "flag": "d m            ", "port": "1"}, {"mac": "40:a8:f0:1f:28:f8", "vlan_name": "DMZ_Desarrollo2", "vlan_id": "139", "flag": "d m            ", "port": "1"}, {"mac": "40:f2:e9:07:b0:c2", "vlan_name": "DMZ_Desarrollo", "vlan_id": "4093", "flag": "d m            ", "port": "1"}, {"mac": "40:f2:e9:5c:52:ec", "vlan_name": "DMZ_Desarrollo2", "vlan_id": "139", "flag": "d m            ", "port": "1"}, {"mac": "40:f2:e9:5c:53:60", "vlan_name": "DMZ_Desarrollo2", "vlan_id": "139", "flag": "d m            ", "port": "1"}, {"mac": "40:f2:e9:5c:6c:84", "vlan_name": "DMZ_Desarrollo2", "vlan_id": "139", "flag": "d m            ", "port": "1"}, {"mac": "40:f2:e9:c3:87:40", "vlan_name": "DMZ_Desarrollo2", "vlan_id": "139", "flag": "d m            ", "port": "1"}, {"mac": "40:f2:e9:c3:b3:48", "vlan_name": "DMZ_Desarrollo2", "vlan_id": "139", "flag": "d m            ", "port": "1"}, {"mac": "44:a8:42:44:51:be", "vlan_name": "DMZ_Desarrollo3", "vlan_id": "143", "flag": "d m            ", "port": "25"}, {"mac": "5c:f3:fc:05:c9:61", "vlan_name": "DMZ_Desarrollo", "vlan_id": "4093", "flag": "d m            ", "port": "5"}, {"mac": "5c:f3:fc:05:c9:72", "vlan_name": "DMZ_Desarrollo", "vlan_id": "4093", "flag": "d m            ", "port": "6"}, {"mac": "5c:f3:fc:4b:c1:04", "vlan_name": "DMZ_Desarrollo", "vlan_id": "4093", "flag": "d m            ", "port": "9"}, {"mac": "5c:f3:fc:4b:c1:06", "vlan_name": "Citrix_Int", "vlan_id": "4092", "flag": "d m            ", "port": "16"}, {"mac": "5c:f3:fc:4b:c6:74", "vlan_name": "DMZ_Desarrollo", "vlan_id": "4093", "flag": "d m            ", "port": "8"}, {"mac": "5c:f3:fc:88:e7:80", "vlan_name": "DMZ_Desarrollo3", "vlan_id": "143", "flag": "d m            ", "port": "1"}, {"mac": "6c:0b:84:b8:47:2e", "vlan_name": "DMZ_Desarrollo2", "vlan_id": "139", "flag": "d m            ", "port": "25"}, {"mac": "6c:ae:8b:02:ed:9c", "vlan_name": "DMZ_Desarrollo3", "vlan_id": "143", "flag": "d m            ", "port": "25"}, {"mac": "6c:ae:8b:34:47:d8", "vlan_name": "DMZ_Desarrollo2", "vlan_id": "139", "flag": "d m            ", "port": "1"}, {"mac": "6c:ae:8b:34:56:b0", "vlan_name": "DMZ_Desarrollo2", "vlan_id": "139", "flag": "d m            ", "port": "1"}, {"mac": "6c:ae:8b:34:65:10", "vlan_name": "DMZ_Desarrollo2", "vlan_id": "139", "flag": "d m            ", "port": "1"}, {"mac": "6c:ae:8b:34:db:a8", "vlan_name": "DMZ_Desarrollo2", "vlan_id": "139", "flag": "d m            ", "port": "1"}, {"mac": "6c:ae:8b:53:bf:1b", "vlan_name": "DMZ_Desarrollo2", "vlan_id": "139", "flag": "d m            ", "port": "1"}, {"mac": "78:e3:b5:0c:5e:a8", "vlan_name": "DMZ_Desarrollo", "vlan_id": "4093", "flag": "d m            ", "port": "14"}, {"mac": "98:4b:e1:7a:94:88", "vlan_name": "DMZ_Desarrollo", "vlan_id": "4093", "flag": "d m            ", "port": "7"}, {"mac": "98:be:94:49:13:32", "vlan_name": "DMZ_Desarrollo3", "vlan_id": "143", "flag": "d m            ", "port": "25"}, {"mac": "a0:36:9f:8e:59:90", "vlan_name": "DMZ_Desarrollo3", "vlan_id": "143", "flag": "d m            ", "port": "25"}, {"mac": "a0:36:9f:8e:60:e8", "vlan_name": "DMZ_Desarrollo3", "vlan_id": "143", "flag": "d m            ", "port": "25"}, {"mac": "a8:97:dc:90:69:2b", "vlan_name": "DMZ_Desarrollo2", "vlan_id": "139", "flag": "d m            ", "port": "1"}, {"mac": "b4:0c:25:ef:40:11", "vlan_name": "DMZ_Desarrollo", "vlan_id": "4093", "flag": "d m            ", "port": "1"}, {"mac": "d8:d3:85:e2:00:cc", "vlan_name": "DMZ_Desarrollo", "vlan_id": "4093", "flag": "d m            ", "port": "1"}, {"mac": "e0:4f:43:06:22:1c", "vlan_name": "DMZ_Desarrollo2", "vlan_id": "139", "flag": "d m            ", "port": "25"}, {"mac": "e4:1f:13:b4:3c:e0", "vlan_name": "DMZ_Desarrollo", "vlan_id": "4093", "flag": "d m            ", "port": "2"}]