[{"mac": "00:04:96:36:c0:8e", "vlan_name": "DMZ_Desarrollo3", "vlan_id": "143", "flag": "dhm            ", "port": "28"}, {"mac": "00:04:96:37:1f:67", "vlan_name": "DMZ_Desarrollo3", "vlan_id": "143", "flag": "dhm            ", "port": "28"}, {"mac": "00:04:96:37:1f:67", "vlan_name": "Synapsis_PDI", "vlan_id": "1051", "flag": "dhm            ", "port": "28"}, {"mac": "00:04:96:37:1f:67", "vlan_name": "PDI_Desarrollo", "vlan_id": "136", "flag": "dhm            ", "port": "28"}, {"mac": "00:04:96:8b:8f:d6", "vlan_name": "DMZ_Desarrollo3", "vlan_id": "143", "flag": "dhm            ", "port": "28"}, {"mac": "00:04:96:8b:f1:cc", "vlan_name": "DMZ_Desarrollo3", "vlan_id": "143", "flag": "dhm            ", "port": "28"}, {"mac": "00:0e:1e:93:6c:21", "vlan_name": "DMZ_Desarrollo3", "vlan_id": "143", "flag": "dhm            ", "port": "28"}, {"mac": "00:0e:1e:93:6c:23", "vlan_name": "DMZ_Desarrollo3", "vlan_id": "143", "flag": "dhm            ", "port": "28"}, {"mac": "00:0e:1e:93:6c:25", "vlan_name": "DMZ_Desarrollo3", "vlan_id": "143", "flag": "dhm            ", "port": "28"}, {"mac": "00:14:5e:c7:7e:2c", "vlan_name": "DMZ_Desarrollo3", "vlan_id": "143", "flag": "dhm            ", "port": "28"}, {"mac": "00:15:b2:a7:d3:84", "vlan_name": "DMZ_Desarrollo3", "vlan_id": "143", "flag": "dhm            ", "port": "19"}, {"mac": "00:22:bd:f8:19:ff", "vlan_name": "PDI_Desarrollo", "vlan_id": "136", "flag": "dhm            ", "port": "28"}, {"mac": "00:50:56:9c:06:d0", "vlan_name": "DMZ_Desarrollo3", "vlan_id": "143", "flag": "dhm            ", "port": "28"}, {"mac": "00:50:56:9c:0c:78", "vlan_name": "DMZ_Desarrollo3", "vlan_id": "143", "flag": "dhm            ", "port": "28"}, {"mac": "00:50:56:9c:0f:de", "vlan_name": "DMZ_Desarrollo3", "vlan_id": "143", "flag": "dhm            ", "port": "28"}, {"mac": "00:50:56:9c:1d:63", "vlan_name": "DMZ_Desarrollo3", "vlan_id": "143", "flag": "dhm            ", "port": "28"}, {"mac": "00:50:56:9c:22:d2", "vlan_name": "DMZ_Desarrollo3", "vlan_id": "143", "flag": "dhm            ", "port": "28"}, {"mac": "00:50:56:9c:27:83", "vlan_name": "DMZ_Desarrollo3", "vlan_id": "143", "flag": "dhm            ", "port": "28"}, {"mac": "00:50:56:9c:38:99", "vlan_name": "DMZ_Desarrollo3", "vlan_id": "143", "flag": "dhm            ", "port": "28"}, {"mac": "00:50:56:9c:6b:db", "vlan_name": "DMZ_Desarrollo3", "vlan_id": "143", "flag": "dhm            ", "port": "28"}, {"mac": "00:50:56:9c:7b:13", "vlan_name": "DMZ_Desarrollo3", "vlan_id": "143", "flag": "dhm            ", "port": "28"}, {"mac": "10:98:36:98:0e:d1", "vlan_name": "DMZ_Desarrollo3", "vlan_id": "143", "flag": "dhm            ", "port": "28"}, {"mac": "10:98:36:98:0f:3c", "vlan_name": "DMZ_Desarrollo3", "vlan_id": "143", "flag": "dhm            ", "port": "28"}, {"mac": "40:f2:e9:c3:74:6a", "vlan_name": "PDI_Desarrollo", "vlan_id": "136", "flag": "dhm            ", "port": "28"}, {"mac": "40:f2:e9:c3:87:42", "vlan_name": "PDI_Desarrollo", "vlan_id": "136", "flag": "dhm            ", "port": "28"}, {"mac": "44:a8:42:44:51:be", "vlan_name": "DMZ_Desarrollo3", "vlan_id": "143", "flag": "dhm            ", "port": "28"}, {"mac": "5c:f3:fc:88:e7:80", "vlan_name": "DMZ_Desarrollo3", "vlan_id": "143", "flag": "dhm            ", "port": "28"}, {"mac": "98:be:94:49:13:32", "vlan_name": "DMZ_Desarrollo3", "vlan_id": "143", "flag": "dhm            ", "port": "28"}, {"mac": "b4:de:31:ad:28:75", "vlan_name": "PDI_Desarrollo", "vlan_id": "136", "flag": "dhm            ", "port": "28"}, {"mac": "b4:de:31:c5:8c:bf", "vlan_name": "PDI_Desarrollo", "vlan_id": "136", "flag": "dhm            ", "port": "28"}]