[{"mac": "00:09:6b:75:41:94", "vlan_name": "hmc2", "vlan_id": "4093", "flag": "d m           ", "port": "22"}, {"mac": "00:11:25:41:94:6c", "vlan_name": "hmc2", "vlan_id": "4093", "flag": "d m           ", "port": "24"}, {"mac": "00:14:5e:d2:e5:00", "vlan_name": "hmc2", "vlan_id": "4093", "flag": "d m           ", "port": "23"}, {"mac": "00:21:5e:44:39:12", "vlan_name": "hmc1", "vlan_id": "4094", "flag": "d m           ", "port": "1"}, {"mac": "00:21:5e:44:39:13", "vlan_name": "hmc2", "vlan_id": "4093", "flag": "d m           ", "port": "24"}, {"mac": "5c:f3:fc:00:00:b1", "vlan_name": "hmc1", "vlan_id": "4094", "flag": "d m           ", "port": "1"}, {"mac": "5c:f3:fc:00:c7:52", "vlan_name": "hmc1", "vlan_id": "4094", "flag": "d m           ", "port": "1"}, {"mac": "5c:f3:fc:00:cf:66", "vlan_name": "hmc1", "vlan_id": "4094", "flag": "d m           ", "port": "1"}, {"mac": "5c:f3:fc:00:d0:d4", "vlan_name": "hmc1", "vlan_id": "4094", "flag": "d m           ", "port": "1"}, {"mac": "5c:f3:fc:00:d0:ea", "vlan_name": "hmc1", "vlan_id": "4094", "flag": "d m           ", "port": "1"}, {"mac": "5c:f3:fc:2f:cb:3c", "vlan_name": "hmc1", "vlan_id": "4094", "flag": "d m           ", "port": "1"}, {"mac": "5c:f3:fc:3a:40:e8", "vlan_name": "hmc1", "vlan_id": "4094", "flag": "d m           ", "port": "1"}, {"mac": "5c:f3:fc:4e:51:d0", "vlan_name": "hmc1", "vlan_id": "4094", "flag": "d m           ", "port": "1"}, {"mac": "e4:1f:13:6f:48:60", "vlan_name": "hmc1", "vlan_id": "4094", "flag": "d m           ", "port": "1"}, {"mac": "e4:1f:13:6f:6c:bc", "vlan_name": "hmc1", "vlan_id": "4094", "flag": "d m           ", "port": "1"}, {"mac": "e4:1f:13:6f:75:ee", "vlan_name": "hmc1", "vlan_id": "4094", "flag": "d m           ", "port": "1"}, {"mac": "e4:1f:13:6f:76:00", "vlan_name": "hmc1", "vlan_id": "4094", "flag": "d m           ", "port": "1"}, {"mac": "e4:1f:13:6f:aa:a4", "vlan_name": "hmc1", "vlan_id": "4094", "flag": "d m           ", "port": "1"}, {"mac": "e4:1f:13:6f:b2:16", "vlan_name": "hmc1", "vlan_id": "4094", "flag": "d m           ", "port": "1"}, {"mac": "e4:1f:13:6f:d4:4a", "vlan_name": "hmc1", "vlan_id": "4094", "flag": "d m           ", "port": "1"}, {"mac": "e4:1f:13:8e:15:1c", "vlan_name": "hmc1", "vlan_id": "4094", "flag": "d m           ", "port": "1"}]