[{"vrf": "VR-Default", "destination": "10.1.114.1", "mac": "b4:0c:25:ef:00:10", "static": "NO", "vlan_name": "A7_CMR-CL", "vlan_id": "614", "port": "1"}, {"vrf": "VR-Default", "destination": "10.1.114.11", "mac": "98:be:94:00:90:e9", "static": "NO", "vlan_name": "A7_CMR-CL", "vlan_id": "614", "port": "1"}, {"vrf": "VR-Default", "destination": "10.1.114.13", "mac": "98:be:94:00:90:e9", "static": "NO", "vlan_name": "A7_CMR-CL", "vlan_id": "614", "port": "1"}, {"vrf": "VR-Default", "destination": "10.200.0.1", "mac": "b4:0c:25:ef:00:10", "static": "NO", "vlan_name": "HSM_VU", "vlan_id": "1602", "port": "1"}, {"vrf": "VR-Default", "destination": "10.200.0.2", "mac": "00:15:b2:a8:32:60", "static": "NO", "vlan_name": "HSM_VU", "vlan_id": "1602", "port": "2"}]