[{"vlan_name": "A7_CMR-CL", "vlan_id": "614"}, {"vlan_name": "Adm_EoIB", "vlan_id": "740"}, {"vlan_name": "Adm_Exalogic-Exadata", "vlan_id": "700"}, {"vlan_name": "DCC-To-BF-CL_P", "vlan_id": "676"}, {"vlan_name": "DCC-To-BF-CL_R", "vlan_id": "682"}, {"vlan_name": "DCC-To-BF-COL_P", "vlan_id": "677"}, {"vlan_name": "DCC-To-BF-COL_R", "vlan_id": "683"}, {"vlan_name": "DCC-To-BF-PE_P", "vlan_id": "678"}, {"vlan_name": "DCC-To-BF-PE_R", "vlan_id": "684"}, {"vlan_name": "DCC-To-CMR-AR_P", "vlan_id": "679"}, {"vlan_name": "DCC-To-CMR-AR_R", "vlan_id": "685"}, {"vlan_name": "DCC-To-CMR-CL_P", "vlan_id": "680"}, {"vlan_name": "DCC-To-CMR-CL_R", "vlan_id": "686"}, {"vlan_name": "DCC-To-REPLICA_P", "vlan_id": "681"}, {"vlan_name": "DCC-To-REPLICA_R", "vlan_id": "687"}, {"vlan_name": "Default", "vlan_id": "1"}, {"vlan_name": "Exadata_BF-CL", "vlan_id": "705"}, {"vlan_name": "Exadata_BF-COL", "vlan_id": "703"}, {"vlan_name": "Exadata_BF-PE", "vlan_id": "704"}, {"vlan_name": "Exadata_CMR-AR", "vlan_id": "702"}, {"vlan_name": "Exadata_CMR-CL", "vlan_id": "701"}, {"vlan_name": "Exadata_Homologacion", "vlan_id": "706"}, {"vlan_name": "Exalogic_BF-CL", "vlan_id": "735"}, {"vlan_name": "Exalogic_BF-COL", "vlan_id": "733"}, {"vlan_name": "Exalogic_BF-PE", "vlan_id": "734"}, {"vlan_name": "Exalogic_CMR-AR", "vlan_id": "732"}, {"vlan_name": "Exalogic_CMR-CL", "vlan_id": "731"}, {"vlan_name": "Exalogic_Homologacion", "vlan_id": "736"}, {"vlan_name": "EXT_F5_Omni", "vlan_id": "625"}, {"vlan_name": "HSM_VU", "vlan_id": "1602"}, {"vlan_name": "Mgmt", "vlan_id": "4095"}, {"vlan_name": "Monitoreo_OEM", "vlan_id": "709"}, {"vlan_name": "PDI_Exalogic", "vlan_id": "767"}, {"vlan_name": "PDI_Exalogic_BF-CL", "vlan_id": "765"}, {"vlan_name": "PDI_Exalogic_BF-COL", "vlan_id": "763"}, {"vlan_name": "PDI_Exalogic_BF-PE", "vlan_id": "764"}, {"vlan_name": "PDI_Exalogic_CMR-AR", "vlan_id": "762"}, {"vlan_name": "PDI_Exalogic_CMR-CL", "vlan_id": "761"}, {"vlan_name": "PDI_Omnichannel", "vlan_id": "4072"}, {"vlan_name": "RedPaso_F5_BF-CL", "vlan_id": "4006"}, {"vlan_name": "RedPaso_F5_BF-CO", "vlan_id": "4004"}, {"vlan_name": "RedPaso_F5_BF-pe", "vlan_id": "4005"}, {"vlan_name": "RedPaso_F5_CMR-AR", "vlan_id": "4002"}, {"vlan_name": "RedPaso_F5_CMR-CL", "vlan_id": "4003"}, {"vlan_name": "RedPaso_PDI", "vlan_id": "4068"}, {"vlan_name": "RedPaso_Replica", "vlan_id": "4073"}, {"vlan_name": "Replica_BF-CL", "vlan_id": "730"}, {"vlan_name": "Replica_BF-COL", "vlan_id": "728"}, {"vlan_name": "Replica_BF-PE", "vlan_id": "729"}, {"vlan_name": "Replica_CMR-AR", "vlan_id": "727"}, {"vlan_name": "Replica_CMR-CL", "vlan_id": "708"}, {"vlan_name": "Sync_Viprion", "vlan_id": "1888"}]