[{"mac": "00:0b:38:bc:f3:24", "vlan_name": "Adm_Exalogic-Exadata", "vlan_id": "700", "flag": "d mi           ", "port": "2:1"}, {"mac": "00:0b:38:bc:f3:2f", "vlan_name": "Adm_Exalogic-Exadata", "vlan_id": "700", "flag": "d mi           ", "port": "2:1"}, {"mac": "00:10:e0:5c:c0:5b", "vlan_name": "Adm_Exalogic-Exadata", "vlan_id": "700", "flag": "d mi           ", "port": "1:1"}, {"mac": "00:10:e0:5c:c0:5f", "vlan_name": "Adm_Exalogic-Exadata", "vlan_id": "700", "flag": "d mi           ", "port": "1:1"}, {"mac": "00:10:e0:65:5a:96", "vlan_name": "Adm_Exalogic-Exadata", "vlan_id": "700", "flag": "d mi           ", "port": "2:1"}, {"mac": "00:10:e0:65:5a:9a", "vlan_name": "Adm_Exalogic-Exadata", "vlan_id": "700", "flag": "d mi           ", "port": "2:1"}, {"mac": "00:10:e0:68:6d:32", "vlan_name": "Adm_Exalogic-Exadata", "vlan_id": "700", "flag": "d mi           ", "port": "1:1"}, {"mac": "00:10:e0:68:6d:37", "vlan_name": "Adm_Exalogic-Exadata", "vlan_id": "700", "flag": "d mi           ", "port": "1:1"}, {"mac": "00:10:e0:68:9e:d0", "vlan_name": "Adm_Exalogic-Exadata", "vlan_id": "700", "flag": "d mi           ", "port": "1:1"}, {"mac": "00:10:e0:68:9e:d5", "vlan_name": "Adm_Exalogic-Exadata", "vlan_id": "700", "flag": "d mi           ", "port": "1:1"}, {"mac": "00:10:e0:68:9f:18", "vlan_name": "Adm_Exalogic-Exadata", "vlan_id": "700", "flag": "d mi           ", "port": "1:1"}, {"mac": "00:10:e0:68:9f:1d", "vlan_name": "Adm_Exalogic-Exadata", "vlan_id": "700", "flag": "d mi           ", "port": "1:1"}, {"mac": "00:10:e0:68:9f:a2", "vlan_name": "Adm_Exalogic-Exadata", "vlan_id": "700", "flag": "d mi           ", "port": "1:1"}, {"mac": "00:10:e0:68:9f:a7", "vlan_name": "Adm_Exalogic-Exadata", "vlan_id": "700", "flag": "d mi           ", "port": "1:1"}, {"mac": "00:10:e0:68:fa:d4", "vlan_name": "Adm_Exalogic-Exadata", "vlan_id": "700", "flag": "d mi           ", "port": "1:1"}, {"mac": "00:10:e0:68:fa:d9", "vlan_name": "Adm_Exalogic-Exadata", "vlan_id": "700", "flag": "d mi           ", "port": "1:1"}, {"mac": "00:10:e0:68:fc:24", "vlan_name": "Adm_Exalogic-Exadata", "vlan_id": "700", "flag": "d mi           ", "port": "1:1"}, {"mac": "00:10:e0:68:fc:29", "vlan_name": "Adm_Exalogic-Exadata", "vlan_id": "700", "flag": "d mi           ", "port": "1:1"}, {"mac": "00:10:e0:69:32:a2", "vlan_name": "Adm_Exalogic-Exadata", "vlan_id": "700", "flag": "d mi           ", "port": "1:1"}, {"mac": "00:10:e0:69:32:a7", "vlan_name": "Adm_Exalogic-Exadata", "vlan_id": "700", "flag": "d mi           ", "port": "1:1"}, {"mac": "00:10:e0:69:33:26", "vlan_name": "Adm_Exalogic-Exadata", "vlan_id": "700", "flag": "d mi           ", "port": "1:1"}, {"mac": "00:10:e0:69:33:2b", "vlan_name": "Adm_Exalogic-Exadata", "vlan_id": "700", "flag": "d mi           ", "port": "1:1"}, {"mac": "00:10:e0:70:6a:66", "vlan_name": "Adm_Exalogic-Exadata", "vlan_id": "700", "flag": "d mi           ", "port": "2:1"}, {"mac": "00:10:e0:70:6a:6a", "vlan_name": "Adm_Exalogic-Exadata", "vlan_id": "700", "flag": "d mi           ", "port": "2:1"}, {"mac": "00:10:e0:71:5b:04", "vlan_name": "Adm_Exalogic-Exadata", "vlan_id": "700", "flag": "d mi           ", "port": "2:1"}, {"mac": "00:10:e0:71:5b:05", "vlan_name": "Monitoreo_OEM", "vlan_id": "709", "flag": "d m            ", "port": "2:31"}, {"mac": "00:10:e0:71:5b:08", "vlan_name": "Adm_Exalogic-Exadata", "vlan_id": "700", "flag": "d mi           ", "port": "2:1"}, {"mac": "00:10:e0:71:67:b2", "vlan_name": "Adm_Exalogic-Exadata", "vlan_id": "700", "flag": "d mi           ", "port": "2:1"}, {"mac": "00:10:e0:71:67:b6", "vlan_name": "Adm_Exalogic-Exadata", "vlan_id": "700", "flag": "d mi           ", "port": "2:1"}, {"mac": "00:10:e0:71:7e:f2", "vlan_name": "Adm_Exalogic-Exadata", "vlan_id": "700", "flag": "d mi           ", "port": "2:1"}, {"mac": "00:10:e0:71:7e:f6", "vlan_name": "Adm_Exalogic-Exadata", "vlan_id": "700", "flag": "d mi           ", "port": "2:1"}, {"mac": "00:10:e0:71:85:40", "vlan_name": "Adm_Exalogic-Exadata", "vlan_id": "700", "flag": "d mi           ", "port": "1:1"}, {"mac": "00:10:e0:71:85:42", "vlan_name": "PDI_Exalogic", "vlan_id": "767", "flag": "d mi           ", "port": "1:33"}, {"mac": "00:10:e0:71:85:45", "vlan_name": "Adm_Exalogic-Exadata", "vlan_id": "700", "flag": "d mi           ", "port": "1:1"}, {"mac": "00:10:e0:71:a0:5e", "vlan_name": "Adm_Exalogic-Exadata", "vlan_id": "700", "flag": "d mi           ", "port": "2:1"}, {"mac": "00:10:e0:71:a0:62", "vlan_name": "Adm_Exalogic-Exadata", "vlan_id": "700", "flag": "d mi           ", "port": "2:1"}, {"mac": "00:10:e0:7a:5d:42", "vlan_name": "Adm_Exalogic-Exadata", "vlan_id": "700", "flag": "d mi           ", "port": "2:1"}, {"mac": "00:10:e0:7a:5d:46", "vlan_name": "Adm_Exalogic-Exadata", "vlan_id": "700", "flag": "d mi           ", "port": "2:1"}, {"mac": "00:14:4f:f8:14:c9", "vlan_name": "Exalogic_BF-PE", "vlan_id": "734", "flag": "d mi           ", "port": "2:20"}, {"mac": "00:14:4f:f8:2a:15", "vlan_name": "Exalogic_BF-COL", "vlan_id": "733", "flag": "d mi           ", "port": "2:23"}, {"mac": "00:14:4f:f8:3b:64", "vlan_name": "Exalogic_CMR-CL", "vlan_id": "731", "flag": "d mi           ", "port": "2:22"}, {"mac": "00:14:4f:f8:43:11", "vlan_name": "Exalogic_CMR-CL", "vlan_id": "731", "flag": "d mi           ", "port": "2:22"}, {"mac": "00:14:4f:f8:4e:db", "vlan_name": "Exalogic_BF-COL", "vlan_id": "733", "flag": "d mi           ", "port": "2:22"}, {"mac": "00:14:4f:f8:53:9e", "vlan_name": "Exalogic_CMR-CL", "vlan_id": "731", "flag": "d mi           ", "port": "2:20"}, {"mac": "00:14:4f:f8:57:30", "vlan_name": "Exalogic_BF-COL", "vlan_id": "733", "flag": "d mi           ", "port": "2:21"}, {"mac": "00:14:4f:f8:5d:0c", "vlan_name": "Exalogic_BF-COL", "vlan_id": "733", "flag": "d mi           ", "port": "2:22"}, {"mac": "00:14:4f:f8:61:cc", "vlan_name": "Exalogic_BF-CL", "vlan_id": "735", "flag": "d mi           ", "port": "2:23"}, {"mac": "00:14:4f:f8:6a:2c", "vlan_name": "Exalogic_BF-COL", "vlan_id": "733", "flag": "d mi           ", "port": "2:21"}, {"mac": "00:14:4f:f8:84:7a", "vlan_name": "Exalogic_CMR-CL", "vlan_id": "731", "flag": "d mi           ", "port": "2:20"}, {"mac": "00:14:4f:f8:8b:8e", "vlan_name": "Exalogic_BF-CL", "vlan_id": "735", "flag": "d mi           ", "port": "2:22"}, {"mac": "00:14:4f:f8:8c:c6", "vlan_name": "Exalogic_BF-PE", "vlan_id": "734", "flag": "d mi           ", "port": "2:20"}, {"mac": "00:14:4f:f8:db:29", "vlan_name": "Exalogic_CMR-CL", "vlan_id": "731", "flag": "d mi           ", "port": "2:21"}, {"mac": "00:14:4f:f8:e6:92", "vlan_name": "Exalogic_CMR-AR", "vlan_id": "732", "flag": "d mi           ", "port": "2:22"}, {"mac": "00:14:4f:f8:f0:b8", "vlan_name": "Exalogic_BF-PE", "vlan_id": "734", "flag": "d mi           ", "port": "2:22"}, {"mac": "00:14:4f:f8:ff:f5", "vlan_name": "Exalogic_BF-COL", "vlan_id": "733", "flag": "d mi           ", "port": "2:20"}, {"mac": "00:14:4f:f9:04:1e", "vlan_name": "Exalogic_BF-CL", "vlan_id": "735", "flag": "d mi           ", "port": "2:20"}, {"mac": "00:14:4f:f9:10:66", "vlan_name": "Exalogic_CMR-AR", "vlan_id": "732", "flag": "d mi           ", "port": "2:21"}, {"mac": "00:14:4f:f9:20:b3", "vlan_name": "Exalogic_CMR-AR", "vlan_id": "732", "flag": "d mi           ", "port": "1:23"}, {"mac": "00:14:4f:f9:3c:df", "vlan_name": "Exalogic_BF-COL", "vlan_id": "733", "flag": "d mi           ", "port": "2:22"}, {"mac": "00:14:4f:f9:44:cb", "vlan_name": "Exalogic_CMR-CL", "vlan_id": "731", "flag": "d mi           ", "port": "2:23"}, {"mac": "00:14:4f:f9:4a:86", "vlan_name": "Exalogic_CMR-CL", "vlan_id": "731", "flag": "d mi           ", "port": "2:20"}, {"mac": "00:14:4f:f9:57:10", "vlan_name": "Exalogic_CMR-AR", "vlan_id": "732", "flag": "d mi           ", "port": "2:21"}, {"mac": "00:14:4f:f9:59:92", "vlan_name": "Exalogic_BF-PE", "vlan_id": "734", "flag": "d mi           ", "port": "2:20"}, {"mac": "00:14:4f:f9:61:db", "vlan_name": "Exalogic_BF-PE", "vlan_id": "734", "flag": "d mi           ", "port": "2:22"}, {"mac": "00:14:4f:f9:65:54", "vlan_name": "Exalogic_BF-COL", "vlan_id": "733", "flag": "d mi           ", "port": "2:22"}, {"mac": "00:14:4f:f9:6b:18", "vlan_name": "Exalogic_CMR-AR", "vlan_id": "732", "flag": "d mi           ", "port": "2:20"}, {"mac": "00:14:4f:f9:80:71", "vlan_name": "Exalogic_CMR-AR", "vlan_id": "732", "flag": "d mi           ", "port": "2:22"}, {"mac": "00:14:4f:f9:86:0f", "vlan_name": "Exalogic_BF-PE", "vlan_id": "734", "flag": "d mi           ", "port": "2:22"}, {"mac": "00:14:4f:f9:89:ae", "vlan_name": "Exalogic_BF-PE", "vlan_id": "734", "flag": "d mi           ", "port": "2:21"}, {"mac": "00:14:4f:f9:8c:24", "vlan_name": "Exalogic_BF-COL", "vlan_id": "733", "flag": "d mi           ", "port": "2:23"}, {"mac": "00:14:4f:f9:8d:ce", "vlan_name": "Exalogic_CMR-AR", "vlan_id": "732", "flag": "d mi           ", "port": "2:23"}, {"mac": "00:14:4f:f9:9b:d5", "vlan_name": "Exalogic_BF-COL", "vlan_id": "733", "flag": "d mi           ", "port": "2:23"}, {"mac": "00:14:4f:f9:b2:9f", "vlan_name": "Exalogic_BF-CL", "vlan_id": "735", "flag": "d mi           ", "port": "2:21"}, {"mac": "00:14:4f:f9:be:2e", "vlan_name": "Exalogic_BF-PE", "vlan_id": "734", "flag": "d mi           ", "port": "2:23"}, {"mac": "00:14:4f:f9:ce:54", "vlan_name": "Exalogic_CMR-CL", "vlan_id": "731", "flag": "d mi           ", "port": "2:21"}, {"mac": "00:14:4f:f9:de:4d", "vlan_name": "Exalogic_BF-CL", "vlan_id": "735", "flag": "d mi           ", "port": "2:23"}, {"mac": "00:14:4f:f9:e4:ab", "vlan_name": "Exalogic_BF-COL", "vlan_id": "733", "flag": "d mi           ", "port": "2:21"}, {"mac": "00:14:4f:f9:f8:f4", "vlan_name": "Exalogic_BF-PE", "vlan_id": "734", "flag": "d mi           ", "port": "2:20"}, {"mac": "00:14:4f:fa:0e:5e", "vlan_name": "Exalogic_BF-CL", "vlan_id": "735", "flag": "d mi           ", "port": "2:21"}, {"mac": "00:14:4f:fa:0e:9c", "vlan_name": "Exalogic_BF-COL", "vlan_id": "733", "flag": "d mi           ", "port": "2:21"}, {"mac": "00:14:4f:fa:1f:e9", "vlan_name": "Exalogic_BF-PE", "vlan_id": "734", "flag": "d mi           ", "port": "2:22"}, {"mac": "00:14:4f:fa:27:e5", "vlan_name": "Exalogic_BF-COL", "vlan_id": "733", "flag": "d mi           ", "port": "2:22"}, {"mac": "00:14:4f:fa:37:d2", "vlan_name": "Exalogic_CMR-CL", "vlan_id": "731", "flag": "d mi           ", "port": "2:22"}, {"mac": "00:14:4f:fa:39:02", "vlan_name": "Exalogic_BF-COL", "vlan_id": "733", "flag": "d mi           ", "port": "2:23"}, {"mac": "00:14:4f:fa:3a:fc", "vlan_name": "Exalogic_CMR-AR", "vlan_id": "732", "flag": "d mi           ", "port": "2:20"}, {"mac": "00:14:4f:fa:49:96", "vlan_name": "Exalogic_CMR-CL", "vlan_id": "731", "flag": "d mi           ", "port": "2:23"}, {"mac": "00:14:4f:fa:4f:27", "vlan_name": "Exalogic_CMR-CL", "vlan_id": "731", "flag": "d mi           ", "port": "2:21"}, {"mac": "00:14:4f:fa:62:9b", "vlan_name": "Exalogic_BF-CL", "vlan_id": "735", "flag": "d mi           ", "port": "2:21"}, {"mac": "00:14:4f:fa:7b:93", "vlan_name": "Exalogic_CMR-CL", "vlan_id": "731", "flag": "d mi           ", "port": "2:22"}, {"mac": "00:14:4f:fa:80:39", "vlan_name": "Exalogic_CMR-CL", "vlan_id": "731", "flag": "d mi           ", "port": "2:21"}, {"mac": "00:14:4f:fa:a5:27", "vlan_name": "Exalogic_CMR-AR", "vlan_id": "732", "flag": "d mi           ", "port": "2:22"}, {"mac": "00:14:4f:fa:a5:3e", "vlan_name": "Exalogic_BF-CL", "vlan_id": "735", "flag": "d mi           ", "port": "2:22"}, {"mac": "00:14:4f:fa:aa:ea", "vlan_name": "Exalogic_BF-PE", "vlan_id": "734", "flag": "d mi           ", "port": "2:20"}, {"mac": "00:14:4f:fa:b2:5d", "vlan_name": "Exalogic_CMR-CL", "vlan_id": "731", "flag": "d mi           ", "port": "2:20"}, {"mac": "00:14:4f:fa:b6:1c", "vlan_name": "Exalogic_BF-PE", "vlan_id": "734", "flag": "d mi           ", "port": "2:20"}, {"mac": "00:14:4f:fa:c9:2a", "vlan_name": "Exalogic_CMR-AR", "vlan_id": "732", "flag": "d mi           ", "port": "2:22"}, {"mac": "00:14:4f:fa:d7:a3", "vlan_name": "Exalogic_CMR-CL", "vlan_id": "731", "flag": "d mi           ", "port": "2:22"}, {"mac": "00:14:4f:fa:f1:b1", "vlan_name": "Exalogic_BF-CL", "vlan_id": "735", "flag": "d mi           ", "port": "2:20"}, {"mac": "00:14:4f:fb:0a:0a", "vlan_name": "Exalogic_BF-PE", "vlan_id": "734", "flag": "d mi           ", "port": "2:23"}, {"mac": "00:14:4f:fb:0f:e4", "vlan_name": "Exalogic_CMR-CL", "vlan_id": "731", "flag": "d mi           ", "port": "2:20"}, {"mac": "00:14:4f:fb:15:78", "vlan_name": "Exalogic_BF-COL", "vlan_id": "733", "flag": "d mi           ", "port": "2:23"}, {"mac": "00:14:4f:fb:1e:1e", "vlan_name": "Exalogic_CMR-AR", "vlan_id": "732", "flag": "d mi           ", "port": "2:23"}, {"mac": "00:14:4f:fb:2b:f2", "vlan_name": "Exalogic_CMR-AR", "vlan_id": "732", "flag": "d mi           ", "port": "2:21"}, {"mac": "00:14:4f:fb:37:28", "vlan_name": "Exalogic_CMR-AR", "vlan_id": "732", "flag": "d mi           ", "port": "2:23"}, {"mac": "00:14:4f:fb:4f:3d", "vlan_name": "Exalogic_CMR-AR", "vlan_id": "732", "flag": "d mi           ", "port": "2:21"}, {"mac": "00:14:4f:fb:51:21", "vlan_name": "Exalogic_BF-PE", "vlan_id": "734", "flag": "d mi           ", "port": "2:21"}, {"mac": "00:14:4f:fb:53:82", "vlan_name": "Exalogic_BF-CL", "vlan_id": "735", "flag": "d mi           ", "port": "2:20"}, {"mac": "00:14:4f:fb:54:66", "vlan_name": "Exalogic_BF-CL", "vlan_id": "735", "flag": "d mi           ", "port": "2:23"}, {"mac": "00:14:4f:fb:54:bd", "vlan_name": "Exalogic_BF-CL", "vlan_id": "735", "flag": "d mi           ", "port": "2:20"}, {"mac": "00:14:4f:fb:58:91", "vlan_name": "Exalogic_BF-CL", "vlan_id": "735", "flag": "d mi           ", "port": "2:23"}, {"mac": "00:14:4f:fb:67:c9", "vlan_name": "Exalogic_CMR-AR", "vlan_id": "732", "flag": "d mi           ", "port": "2:21"}, {"mac": "00:14:4f:fb:6a:a2", "vlan_name": "Exalogic_BF-PE", "vlan_id": "734", "flag": "d mi           ", "port": "2:21"}, {"mac": "00:14:4f:fb:70:84", "vlan_name": "Exalogic_CMR-AR", "vlan_id": "732", "flag": "d mi           ", "port": "2:23"}, {"mac": "00:14:4f:fb:78:2f", "vlan_name": "Exalogic_CMR-AR", "vlan_id": "732", "flag": "d mi           ", "port": "2:20"}, {"mac": "00:14:4f:fb:7b:cf", "vlan_name": "Exalogic_BF-CL", "vlan_id": "735", "flag": "d mi           ", "port": "2:20"}, {"mac": "00:14:4f:fb:7f:49", "vlan_name": "Exalogic_BF-PE", "vlan_id": "734", "flag": "d mi           ", "port": "2:21"}, {"mac": "00:14:4f:fb:83:2c", "vlan_name": "Exalogic_BF-PE", "vlan_id": "734", "flag": "d mi           ", "port": "2:23"}, {"mac": "00:14:4f:fb:93:18", "vlan_name": "Exalogic_BF-COL", "vlan_id": "733", "flag": "d mi           ", "port": "2:23"}, {"mac": "00:14:4f:fb:99:5c", "vlan_name": "Exalogic_BF-CL", "vlan_id": "735", "flag": "d mi           ", "port": "2:23"}, {"mac": "00:14:4f:fb:9c:63", "vlan_name": "Exalogic_BF-CL", "vlan_id": "735", "flag": "d mi           ", "port": "2:20"}, {"mac": "00:14:4f:fb:a3:b1", "vlan_name": "Exalogic_BF-PE", "vlan_id": "734", "flag": "d mi           ", "port": "2:20"}, {"mac": "00:14:4f:fb:ab:77", "vlan_name": "Exalogic_CMR-CL", "vlan_id": "731", "flag": "d mi           ", "port": "2:20"}, {"mac": "00:14:4f:fb:ac:16", "vlan_name": "Exalogic_BF-CL", "vlan_id": "735", "flag": "d mi           ", "port": "2:22"}, {"mac": "00:14:4f:fb:ac:9a", "vlan_name": "Exalogic_BF-COL", "vlan_id": "733", "flag": "d mi           ", "port": "2:20"}, {"mac": "00:14:4f:fb:c9:43", "vlan_name": "Exalogic_BF-COL", "vlan_id": "733", "flag": "d mi           ", "port": "2:20"}, {"mac": "00:14:4f:fb:c9:6c", "vlan_name": "Exalogic_BF-CL", "vlan_id": "735", "flag": "d mi           ", "port": "2:22"}, {"mac": "00:14:4f:fb:cb:36", "vlan_name": "Exalogic_BF-CL", "vlan_id": "735", "flag": "d mi           ", "port": "2:21"}, {"mac": "00:14:4f:fb:d4:8d", "vlan_name": "Exalogic_CMR-AR", "vlan_id": "732", "flag": "d mi           ", "port": "2:21"}, {"mac": "00:14:4f:fb:e5:83", "vlan_name": "Exalogic_CMR-CL", "vlan_id": "731", "flag": "d mi           ", "port": "2:21"}, {"mac": "00:15:b2:a8:32:60", "vlan_name": "HSM_VU", "vlan_id": "1602", "flag": "d m            ", "port": "2:2"}, {"mac": "00:16:3e:03:89:da", "vlan_name": "Replica_BF-PE", "vlan_id": "729", "flag": "d mi           ", "port": "1:34"}, {"mac": "00:16:3e:23:ad:1c", "vlan_name": "PDI_Exalogic_BF-CL", "vlan_id": "765", "flag": "d mi           ", "port": "2:35"}, {"mac": "00:16:3e:26:5c:35", "vlan_name": "Replica_BF-CL", "vlan_id": "730", "flag": "d mi           ", "port": "2:34"}, {"mac": "00:16:3e:27:22:a9", "vlan_name": "Exadata_BF-PE", "vlan_id": "704", "flag": "d m            ", "port": "1:11"}, {"mac": "00:16:3e:28:e1:59", "vlan_name": "PDI_Exalogic_BF-COL", "vlan_id": "763", "flag": "d mi           ", "port": "1:37"}, {"mac": "00:16:3e:2e:20:75", "vlan_name": "PDI_Exalogic_CMR-CL", "vlan_id": "761", "flag": "d mi           ", "port": "1:37"}, {"mac": "00:16:3e:2e:4b:94", "vlan_name": "Exadata_BF-CL", "vlan_id": "705", "flag": "d m            ", "port": "1:10"}, {"mac": "00:16:3e:31:8f:48", "vlan_name": "Exadata_CMR-AR", "vlan_id": "702", "flag": "d m            ", "port": "1:10"}, {"mac": "00:16:3e:3f:04:3c", "vlan_name": "Adm_Exalogic-Exadata", "vlan_id": "700", "flag": "d mi           ", "port": "2:1"}, {"mac": "00:16:3e:41:32:db", "vlan_name": "PDI_Exalogic_BF-PE", "vlan_id": "764", "flag": "d mi           ", "port": "2:35"}, {"mac": "00:16:3e:4e:c7:05", "vlan_name": "Replica_BF-CL", "vlan_id": "730", "flag": "d mi           ", "port": "1:34"}, {"mac": "00:16:3e:4f:7e:c1", "vlan_name": "Adm_Exalogic-Exadata", "vlan_id": "700", "flag": "d mi           ", "port": "2:1"}, {"mac": "00:16:3e:61:a9:37", "vlan_name": "Replica_BF-PE", "vlan_id": "729", "flag": "d mi           ", "port": "2:34"}, {"mac": "00:16:3e:63:5f:6c", "vlan_name": "Replica_CMR-CL", "vlan_id": "708", "flag": "d mi           ", "port": "2:34"}, {"mac": "00:16:3e:69:89:09", "vlan_name": "Replica_BF-COL", "vlan_id": "728", "flag": "d mi           ", "port": "1:34"}, {"mac": "00:16:3e:6c:07:ab", "vlan_name": "Exadata_BF-COL", "vlan_id": "703", "flag": "d m            ", "port": "1:11"}, {"mac": "00:16:3e:79:b2:ac", "vlan_name": "Adm_Exalogic-Exadata", "vlan_id": "700", "flag": "d mi           ", "port": "2:1"}, {"mac": "00:16:3e:7d:b9:d1", "vlan_name": "Exadata_BF-CL", "vlan_id": "705", "flag": "d m            ", "port": "1:11"}, {"mac": "00:16:3e:80:15:ad", "vlan_name": "Replica_BF-COL", "vlan_id": "728", "flag": "d mi           ", "port": "2:34"}, {"mac": "00:16:3e:85:57:7a", "vlan_name": "Exadata_CMR-CL", "vlan_id": "701", "flag": "d m            ", "port": "1:11"}, {"mac": "00:16:3e:8c:a1:7b", "vlan_name": "PDI_Exalogic_CMR-CL", "vlan_id": "761", "flag": "d mi           ", "port": "2:35"}, {"mac": "00:16:3e:97:98:8d", "vlan_name": "PDI_Exalogic_BF-CL", "vlan_id": "765", "flag": "d mi           ", "port": "1:37"}, {"mac": "00:16:3e:98:b8:5e", "vlan_name": "Exadata_BF-COL", "vlan_id": "703", "flag": "d m            ", "port": "1:10"}, {"mac": "00:16:3e:9b:75:a5", "vlan_name": "Adm_Exalogic-Exadata", "vlan_id": "700", "flag": "d mi           ", "port": "2:1"}, {"mac": "00:16:3e:9e:bc:fd", "vlan_name": "Exadata_CMR-CL", "vlan_id": "701", "flag": "d m            ", "port": "1:10"}, {"mac": "00:16:3e:a1:37:1c", "vlan_name": "PDI_Exalogic_BF-COL", "vlan_id": "763", "flag": "d mi           ", "port": "2:35"}, {"mac": "00:16:3e:a8:26:52", "vlan_name": "Replica_CMR-AR", "vlan_id": "727", "flag": "d mi           ", "port": "1:34"}, {"mac": "00:16:3e:aa:27:df", "vlan_name": "Adm_Exalogic-Exadata", "vlan_id": "700", "flag": "d mi           ", "port": "2:1"}, {"mac": "00:16:3e:bb:46:72", "vlan_name": "Exadata_BF-PE", "vlan_id": "704", "flag": "d m            ", "port": "1:10"}, {"mac": "00:16:3e:bd:f9:53", "vlan_name": "Adm_Exalogic-Exadata", "vlan_id": "700", "flag": "d mi           ", "port": "2:1"}, {"mac": "00:16:3e:be:5c:5a", "vlan_name": "Adm_Exalogic-Exadata", "vlan_id": "700", "flag": "d mi           ", "port": "2:1"}, {"mac": "00:16:3e:c2:dd:d9", "vlan_name": "Exadata_CMR-AR", "vlan_id": "702", "flag": "d m            ", "port": "1:11"}, {"mac": "00:16:3e:cc:0f:93", "vlan_name": "Adm_Exalogic-Exadata", "vlan_id": "700", "flag": "d mi           ", "port": "2:1"}, {"mac": "00:16:3e:d7:f0:9f", "vlan_name": "PDI_Exalogic_CMR-AR", "vlan_id": "762", "flag": "d mi           ", "port": "1:37"}, {"mac": "00:16:3e:da:a1:05", "vlan_name": "Replica_CMR-CL", "vlan_id": "708", "flag": "d mi           ", "port": "1:34"}, {"mac": "00:16:3e:ee:7c:e8", "vlan_name": "Adm_Exalogic-Exadata", "vlan_id": "700", "flag": "d mi           ", "port": "2:1"}, {"mac": "00:16:3e:ef:5e:22", "vlan_name": "Replica_CMR-AR", "vlan_id": "727", "flag": "d mi           ", "port": "2:34"}, {"mac": "00:16:3e:f0:70:63", "vlan_name": "PDI_Exalogic_CMR-AR", "vlan_id": "762", "flag": "d mi           ", "port": "2:35"}, {"mac": "00:16:3e:f7:72:35", "vlan_name": "Adm_Exalogic-Exadata", "vlan_id": "700", "flag": "d mi           ", "port": "2:1"}, {"mac": "00:16:3e:fd:c1:67", "vlan_name": "PDI_Exalogic_BF-PE", "vlan_id": "764", "flag": "d mi           ", "port": "1:37"}, {"mac": "00:21:f6:03:0a:ad", "vlan_name": "Adm_Exalogic-Exadata", "vlan_id": "700", "flag": "d mi           ", "port": "1:1"}, {"mac": "00:21:f6:4d:d3:49", "vlan_name": "Adm_Exalogic-Exadata", "vlan_id": "700", "flag": "d mi           ", "port": "1:1"}, {"mac": "00:21:f6:4e:8e:bd", "vlan_name": "Adm_EoIB", "vlan_id": "740", "flag": "d mi           ", "port": "1:20"}, {"mac": "00:21:f6:68:45:a7", "vlan_name": "Adm_Exalogic-Exadata", "vlan_id": "700", "flag": "d mi           ", "port": "1:1"}, {"mac": "00:22:bd:f8:19:ff", "vlan_name": "DCC-To-BF-CL_P", "vlan_id": "676", "flag": "d mi           ", "port": "1:46"}, {"mac": "00:22:bd:f8:19:ff", "vlan_name": "DCC-To-BF-COL_P", "vlan_id": "677", "flag": "d mi           ", "port": "1:46"}, {"mac": "00:22:bd:f8:19:ff", "vlan_name": "DCC-To-BF-PE_P", "vlan_id": "678", "flag": "d mi           ", "port": "1:46"}, {"mac": "00:22:bd:f8:19:ff", "vlan_name": "DCC-To-CMR-AR_P", "vlan_id": "679", "flag": "d mi           ", "port": "1:46"}, {"mac": "00:22:bd:f8:19:ff", "vlan_name": "DCC-To-CMR-CL_P", "vlan_id": "680", "flag": "d mi           ", "port": "1:46"}, {"mac": "00:22:bd:f8:19:ff", "vlan_name": "DCC-To-REPLICA_P", "vlan_id": "681", "flag": "d mi           ", "port": "1:46"}, {"mac": "00:22:bd:f8:19:ff", "vlan_name": "DCC-To-BF-CL_R", "vlan_id": "682", "flag": "d mi           ", "port": "2:46"}, {"mac": "00:22:bd:f8:19:ff", "vlan_name": "DCC-To-BF-COL_R", "vlan_id": "683", "flag": "d mi           ", "port": "2:46"}, {"mac": "00:22:bd:f8:19:ff", "vlan_name": "DCC-To-BF-PE_R", "vlan_id": "684", "flag": "d mi           ", "port": "2:46"}, {"mac": "00:22:bd:f8:19:ff", "vlan_name": "DCC-To-CMR-AR_R", "vlan_id": "685", "flag": "d mi           ", "port": "2:46"}, {"mac": "00:22:bd:f8:19:ff", "vlan_name": "DCC-To-CMR-CL_R", "vlan_id": "686", "flag": "d mi           ", "port": "2:46"}, {"mac": "00:22:bd:f8:19:ff", "vlan_name": "DCC-To-REPLICA_R", "vlan_id": "687", "flag": "d mi           ", "port": "2:46"}, {"mac": "00:e0:4b:4f:ee:ef", "vlan_name": "Adm_Exalogic-Exadata", "vlan_id": "700", "flag": "d mi           ", "port": "2:1"}, {"mac": "00:e0:4b:4f:ef:77", "vlan_name": "Adm_Exalogic-Exadata", "vlan_id": "700", "flag": "d mi           ", "port": "2:1"}, {"mac": "00:e0:4b:50:5e:2f", "vlan_name": "Adm_Exalogic-Exadata", "vlan_id": "700", "flag": "d mi           ", "port": "1:1"}, {"mac": "00:e0:4b:5f:6a:3e", "vlan_name": "Adm_Exalogic-Exadata", "vlan_id": "700", "flag": "d mi           ", "port": "1:1"}, {"mac": "02:04:96:7e:30:be", "vlan_name": "PDI_Omnichannel", "vlan_id": "4072", "flag": "d mi           ", "port": "1:35"}, {"mac": "74:a0:2f:8e:3c:2f", "vlan_name": "Adm_Exalogic-Exadata", "vlan_id": "700", "flag": "d m            ", "port": "1:1"}, {"mac": "74:a0:2f:8e:3c:3f", "vlan_name": "Adm_Exalogic-Exadata", "vlan_id": "700", "flag": "d mi           ", "port": "1:1"}, {"mac": "74:a0:2f:8e:c3:c0", "vlan_name": "Adm_Exalogic-Exadata", "vlan_id": "700", "flag": "d m            ", "port": "2:1"}, {"mac": "74:a0:2f:8e:c3:ff", "vlan_name": "Adm_Exalogic-Exadata", "vlan_id": "700", "flag": "d mi           ", "port": "2:1"}, {"mac": "98:be:94:00:90:e9", "vlan_name": "A7_CMR-CL", "vlan_id": "614", "flag": "d m            ", "port": "1:2"}, {"mac": "b4:0c:25:ef:00:10", "vlan_name": "Exadata_BF-CL", "vlan_id": "705", "flag": "d m            ", "port": "1:4"}, {"mac": "b4:0c:25:ef:00:10", "vlan_name": "Exadata_BF-COL", "vlan_id": "703", "flag": "d m            ", "port": "1:4"}, {"mac": "b4:0c:25:ef:00:10", "vlan_name": "Exadata_BF-PE", "vlan_id": "704", "flag": "d m            ", "port": "1:4"}, {"mac": "b4:0c:25:ef:00:10", "vlan_name": "Exadata_CMR-AR", "vlan_id": "702", "flag": "d m            ", "port": "1:4"}, {"mac": "b4:0c:25:ef:00:10", "vlan_name": "Exadata_CMR-CL", "vlan_id": "701", "flag": "d m            ", "port": "1:4"}, {"mac": "b4:0c:25:ef:00:10", "vlan_name": "Exadata_Homologacion", "vlan_id": "706", "flag": "d m            ", "port": "1:4"}, {"mac": "b4:0c:25:ef:00:10", "vlan_name": "Adm_EoIB", "vlan_id": "740", "flag": "d mi           ", "port": "1:4"}, {"mac": "b4:0c:25:ef:00:10", "vlan_name": "Adm_Exalogic-Exadata", "vlan_id": "700", "flag": "d mi           ", "port": "1:4"}, {"mac": "b4:0c:25:ef:00:10", "vlan_name": "Exalogic_BF-CL", "vlan_id": "735", "flag": "d mi           ", "port": "1:4"}, {"mac": "b4:0c:25:ef:00:10", "vlan_name": "Exalogic_BF-COL", "vlan_id": "733", "flag": "d mi           ", "port": "1:4"}, {"mac": "b4:0c:25:ef:00:10", "vlan_name": "Exalogic_BF-PE", "vlan_id": "734", "flag": "d mi           ", "port": "1:4"}, {"mac": "b4:0c:25:ef:00:10", "vlan_name": "Exalogic_CMR-CL", "vlan_id": "731", "flag": "d mi           ", "port": "1:4"}, {"mac": "b4:0c:25:ef:00:10", "vlan_name": "Exalogic_CMR-AR", "vlan_id": "732", "flag": "d mi           ", "port": "1:4"}, {"mac": "b4:0c:25:ef:00:10", "vlan_name": "Exalogic_Homologacion", "vlan_id": "736", "flag": "d m            ", "port": "1:4"}, {"mac": "b4:0c:25:ef:00:10", "vlan_name": "Monitoreo_OEM", "vlan_id": "709", "flag": "d m            ", "port": "1:4"}, {"mac": "b4:0c:25:ef:00:10", "vlan_name": "A7_CMR-CL", "vlan_id": "614", "flag": "d m            ", "port": "1:4"}, {"mac": "b4:0c:25:ef:00:10", "vlan_name": "EXT_F5_Omni", "vlan_id": "625", "flag": "d m            ", "port": "1:4"}, {"mac": "b4:0c:25:ef:00:10", "vlan_name": "HSM_VU", "vlan_id": "1602", "flag": "d m            ", "port": "1:4"}, {"mac": "b4:de:31:ad:20:4c", "vlan_name": "Sync_Viprion", "vlan_id": "1888", "flag": "d m            ", "port": "1:28"}, {"mac": "b4:de:31:ad:28:75", "vlan_name": "Exadata_BF-CL", "vlan_id": "705", "flag": "d m            ", "port": "1:4"}, {"mac": "b4:de:31:ad:28:75", "vlan_name": "Exadata_BF-COL", "vlan_id": "703", "flag": "d m            ", "port": "1:4"}, {"mac": "b4:de:31:ad:28:75", "vlan_name": "Exadata_BF-PE", "vlan_id": "704", "flag": "d m            ", "port": "1:4"}, {"mac": "b4:de:31:ad:28:75", "vlan_name": "Exadata_CMR-AR", "vlan_id": "702", "flag": "d m            ", "port": "1:4"}, {"mac": "b4:de:31:ad:28:75", "vlan_name": "Exadata_CMR-CL", "vlan_id": "701", "flag": "d m            ", "port": "1:4"}, {"mac": "b4:de:31:ad:28:75", "vlan_name": "Exadata_Homologacion", "vlan_id": "706", "flag": "d m            ", "port": "1:4"}, {"mac": "b4:de:31:ad:28:75", "vlan_name": "Adm_EoIB", "vlan_id": "740", "flag": "d m            ", "port": "1:4"}, {"mac": "b4:de:31:ad:28:75", "vlan_name": "Adm_Exalogic-Exadata", "vlan_id": "700", "flag": "d m            ", "port": "1:4"}, {"mac": "b4:de:31:ad:28:75", "vlan_name": "Exalogic_BF-CL", "vlan_id": "735", "flag": "d m            ", "port": "1:4"}, {"mac": "b4:de:31:ad:28:75", "vlan_name": "Exalogic_BF-COL", "vlan_id": "733", "flag": "d m            ", "port": "1:4"}, {"mac": "b4:de:31:ad:28:75", "vlan_name": "Exalogic_BF-PE", "vlan_id": "734", "flag": "d m            ", "port": "1:4"}, {"mac": "b4:de:31:ad:28:75", "vlan_name": "Exalogic_CMR-CL", "vlan_id": "731", "flag": "d m            ", "port": "1:4"}, {"mac": "b4:de:31:ad:28:75", "vlan_name": "Exalogic_CMR-AR", "vlan_id": "732", "flag": "d m            ", "port": "1:4"}, {"mac": "b4:de:31:ad:28:75", "vlan_name": "Exalogic_Homologacion", "vlan_id": "736", "flag": "d m            ", "port": "1:4"}, {"mac": "b4:de:31:ad:28:75", "vlan_name": "Monitoreo_OEM", "vlan_id": "709", "flag": "d m            ", "port": "1:4"}, {"mac": "b4:de:31:ad:28:75", "vlan_name": "A7_CMR-CL", "vlan_id": "614", "flag": "d m            ", "port": "1:4"}, {"mac": "b4:de:31:ad:28:75", "vlan_name": "EXT_F5_Omni", "vlan_id": "625", "flag": "d m            ", "port": "1:4"}, {"mac": "b4:de:31:ad:28:75", "vlan_name": "HSM_VU", "vlan_id": "1602", "flag": "d m            ", "port": "1:4"}, {"mac": "b4:de:31:c5:8c:bf", "vlan_name": "Exadata_BF-CL", "vlan_id": "705", "flag": "d m            ", "port": "1:4"}, {"mac": "b4:de:31:c5:8c:bf", "vlan_name": "Exadata_BF-COL", "vlan_id": "703", "flag": "d m            ", "port": "1:4"}, {"mac": "b4:de:31:c5:8c:bf", "vlan_name": "Exadata_BF-PE", "vlan_id": "704", "flag": "d m            ", "port": "1:4"}, {"mac": "b4:de:31:c5:8c:bf", "vlan_name": "Exadata_CMR-AR", "vlan_id": "702", "flag": "d m            ", "port": "1:4"}, {"mac": "b4:de:31:c5:8c:bf", "vlan_name": "Exadata_CMR-CL", "vlan_id": "701", "flag": "d m            ", "port": "1:4"}, {"mac": "b4:de:31:c5:8c:bf", "vlan_name": "Exadata_Homologacion", "vlan_id": "706", "flag": "d m            ", "port": "1:4"}, {"mac": "b4:de:31:c5:8c:bf", "vlan_name": "Adm_EoIB", "vlan_id": "740", "flag": "d m            ", "port": "1:4"}, {"mac": "b4:de:31:c5:8c:bf", "vlan_name": "Adm_Exalogic-Exadata", "vlan_id": "700", "flag": "d m            ", "port": "1:4"}, {"mac": "b4:de:31:c5:8c:bf", "vlan_name": "Exalogic_BF-CL", "vlan_id": "735", "flag": "d m            ", "port": "1:4"}, {"mac": "b4:de:31:c5:8c:bf", "vlan_name": "Exalogic_BF-COL", "vlan_id": "733", "flag": "d m            ", "port": "1:4"}, {"mac": "b4:de:31:c5:8c:bf", "vlan_name": "Exalogic_BF-PE", "vlan_id": "734", "flag": "d m            ", "port": "1:4"}, {"mac": "b4:de:31:c5:8c:bf", "vlan_name": "Exalogic_CMR-CL", "vlan_id": "731", "flag": "d m            ", "port": "1:4"}, {"mac": "b4:de:31:c5:8c:bf", "vlan_name": "Exalogic_CMR-AR", "vlan_id": "732", "flag": "d m            ", "port": "1:4"}, {"mac": "b4:de:31:c5:8c:bf", "vlan_name": "Exalogic_Homologacion", "vlan_id": "736", "flag": "d m            ", "port": "1:4"}, {"mac": "b4:de:31:c5:8c:bf", "vlan_name": "Monitoreo_OEM", "vlan_id": "709", "flag": "d m            ", "port": "1:4"}, {"mac": "b4:de:31:c5:8c:bf", "vlan_name": "A7_CMR-CL", "vlan_id": "614", "flag": "d m            ", "port": "1:4"}, {"mac": "b4:de:31:c5:8c:bf", "vlan_name": "EXT_F5_Omni", "vlan_id": "625", "flag": "d m            ", "port": "1:4"}, {"mac": "b4:de:31:c5:8c:bf", "vlan_name": "HSM_VU", "vlan_id": "1602", "flag": "d m            ", "port": "1:4"}, {"mac": "f4:15:63:92:d8:0f", "vlan_name": "Exalogic_BF-CL", "vlan_id": "735", "flag": "d mi           ", "port": "1:4"}, {"mac": "f4:15:63:92:d8:0f", "vlan_name": "Exalogic_BF-COL", "vlan_id": "733", "flag": "d mi           ", "port": "1:4"}, {"mac": "f4:15:63:92:d8:0f", "vlan_name": "Exalogic_BF-PE", "vlan_id": "734", "flag": "d mi           ", "port": "1:4"}, {"mac": "f4:15:63:92:d8:0f", "vlan_name": "Exalogic_CMR-CL", "vlan_id": "731", "flag": "d mi           ", "port": "1:4"}, {"mac": "f4:15:63:92:d8:0f", "vlan_name": "Exalogic_CMR-AR", "vlan_id": "732", "flag": "d mi           ", "port": "1:4"}, {"mac": "f4:15:63:93:4e:0d", "vlan_name": "Exalogic_BF-COL", "vlan_id": "733", "flag": "d mi           ", "port": "1:4"}, {"mac": "f4:15:63:93:4e:0d", "vlan_name": "Exalogic_BF-PE", "vlan_id": "734", "flag": "d mi           ", "port": "1:4"}, {"mac": "f4:15:63:93:4e:0d", "vlan_name": "Exalogic_CMR-CL", "vlan_id": "731", "flag": "d mi           ", "port": "1:4"}, {"mac": "f4:15:63:93:4e:0d", "vlan_name": "Exalogic_CMR-AR", "vlan_id": "732", "flag": "d mi           ", "port": "1:4"}, {"mac": "f4:15:63:93:4e:0e", "vlan_name": "Exalogic_BF-CL", "vlan_id": "735", "flag": "d mi           ", "port": "1:4"}]