[{"mac": "00:00:5e:00:01:09", "vlan_name": "Servidores2_CDLV", "vlan_id": "113", "flag": "dhm            ", "port": "1:25"}, {"mac": "00:00:5e:00:01:09", "vlan_name": "Servidores_CDLV", "vlan_id": "105", "flag": "dhmi           ", "port": "1:25"}, {"mac": "00:00:5e:00:01:8d", "vlan_name": "Wireless_Controller", "vlan_id": "141", "flag": "dhm            ", "port": "1:25"}, {"mac": "00:00:c9:f5:66:d0", "vlan_name": "Servidores_CDLV", "vlan_id": "105", "flag": "dhmi           ", "port": "1:25"}, {"mac": "00:04:96:43:bc:80", "vlan_name": "Servidores2_CDLV", "vlan_id": "113", "flag": "dhm            ", "port": "1:25"}, {"mac": "00:04:96:43:bc:80", "vlan_name": "Servidores_CDLV", "vlan_id": "105", "flag": "dhmi           ", "port": "1:25"}, {"mac": "00:04:96:43:bc:80", "vlan_name": "Wireless_Controller", "vlan_id": "141", "flag": "dhm            ", "port": "1:25"}, {"mac": "00:04:96:43:e3:10", "vlan_name": "Servidores2_CDLV", "vlan_id": "113", "flag": "dhm            ", "port": "1:25"}, {"mac": "00:04:96:43:e3:10", "vlan_name": "Servidores_CDLV", "vlan_id": "105", "flag": "dhmi           ", "port": "1:25"}, {"mac": "00:04:96:43:e3:10", "vlan_name": "Wireless_Controller", "vlan_id": "141", "flag": "dhm            ", "port": "1:25"}, {"mac": "00:04:96:98:80:b2", "vlan_name": "Wireless_Controller", "vlan_id": "141", "flag": "dhm            ", "port": "1:25"}, {"mac": "00:04:96:9a:73:d6", "vlan_name": "Wireless_Controller", "vlan_id": "141", "flag": "dhm            ", "port": "1:25"}, {"mac": "00:09:6b:1e:08:c4", "vlan_name": "Servidores_CDLV", "vlan_id": "105", "flag": "d mi           ", "port": "1:25"}, {"mac": "00:09:6b:1e:0b:92", "vlan_name": "Servidores_CDLV", "vlan_id": "105", "flag": "dhmi           ", "port": "1:25"}, {"mac": "00:09:6b:ee:a9:1a", "vlan_name": "Servidores_CDLV", "vlan_id": "105", "flag": "d mi           ", "port": "1:25"}, {"mac": "00:0a:f7:d7:e4:93", "vlan_name": "Servidores_CDLV", "vlan_id": "105", "flag": "dhmi           ", "port": "1:25"}, {"mac": "00:0c:29:07:ce:0f", "vlan_name": "Servidores_CDLV", "vlan_id": "105", "flag": "dhmi           ", "port": "1:25"}, {"mac": "00:0c:29:29:ac:ed", "vlan_name": "Servidores_CDLV", "vlan_id": "105", "flag": "dhmi           ", "port": "1:25"}, {"mac": "00:0c:29:59:97:ed", "vlan_name": "Servidores_CDLV", "vlan_id": "105", "flag": "d mi           ", "port": "1:25"}, {"mac": "00:0c:29:98:1f:4f", "vlan_name": "Servidores_CDLV", "vlan_id": "105", "flag": "d mi           ", "port": "1:25"}, {"mac": "00:0c:29:b8:e0:65", "vlan_name": "Servidores_CDLV", "vlan_id": "105", "flag": "dhmi           ", "port": "1:25"}, {"mac": "00:0c:29:e1:48:15", "vlan_name": "Servidores_CDLV", "vlan_id": "105", "flag": "d mi           ", "port": "1:25"}, {"mac": "00:0c:29:ec:94:ed", "vlan_name": "Servidores_CDLV", "vlan_id": "105", "flag": "dhm            ", "port": "1:25"}, {"mac": "00:0c:29:fa:70:34", "vlan_name": "Servidores_CDLV", "vlan_id": "105", "flag": "dhmi           ", "port": "1:25"}, {"mac": "00:0d:60:de:d7:66", "vlan_name": "Servidores_CDLV", "vlan_id": "105", "flag": "d mi           ", "port": "1:25"}, {"mac": "00:0e:0c:c7:68:c8", "vlan_name": "Servidores_CDLV", "vlan_id": "105", "flag": "d mi           ", "port": "1:25"}, {"mac": "00:10:18:a3:77:58", "vlan_name": "Servidores_CDLV", "vlan_id": "105", "flag": "d mi           ", "port": "1:25"}, {"mac": "00:10:18:a3:7c:90", "vlan_name": "Servidores_CDLV", "vlan_id": "105", "flag": "d mi           ", "port": "1:25"}, {"mac": "00:10:18:a3:7c:e8", "vlan_name": "Servidores_CDLV", "vlan_id": "105", "flag": "dhmi           ", "port": "1:25"}, {"mac": "00:10:18:aa:c2:a8", "vlan_name": "Servidores_CDLV", "vlan_id": "105", "flag": "dhmi           ", "port": "1:25"}, {"mac": "00:10:18:aa:c5:38", "vlan_name": "Servidores_CDLV", "vlan_id": "105", "flag": "dhmi           ", "port": "1:25"}, {"mac": "00:10:18:aa:d5:e0", "vlan_name": "Servidores_CDLV", "vlan_id": "105", "flag": "dhmi           ", "port": "1:25"}, {"mac": "00:11:0a:86:fe:57", "vlan_name": "Servidores_CDLV", "vlan_id": "105", "flag": "dhmi           ", "port": "1:25"}, {"mac": "00:11:25:a6:c1:24", "vlan_name": "Servidores2_CDLV", "vlan_id": "113", "flag": "dhm            ", "port": "1:25"}, {"mac": "00:14:5e:15:f2:e1", "vlan_name": "Servidores_CDLV", "vlan_id": "105", "flag": "dhmi           ", "port": "1:25"}, {"mac": "00:14:5e:15:f4:2b", "vlan_name": "Servidores_CDLV", "vlan_id": "105", "flag": "dhmi           ", "port": "1:25"}, {"mac": "00:14:5e:74:14:dc", "vlan_name": "Servidores2_CDLV", "vlan_id": "113", "flag": "dhm            ", "port": "1:25"}, {"mac": "00:14:5e:78:d2:ae", "vlan_name": "Servidores_CDLV", "vlan_id": "105", "flag": "d mi           ", "port": "1:25"}, {"mac": "00:14:5e:79:87:b4", "vlan_name": "Servidores_CDLV", "vlan_id": "105", "flag": "dhmi           ", "port": "1:25"}, {"mac": "00:14:5e:79:a9:0a", "vlan_name": "Servidores_CDLV", "vlan_id": "105", "flag": "d mi           ", "port": "1:25"}, {"mac": "00:14:5e:d2:e5:02", "vlan_name": "Servidores2_CDLV", "vlan_id": "113", "flag": "dhm            ", "port": "1:25"}, {"mac": "00:14:5e:db:39:36", "vlan_name": "Servidores_CDLV", "vlan_id": "105", "flag": "d mi           ", "port": "1:25"}, {"mac": "00:14:5e:e8:95:7d", "vlan_name": "Servidores_CDLV", "vlan_id": "105", "flag": "dhmi           ", "port": "1:25"}, {"mac": "00:15:5d:00:8f:07", "vlan_name": "Servidores_CDLV", "vlan_id": "105", "flag": "dhmi           ", "port": "1:25"}, {"mac": "00:15:5d:06:6f:15", "vlan_name": "Servidores_CDLV", "vlan_id": "105", "flag": "dhmi           ", "port": "1:25"}, {"mac": "00:15:5d:06:6f:3d", "vlan_name": "Servidores_CDLV", "vlan_id": "105", "flag": "dhm            ", "port": "1:25"}, {"mac": "00:15:5d:06:6f:65", "vlan_name": "Servidores_CDLV", "vlan_id": "105", "flag": "dhmi           ", "port": "1:25"}, {"mac": "00:15:5d:06:6f:67", "vlan_name": "Servidores_CDLV", "vlan_id": "105", "flag": "dhmi           ", "port": "1:25"}, {"mac": "00:15:5d:06:6f:6b", "vlan_name": "Servidores_CDLV", "vlan_id": "105", "flag": "dhmi           ", "port": "1:25"}, {"mac": "00:15:5d:06:6f:6f", "vlan_name": "Servidores_CDLV", "vlan_id": "105", "flag": "dhm            ", "port": "1:25"}, {"mac": "00:15:5d:06:6f:73", "vlan_name": "Servidores_CDLV", "vlan_id": "105", "flag": "dhmi           ", "port": "1:25"}, {"mac": "00:15:5d:06:6f:8d", "vlan_name": "Servidores_CDLV", "vlan_id": "105", "flag": "dhmi           ", "port": "1:25"}, {"mac": "00:15:5d:06:6f:94", "vlan_name": "Servidores_CDLV", "vlan_id": "105", "flag": "dhm            ", "port": "1:25"}, {"mac": "00:15:5d:06:6f:98", "vlan_name": "Servidores2_CDLV", "vlan_id": "113", "flag": "dhm            ", "port": "1:25"}, {"mac": "00:15:5d:06:6f:9f", "vlan_name": "Servidores2_CDLV", "vlan_id": "113", "flag": "dhm            ", "port": "1:25"}, {"mac": "00:15:5d:06:6f:ae", "vlan_name": "Servidores_CDLV", "vlan_id": "105", "flag": "dhmi           ", "port": "1:25"}, {"mac": "00:15:5d:06:6f:b0", "vlan_name": "Servidores_CDLV", "vlan_id": "105", "flag": "dhmi           ", "port": "1:25"}, {"mac": "00:15:5d:06:6f:b1", "vlan_name": "Servidores_CDLV", "vlan_id": "105", "flag": "dhmi           ", "port": "1:25"}, {"mac": "00:15:5d:06:6f:b6", "vlan_name": "Servidores_CDLV", "vlan_id": "105", "flag": "dhmi           ", "port": "1:25"}, {"mac": "00:15:5d:06:6f:b8", "vlan_name": "Servidores_CDLV", "vlan_id": "105", "flag": "dhm            ", "port": "1:25"}, {"mac": "00:15:5d:06:6f:ba", "vlan_name": "Servidores_CDLV", "vlan_id": "105", "flag": "dhm            ", "port": "1:25"}, {"mac": "00:15:5d:06:6f:bd", "vlan_name": "Servidores_CDLV", "vlan_id": "105", "flag": "dhm            ", "port": "1:25"}, {"mac": "00:15:5d:06:6f:f7", "vlan_name": "Servidores_CDLV", "vlan_id": "105", "flag": "dhm            ", "port": "1:25"}, {"mac": "00:15:5d:06:70:18", "vlan_name": "Servidores_CDLV", "vlan_id": "105", "flag": "dhm            ", "port": "1:25"}, {"mac": "00:15:5d:06:70:25", "vlan_name": "Servidores_CDLV", "vlan_id": "105", "flag": "dhm            ", "port": "1:25"}, {"mac": "00:15:5d:06:70:3b", "vlan_name": "Servidores_CDLV", "vlan_id": "105", "flag": "dhm            ", "port": "1:25"}, {"mac": "00:15:5d:06:70:4a", "vlan_name": "Servidores_CDLV", "vlan_id": "105", "flag": "dhm            ", "port": "1:25"}, {"mac": "00:15:5d:06:70:4b", "vlan_name": "Servidores_CDLV", "vlan_id": "105", "flag": "d mi           ", "port": "1:25"}, {"mac": "00:15:5d:06:70:4d", "vlan_name": "Servidores_CDLV", "vlan_id": "105", "flag": "dhm            ", "port": "1:25"}, {"mac": "00:15:5d:06:70:89", "vlan_name": "Servidores_CDLV", "vlan_id": "105", "flag": "dhmi           ", "port": "1:25"}, {"mac": "00:15:5d:06:70:8b", "vlan_name": "Servidores_CDLV", "vlan_id": "105", "flag": "dhmi           ", "port": "1:25"}, {"mac": "00:15:5d:06:70:c8", "vlan_name": "Servidores_CDLV", "vlan_id": "105", "flag": "dhm            ", "port": "1:25"}, {"mac": "00:15:5d:06:70:cd", "vlan_name": "Servidores_CDLV", "vlan_id": "105", "flag": "dhm            ", "port": "1:25"}, {"mac": "00:15:5d:06:70:d0", "vlan_name": "Servidores_CDLV", "vlan_id": "105", "flag": "dhm            ", "port": "1:25"}, {"mac": "00:15:5d:06:70:d1", "vlan_name": "Servidores_CDLV", "vlan_id": "105", "flag": "dhmi           ", "port": "1:25"}, {"mac": "00:15:5d:06:70:d3", "vlan_name": "Servidores_CDLV", "vlan_id": "105", "flag": "dhmi           ", "port": "1:25"}, {"mac": "00:15:5d:06:70:dc", "vlan_name": "Servidores_CDLV", "vlan_id": "105", "flag": "dhm            ", "port": "1:25"}, {"mac": "00:15:5d:06:70:de", "vlan_name": "Servidores_CDLV", "vlan_id": "105", "flag": "dhmi           ", "port": "1:25"}, {"mac": "00:15:5d:06:70:df", "vlan_name": "Servidores2_CDLV", "vlan_id": "113", "flag": "dhm            ", "port": "1:25"}, {"mac": "00:15:5d:06:70:ea", "vlan_name": "Servidores2_CDLV", "vlan_id": "113", "flag": "dhm            ", "port": "1:25"}, {"mac": "00:15:5d:06:70:f9", "vlan_name": "Servidores_CDLV", "vlan_id": "105", "flag": "dhm            ", "port": "1:25"}, {"mac": "00:15:5d:06:70:fa", "vlan_name": "Servidores_CDLV", "vlan_id": "105", "flag": "dhm            ", "port": "1:25"}, {"mac": "00:15:5d:06:7f:0b", "vlan_name": "Servidores_CDLV", "vlan_id": "105", "flag": "dhm            ", "port": "1:25"}, {"mac": "00:15:5d:06:7f:10", "vlan_name": "Servidores_CDLV", "vlan_id": "105", "flag": "dhmi           ", "port": "1:25"}, {"mac": "00:15:5d:06:7f:15", "vlan_name": "Servidores_CDLV", "vlan_id": "105", "flag": "d mi           ", "port": "1:25"}, {"mac": "00:15:5d:06:7f:17", "vlan_name": "Servidores_CDLV", "vlan_id": "105", "flag": "dhmi           ", "port": "1:25"}, {"mac": "00:15:5d:06:7f:20", "vlan_name": "Servidores_CDLV", "vlan_id": "105", "flag": "dhm            ", "port": "1:25"}, {"mac": "00:15:5d:06:7f:2c", "vlan_name": "Servidores_CDLV", "vlan_id": "105", "flag": "dhm            ", "port": "1:25"}, {"mac": "00:15:5d:06:7f:40", "vlan_name": "Servidores_CDLV", "vlan_id": "105", "flag": "dhmi           ", "port": "1:25"}, {"mac": "00:15:5d:06:7f:70", "vlan_name": "Servidores_CDLV", "vlan_id": "105", "flag": "dhmi           ", "port": "1:25"}, {"mac": "00:15:5d:06:7f:71", "vlan_name": "Servidores_CDLV", "vlan_id": "105", "flag": "d mi           ", "port": "1:25"}, {"mac": "00:15:5d:06:7f:74", "vlan_name": "Servidores_CDLV", "vlan_id": "105", "flag": "dhmi           ", "port": "1:25"}, {"mac": "00:15:5d:06:7f:77", "vlan_name": "Servidores_CDLV", "vlan_id": "105", "flag": "dhmi           ", "port": "1:25"}, {"mac": "00:15:5d:06:7f:93", "vlan_name": "Servidores2_CDLV", "vlan_id": "113", "flag": "dhm            ", "port": "1:25"}, {"mac": "00:15:5d:06:7f:9f", "vlan_name": "Servidores2_CDLV", "vlan_id": "113", "flag": "dhm            ", "port": "1:25"}, {"mac": "00:15:5d:06:7f:a7", "vlan_name": "Servidores2_CDLV", "vlan_id": "113", "flag": "dhm            ", "port": "1:25"}, {"mac": "00:15:5d:06:7f:b2", "vlan_name": "Servidores_CDLV", "vlan_id": "105", "flag": "dhmi           ", "port": "1:25"}, {"mac": "00:15:5d:06:7f:b6", "vlan_name": "Servidores_CDLV", "vlan_id": "105", "flag": "dhmi           ", "port": "1:25"}, {"mac": "00:15:5d:06:7f:c8", "vlan_name": "Servidores_CDLV", "vlan_id": "105", "flag": "dhm            ", "port": "1:25"}, {"mac": "00:15:5d:06:7f:d2", "vlan_name": "Servidores_CDLV", "vlan_id": "105", "flag": "d mi           ", "port": "1:25"}, {"mac": "00:15:5d:06:7f:d7", "vlan_name": "Servidores_CDLV", "vlan_id": "105", "flag": "dhm            ", "port": "1:25"}, {"mac": "00:15:5d:06:7f:f9", "vlan_name": "Servidores_CDLV", "vlan_id": "105", "flag": "dhmi           ", "port": "1:25"}, {"mac": "00:15:5d:06:7f:fa", "vlan_name": "Servidores_CDLV", "vlan_id": "105", "flag": "dhmi           ", "port": "1:25"}, {"mac": "00:15:5d:06:7f:fe", "vlan_name": "Servidores2_CDLV", "vlan_id": "113", "flag": "dhm            ", "port": "1:25"}, {"mac": "00:15:b2:a2:65:ac", "vlan_name": "Servidores_CDLV", "vlan_id": "105", "flag": "dhmi           ", "port": "1:25"}, {"mac": "00:18:7d:2b:ca:f6", "vlan_name": "Servidores_CDLV", "vlan_id": "105", "flag": "dhmi           ", "port": "1:25"}, {"mac": "00:1a:64:1e:bd:ac", "vlan_name": "Servidores_CDLV", "vlan_id": "105", "flag": "d mi           ", "port": "1:25"}, {"mac": "00:1a:64:65:e7:c4", "vlan_name": "Servidores_CDLV", "vlan_id": "105", "flag": "dhmi           ", "port": "1:25"}, {"mac": "00:1a:64:91:e6:26", "vlan_name": "Servidores_CDLV", "vlan_id": "105", "flag": "d mi           ", "port": "1:25"}, {"mac": "00:1a:64:99:19:b4", "vlan_name": "Servidores_CDLV", "vlan_id": "105", "flag": "dhmi           ", "port": "1:25"}, {"mac": "00:1a:64:9a:46:6d", "vlan_name": "Servidores_CDLV", "vlan_id": "105", "flag": "dhm            ", "port": "1:25"}, {"mac": "00:1a:64:c3:c6:de", "vlan_name": "Servidores_CDLV", "vlan_id": "105", "flag": "d mi           ", "port": "1:25"}, {"mac": "00:1b:21:7f:6f:d4", "vlan_name": "Servidores_CDLV", "vlan_id": "105", "flag": "dhmi           ", "port": "1:25"}, {"mac": "00:1b:21:a9:5a:1d", "vlan_name": "Servidores_CDLV", "vlan_id": "105", "flag": "dhmi           ", "port": "1:25"}, {"mac": "00:1b:21:bf:a0:7d", "vlan_name": "Servidores_CDLV", "vlan_id": "105", "flag": "dhmi           ", "port": "1:25"}, {"mac": "00:1e:0b:d0:c7:18", "vlan_name": "Servidores_CDLV", "vlan_id": "105", "flag": "dhmi           ", "port": "1:25"}, {"mac": "00:1e:67:b3:76:d7", "vlan_name": "Servidores_CDLV", "vlan_id": "105", "flag": "dhmi           ", "port": "1:25"}, {"mac": "00:1e:67:c2:c8:d5", "vlan_name": "Servidores_CDLV", "vlan_id": "105", "flag": "dhmi           ", "port": "1:25"}, {"mac": "00:21:5e:34:ca:a6", "vlan_name": "Servidores_CDLV", "vlan_id": "105", "flag": "dhmi           ", "port": "1:25"}, {"mac": "00:21:5e:34:cd:72", "vlan_name": "Servidores_CDLV", "vlan_id": "105", "flag": "d mi           ", "port": "1:25"}, {"mac": "00:21:5e:4c:e2:c8", "vlan_name": "Servidores_CDLV", "vlan_id": "105", "flag": "d mi           ", "port": "1:25"}, {"mac": "00:21:5e:4c:e3:f0", "vlan_name": "Servidores_CDLV", "vlan_id": "105", "flag": "dhmi           ", "port": "1:25"}, {"mac": "00:21:5e:5d:1a:86", "vlan_name": "Servidores_CDLV", "vlan_id": "105", "flag": "dhmi           ", "port": "1:25"}, {"mac": "00:21:5e:5d:61:ca", "vlan_name": "Servidores_CDLV", "vlan_id": "105", "flag": "dhmi           ", "port": "1:25"}, {"mac": "00:21:5e:5d:62:3a", "vlan_name": "Servidores_CDLV", "vlan_id": "105", "flag": "dhmi           ", "port": "1:25"}, {"mac": "00:21:5e:5d:62:b6", "vlan_name": "Servidores_CDLV", "vlan_id": "105", "flag": "dhmi           ", "port": "1:25"}, {"mac": "00:21:5e:db:b2:bc", "vlan_name": "Servidores_CDLV", "vlan_id": "105", "flag": "dhmi           ", "port": "1:25"}, {"mac": "00:21:5e:f7:34:2c", "vlan_name": "Servidores_CDLV", "vlan_id": "105", "flag": "d mi           ", "port": "1:25"}, {"mac": "00:21:5e:f7:37:ee", "vlan_name": "Servidores_CDLV", "vlan_id": "105", "flag": "dhmi           ", "port": "1:25"}, {"mac": "00:21:5e:f7:61:4e", "vlan_name": "Servidores_CDLV", "vlan_id": "105", "flag": "d mi           ", "port": "1:25"}, {"mac": "00:23:7d:65:1f:92", "vlan_name": "Servidores_CDLV", "vlan_id": "105", "flag": "dhmi           ", "port": "1:25"}, {"mac": "00:24:81:e5:4d:2e", "vlan_name": "Servidores_CDLV", "vlan_id": "105", "flag": "dhmi           ", "port": "1:25"}, {"mac": "00:24:e8:6c:e7:0f", "vlan_name": "Servidores_CDLV", "vlan_id": "105", "flag": "dhmi           ", "port": "1:25"}, {"mac": "00:26:55:26:37:e6", "vlan_name": "Servidores_CDLV", "vlan_id": "105", "flag": "dhmi           ", "port": "1:25"}, {"mac": "00:50:56:90:16:98", "vlan_name": "Servidores_CDLV", "vlan_id": "105", "flag": "dhmi           ", "port": "1:25"}, {"mac": "00:50:56:90:16:9f", "vlan_name": "Servidores_CDLV", "vlan_id": "105", "flag": "dhmi           ", "port": "1:25"}, {"mac": "00:50:56:90:16:a2", "vlan_name": "Servidores_CDLV", "vlan_id": "105", "flag": "dhmi           ", "port": "1:25"}, {"mac": "00:50:56:90:16:a3", "vlan_name": "Servidores_CDLV", "vlan_id": "105", "flag": "dhmi           ", "port": "1:25"}, {"mac": "00:50:56:90:16:a7", "vlan_name": "Servidores_CDLV", "vlan_id": "105", "flag": "dhmi           ", "port": "1:25"}, {"mac": "00:50:56:90:16:a9", "vlan_name": "Servidores_CDLV", "vlan_id": "105", "flag": "d mi           ", "port": "1:25"}, {"mac": "00:50:56:90:1a:46", "vlan_name": "Servidores_CDLV", "vlan_id": "105", "flag": "dhmi           ", "port": "1:25"}, {"mac": "00:50:56:90:1a:5e", "vlan_name": "Servidores_CDLV", "vlan_id": "105", "flag": "dhmi           ", "port": "1:25"}, {"mac": "00:50:56:90:1a:61", "vlan_name": "Servidores_CDLV", "vlan_id": "105", "flag": "d mi           ", "port": "1:25"}, {"mac": "00:50:56:90:1a:68", "vlan_name": "Servidores_CDLV", "vlan_id": "105", "flag": "dhmi           ", "port": "1:25"}, {"mac": "00:50:56:90:1b:7b", "vlan_name": "Servidores_CDLV", "vlan_id": "105", "flag": "dhmi           ", "port": "1:25"}, {"mac": "00:50:56:90:1b:80", "vlan_name": "Servidores_CDLV", "vlan_id": "105", "flag": "dhmi           ", "port": "1:25"}, {"mac": "00:50:56:90:1b:8d", "vlan_name": "Servidores2_CDLV", "vlan_id": "113", "flag": "dhm            ", "port": "1:25"}, {"mac": "00:50:56:90:1b:8e", "vlan_name": "Servidores2_CDLV", "vlan_id": "113", "flag": "dhm            ", "port": "1:25"}, {"mac": "00:50:56:90:1b:8f", "vlan_name": "Servidores2_CDLV", "vlan_id": "113", "flag": "dhm            ", "port": "1:25"}, {"mac": "00:50:56:90:20:74", "vlan_name": "Servidores_CDLV", "vlan_id": "105", "flag": "dhmi           ", "port": "1:25"}, {"mac": "00:50:56:90:20:7b", "vlan_name": "Servidores_CDLV", "vlan_id": "105", "flag": "dhmi           ", "port": "1:25"}, {"mac": "00:50:56:90:20:85", "vlan_name": "Servidores_CDLV", "vlan_id": "105", "flag": "dhmi           ", "port": "1:25"}, {"mac": "00:50:56:90:20:8c", "vlan_name": "Servidores_CDLV", "vlan_id": "105", "flag": "dhmi           ", "port": "1:25"}, {"mac": "00:50:56:90:20:93", "vlan_name": "Servidores_CDLV", "vlan_id": "105", "flag": "dhmi           ", "port": "1:25"}, {"mac": "00:50:56:90:20:a9", "vlan_name": "Servidores_CDLV", "vlan_id": "105", "flag": "dhmi           ", "port": "1:25"}, {"mac": "00:50:56:90:20:ac", "vlan_name": "Servidores_CDLV", "vlan_id": "105", "flag": "dhmi           ", "port": "1:25"}, {"mac": "00:50:56:90:20:b0", "vlan_name": "Servidores_CDLV", "vlan_id": "105", "flag": "d mi           ", "port": "1:25"}, {"mac": "00:50:56:90:20:cc", "vlan_name": "Servidores_CDLV", "vlan_id": "105", "flag": "dhmi           ", "port": "1:25"}, {"mac": "00:50:56:90:2c:bd", "vlan_name": "Servidores_CDLV", "vlan_id": "105", "flag": "dhmi           ", "port": "1:25"}, {"mac": "00:50:56:90:2c:be", "vlan_name": "Servidores_CDLV", "vlan_id": "105", "flag": "dhmi           ", "port": "1:25"}, {"mac": "00:50:56:90:30:24", "vlan_name": "Servidores_CDLV", "vlan_id": "105", "flag": "dhmi           ", "port": "1:25"}, {"mac": "00:50:56:90:30:25", "vlan_name": "Servidores_CDLV", "vlan_id": "105", "flag": "d mi           ", "port": "1:25"}, {"mac": "00:50:56:90:30:26", "vlan_name": "Servidores_CDLV", "vlan_id": "105", "flag": "dhmi           ", "port": "1:25"}, {"mac": "00:50:56:90:30:27", "vlan_name": "Servidores_CDLV", "vlan_id": "105", "flag": "d mi           ", "port": "1:25"}, {"mac": "00:50:56:90:30:28", "vlan_name": "Servidores_CDLV", "vlan_id": "105", "flag": "dhmi           ", "port": "1:25"}, {"mac": "00:50:56:90:30:29", "vlan_name": "Servidores_CDLV", "vlan_id": "105", "flag": "dhmi           ", "port": "1:25"}, {"mac": "00:50:56:90:30:2a", "vlan_name": "Servidores_CDLV", "vlan_id": "105", "flag": "dhmi           ", "port": "1:25"}, {"mac": "00:50:56:90:30:2b", "vlan_name": "Servidores_CDLV", "vlan_id": "105", "flag": "dhmi           ", "port": "1:25"}, {"mac": "00:50:56:90:30:2c", "vlan_name": "Servidores_CDLV", "vlan_id": "105", "flag": "d mi           ", "port": "1:25"}, {"mac": "00:50:56:90:37:a1", "vlan_name": "Servidores_CDLV", "vlan_id": "105", "flag": "dhmi           ", "port": "1:25"}, {"mac": "00:50:56:90:38:07", "vlan_name": "Servidores_CDLV", "vlan_id": "105", "flag": "dhmi           ", "port": "1:25"}, {"mac": "00:50:56:90:38:1f", "vlan_name": "Servidores_CDLV", "vlan_id": "105", "flag": "dhmi           ", "port": "1:25"}, {"mac": "00:50:56:90:41:ad", "vlan_name": "Servidores_CDLV", "vlan_id": "105", "flag": "dhmi           ", "port": "1:25"}, {"mac": "00:50:56:90:41:b0", "vlan_name": "Servidores_CDLV", "vlan_id": "105", "flag": "dhmi           ", "port": "1:25"}, {"mac": "00:50:56:90:41:b5", "vlan_name": "Servidores_CDLV", "vlan_id": "105", "flag": "dhmi           ", "port": "1:25"}, {"mac": "00:50:56:90:41:b7", "vlan_name": "Servidores_CDLV", "vlan_id": "105", "flag": "dhmi           ", "port": "1:25"}, {"mac": "00:50:56:90:41:c2", "vlan_name": "Servidores_CDLV", "vlan_id": "105", "flag": "d mi           ", "port": "1:25"}, {"mac": "00:50:56:90:41:c6", "vlan_name": "Servidores_CDLV", "vlan_id": "105", "flag": "dhmi           ", "port": "1:25"}, {"mac": "00:50:56:90:41:d2", "vlan_name": "Servidores_CDLV", "vlan_id": "105", "flag": "d mi           ", "port": "1:25"}, {"mac": "00:50:56:90:41:d3", "vlan_name": "Servidores_CDLV", "vlan_id": "105", "flag": "d mi           ", "port": "1:25"}, {"mac": "00:50:56:90:41:db", "vlan_name": "Servidores_CDLV", "vlan_id": "105", "flag": "d mi           ", "port": "1:25"}, {"mac": "00:50:56:90:41:de", "vlan_name": "Servidores_CDLV", "vlan_id": "105", "flag": "d mi           ", "port": "1:25"}, {"mac": "00:50:56:90:41:e3", "vlan_name": "Servidores_CDLV", "vlan_id": "105", "flag": "d mi           ", "port": "1:25"}, {"mac": "00:50:56:90:41:e4", "vlan_name": "Servidores_CDLV", "vlan_id": "105", "flag": "dhmi           ", "port": "1:25"}, {"mac": "00:50:56:90:55:8a", "vlan_name": "Servidores_CDLV", "vlan_id": "105", "flag": "d mi           ", "port": "1:25"}, {"mac": "00:50:56:90:55:8c", "vlan_name": "Servidores_CDLV", "vlan_id": "105", "flag": "d mi           ", "port": "1:25"}, {"mac": "00:50:56:90:55:a2", "vlan_name": "Servidores_CDLV", "vlan_id": "105", "flag": "dhmi           ", "port": "1:25"}, {"mac": "00:50:56:90:55:b4", "vlan_name": "Servidores_CDLV", "vlan_id": "105", "flag": "dhmi           ", "port": "1:25"}, {"mac": "00:50:56:90:55:d0", "vlan_name": "Servidores_CDLV", "vlan_id": "105", "flag": "dhmi           ", "port": "1:25"}, {"mac": "00:50:56:90:55:d3", "vlan_name": "Servidores_CDLV", "vlan_id": "105", "flag": "dhmi           ", "port": "1:25"}, {"mac": "00:50:56:90:58:9d", "vlan_name": "Servidores_CDLV", "vlan_id": "105", "flag": "dhmi           ", "port": "1:25"}, {"mac": "00:50:56:90:58:9e", "vlan_name": "Servidores_CDLV", "vlan_id": "105", "flag": "dhmi           ", "port": "1:25"}, {"mac": "00:50:56:90:58:b6", "vlan_name": "Servidores_CDLV", "vlan_id": "105", "flag": "dhmi           ", "port": "1:25"}, {"mac": "00:50:56:90:61:17", "vlan_name": "Servidores_CDLV", "vlan_id": "105", "flag": "dhmi           ", "port": "1:25"}, {"mac": "00:50:56:90:61:18", "vlan_name": "Servidores_CDLV", "vlan_id": "105", "flag": "dhmi           ", "port": "1:25"}, {"mac": "00:50:56:90:61:1a", "vlan_name": "Servidores_CDLV", "vlan_id": "105", "flag": "dhmi           ", "port": "1:25"}, {"mac": "00:50:56:90:61:1c", "vlan_name": "Servidores_CDLV", "vlan_id": "105", "flag": "d mi           ", "port": "1:25"}, {"mac": "00:50:56:90:61:20", "vlan_name": "Servidores_CDLV", "vlan_id": "105", "flag": "dhmi           ", "port": "1:25"}, {"mac": "00:50:56:90:61:2c", "vlan_name": "Servidores_CDLV", "vlan_id": "105", "flag": "dhmi           ", "port": "1:25"}, {"mac": "00:50:56:90:61:2f", "vlan_name": "Servidores_CDLV", "vlan_id": "105", "flag": "dhmi           ", "port": "1:25"}, {"mac": "00:50:56:90:61:30", "vlan_name": "Servidores_CDLV", "vlan_id": "105", "flag": "dhmi           ", "port": "1:25"}, {"mac": "00:50:56:90:6d:a7", "vlan_name": "Servidores_CDLV", "vlan_id": "105", "flag": "dhmi           ", "port": "1:25"}, {"mac": "00:50:56:90:6d:b7", "vlan_name": "Servidores_CDLV", "vlan_id": "105", "flag": "dhmi           ", "port": "1:25"}, {"mac": "00:50:56:90:6d:b9", "vlan_name": "Servidores_CDLV", "vlan_id": "105", "flag": "dhmi           ", "port": "1:25"}, {"mac": "00:50:56:90:6d:bc", "vlan_name": "Servidores_CDLV", "vlan_id": "105", "flag": "dhmi           ", "port": "1:25"}, {"mac": "00:50:56:90:6d:d3", "vlan_name": "Servidores_CDLV", "vlan_id": "105", "flag": "d mi           ", "port": "1:25"}, {"mac": "00:50:56:90:6d:d4", "vlan_name": "Servidores_CDLV", "vlan_id": "105", "flag": "dhmi           ", "port": "1:25"}, {"mac": "00:50:56:90:6d:d5", "vlan_name": "Servidores_CDLV", "vlan_id": "105", "flag": "dhmi           ", "port": "1:25"}, {"mac": "00:50:56:90:6d:d8", "vlan_name": "Servidores_CDLV", "vlan_id": "105", "flag": "dhmi           ", "port": "1:25"}, {"mac": "00:50:56:90:6d:df", "vlan_name": "Servidores_CDLV", "vlan_id": "105", "flag": "dhmi           ", "port": "1:25"}, {"mac": "00:50:56:90:70:6e", "vlan_name": "Servidores_CDLV", "vlan_id": "105", "flag": "dhmi           ", "port": "1:25"}, {"mac": "00:50:56:90:77:f9", "vlan_name": "Servidores_CDLV", "vlan_id": "105", "flag": "dhmi           ", "port": "1:25"}, {"mac": "00:50:56:90:77:fd", "vlan_name": "Servidores_CDLV", "vlan_id": "105", "flag": "dhmi           ", "port": "1:25"}, {"mac": "00:50:56:90:77:ff", "vlan_name": "Servidores_CDLV", "vlan_id": "105", "flag": "dhmi           ", "port": "1:25"}, {"mac": "00:50:56:90:78:05", "vlan_name": "Servidores_CDLV", "vlan_id": "105", "flag": "dhmi           ", "port": "1:25"}, {"mac": "00:50:56:90:7d:1b", "vlan_name": "Servidores_CDLV", "vlan_id": "105", "flag": "dhmi           ", "port": "1:25"}, {"mac": "00:50:56:9c:00:c7", "vlan_name": "Servidores_CDLV", "vlan_id": "105", "flag": "dhmi           ", "port": "1:25"}, {"mac": "00:50:56:9c:01:01", "vlan_name": "Servidores_CDLV", "vlan_id": "105", "flag": "dhmi           ", "port": "1:25"}, {"mac": "00:50:56:9c:01:b4", "vlan_name": "Servidores_CDLV", "vlan_id": "105", "flag": "dhmi           ", "port": "1:25"}, {"mac": "00:50:56:9c:01:cf", "vlan_name": "Servidores_CDLV", "vlan_id": "105", "flag": "dhmi           ", "port": "1:25"}, {"mac": "00:50:56:9c:02:9c", "vlan_name": "Servidores_CDLV", "vlan_id": "105", "flag": "d mi           ", "port": "1:25"}, {"mac": "00:50:56:9c:03:14", "vlan_name": "Servidores_CDLV", "vlan_id": "105", "flag": "d mi           ", "port": "1:25"}, {"mac": "00:50:56:9c:05:9a", "vlan_name": "Servidores_CDLV", "vlan_id": "105", "flag": "dhmi           ", "port": "1:25"}, {"mac": "00:50:56:9c:05:ac", "vlan_name": "Servidores_CDLV", "vlan_id": "105", "flag": "dhmi           ", "port": "1:25"}, {"mac": "00:50:56:9c:08:d3", "vlan_name": "Servidores_CDLV", "vlan_id": "105", "flag": "d mi           ", "port": "1:25"}, {"mac": "00:50:56:9c:09:a4", "vlan_name": "Servidores_CDLV", "vlan_id": "105", "flag": "d mi           ", "port": "1:25"}, {"mac": "00:50:56:9c:09:b9", "vlan_name": "Servidores_CDLV", "vlan_id": "105", "flag": "dhmi           ", "port": "1:25"}, {"mac": "00:50:56:9c:0c:ed", "vlan_name": "Servidores_CDLV", "vlan_id": "105", "flag": "d mi           ", "port": "1:25"}, {"mac": "00:50:56:9c:0c:fe", "vlan_name": "Servidores_CDLV", "vlan_id": "105", "flag": "d mi           ", "port": "1:25"}, {"mac": "00:50:56:9c:0f:23", "vlan_name": "Servidores_CDLV", "vlan_id": "105", "flag": "dhmi           ", "port": "1:25"}, {"mac": "00:50:56:9c:0f:98", "vlan_name": "Servidores_CDLV", "vlan_id": "105", "flag": "d mi           ", "port": "1:25"}, {"mac": "00:50:56:9c:10:45", "vlan_name": "Servidores2_CDLV", "vlan_id": "113", "flag": "dhm            ", "port": "1:25"}, {"mac": "00:50:56:9c:10:57", "vlan_name": "Servidores_CDLV", "vlan_id": "105", "flag": "d mi           ", "port": "1:25"}, {"mac": "00:50:56:9c:10:a3", "vlan_name": "Servidores_CDLV", "vlan_id": "105", "flag": "dhmi           ", "port": "1:25"}, {"mac": "00:50:56:9c:10:ac", "vlan_name": "Servidores_CDLV", "vlan_id": "105", "flag": "dhmi           ", "port": "1:25"}, {"mac": "00:50:56:9c:11:64", "vlan_name": "Servidores_CDLV", "vlan_id": "105", "flag": "d mi           ", "port": "1:25"}, {"mac": "00:50:56:9c:11:96", "vlan_name": "Servidores_CDLV", "vlan_id": "105", "flag": "d mi           ", "port": "1:25"}, {"mac": "00:50:56:9c:11:e1", "vlan_name": "Servidores_CDLV", "vlan_id": "105", "flag": "dhm            ", "port": "1:25"}, {"mac": "00:50:56:9c:11:ea", "vlan_name": "Servidores_CDLV", "vlan_id": "105", "flag": "dhmi           ", "port": "1:25"}, {"mac": "00:50:56:9c:12:51", "vlan_name": "Servidores_CDLV", "vlan_id": "105", "flag": "dhmi           ", "port": "1:25"}, {"mac": "00:50:56:9c:13:4b", "vlan_name": "Servidores_CDLV", "vlan_id": "105", "flag": "dhmi           ", "port": "1:25"}, {"mac": "00:50:56:9c:14:1a", "vlan_name": "Servidores_CDLV", "vlan_id": "105", "flag": "d mi           ", "port": "1:25"}, {"mac": "00:50:56:9c:14:75", "vlan_name": "Servidores_CDLV", "vlan_id": "105", "flag": "dhmi           ", "port": "1:25"}, {"mac": "00:50:56:9c:15:df", "vlan_name": "Servidores_CDLV", "vlan_id": "105", "flag": "dhmi           ", "port": "1:25"}, {"mac": "00:50:56:9c:18:4c", "vlan_name": "Servidores_CDLV", "vlan_id": "105", "flag": "d mi           ", "port": "1:25"}, {"mac": "00:50:56:9c:1a:3d", "vlan_name": "Servidores_CDLV", "vlan_id": "105", "flag": "dhmi           ", "port": "1:25"}, {"mac": "00:50:56:9c:1a:3e", "vlan_name": "Servidores_CDLV", "vlan_id": "105", "flag": "d mi           ", "port": "1:25"}, {"mac": "00:50:56:9c:1b:3d", "vlan_name": "Servidores_CDLV", "vlan_id": "105", "flag": "dhmi           ", "port": "1:25"}, {"mac": "00:50:56:9c:1d:4a", "vlan_name": "Servidores_CDLV", "vlan_id": "105", "flag": "dhmi           ", "port": "1:25"}, {"mac": "00:50:56:9c:1d:c2", "vlan_name": "Servidores_CDLV", "vlan_id": "105", "flag": "dhmi           ", "port": "1:25"}, {"mac": "00:50:56:9c:1e:c5", "vlan_name": "Servidores2_CDLV", "vlan_id": "113", "flag": "dhm            ", "port": "1:25"}, {"mac": "00:50:56:9c:1f:27", "vlan_name": "Servidores2_CDLV", "vlan_id": "113", "flag": "dhm            ", "port": "1:25"}, {"mac": "00:50:56:9c:1f:7d", "vlan_name": "Servidores_CDLV", "vlan_id": "105", "flag": "dhmi           ", "port": "1:25"}, {"mac": "00:50:56:9c:1f:c5", "vlan_name": "Servidores_CDLV", "vlan_id": "105", "flag": "d mi           ", "port": "1:25"}, {"mac": "00:50:56:9c:20:84", "vlan_name": "Servidores2_CDLV", "vlan_id": "113", "flag": "dhm            ", "port": "1:25"}, {"mac": "00:50:56:9c:20:e6", "vlan_name": "Servidores_CDLV", "vlan_id": "105", "flag": "dhmi           ", "port": "1:25"}, {"mac": "00:50:56:9c:21:b6", "vlan_name": "Servidores_CDLV", "vlan_id": "105", "flag": "dhmi           ", "port": "1:25"}, {"mac": "00:50:56:9c:24:35", "vlan_name": "Servidores_CDLV", "vlan_id": "105", "flag": "d mi           ", "port": "1:25"}, {"mac": "00:50:56:9c:24:fb", "vlan_name": "Servidores_CDLV", "vlan_id": "105", "flag": "dhmi           ", "port": "1:25"}, {"mac": "00:50:56:9c:27:84", "vlan_name": "Servidores_CDLV", "vlan_id": "105", "flag": "dhmi           ", "port": "1:25"}, {"mac": "00:50:56:9c:28:5c", "vlan_name": "Servidores_CDLV", "vlan_id": "105", "flag": "dhmi           ", "port": "1:25"}, {"mac": "00:50:56:9c:28:e9", "vlan_name": "Servidores_CDLV", "vlan_id": "105", "flag": "dhmi           ", "port": "1:25"}, {"mac": "00:50:56:9c:29:53", "vlan_name": "Servidores_CDLV", "vlan_id": "105", "flag": "d mi           ", "port": "1:25"}, {"mac": "00:50:56:9c:2a:a8", "vlan_name": "Servidores_CDLV", "vlan_id": "105", "flag": "dhmi           ", "port": "1:25"}, {"mac": "00:50:56:9c:2a:ef", "vlan_name": "Servidores2_CDLV", "vlan_id": "113", "flag": "dhm            ", "port": "1:25"}, {"mac": "00:50:56:9c:2b:d3", "vlan_name": "Servidores_CDLV", "vlan_id": "105", "flag": "dhmi           ", "port": "1:25"}, {"mac": "00:50:56:9c:2c:0d", "vlan_name": "Servidores_CDLV", "vlan_id": "105", "flag": "d mi           ", "port": "1:25"}, {"mac": "00:50:56:9c:2d:03", "vlan_name": "Servidores_CDLV", "vlan_id": "105", "flag": "dhmi           ", "port": "1:25"}, {"mac": "00:50:56:9c:2d:15", "vlan_name": "Servidores2_CDLV", "vlan_id": "113", "flag": "dhm            ", "port": "1:25"}, {"mac": "00:50:56:9c:2d:7b", "vlan_name": "Servidores2_CDLV", "vlan_id": "113", "flag": "dhm            ", "port": "1:25"}, {"mac": "00:50:56:9c:2d:d2", "vlan_name": "Servidores_CDLV", "vlan_id": "105", "flag": "dhmi           ", "port": "1:25"}, {"mac": "00:50:56:9c:2d:f6", "vlan_name": "Servidores_CDLV", "vlan_id": "105", "flag": "dhmi           ", "port": "1:25"}, {"mac": "00:50:56:9c:31:1b", "vlan_name": "Servidores_CDLV", "vlan_id": "105", "flag": "dhmi           ", "port": "1:25"}, {"mac": "00:50:56:9c:31:4c", "vlan_name": "Servidores_CDLV", "vlan_id": "105", "flag": "dhmi           ", "port": "1:25"}, {"mac": "00:50:56:9c:31:af", "vlan_name": "Servidores_CDLV", "vlan_id": "105", "flag": "d mi           ", "port": "1:25"}, {"mac": "00:50:56:9c:32:97", "vlan_name": "Servidores_CDLV", "vlan_id": "105", "flag": "dhmi           ", "port": "1:25"}, {"mac": "00:50:56:9c:33:02", "vlan_name": "Servidores_CDLV", "vlan_id": "105", "flag": "dhmi           ", "port": "1:25"}, {"mac": "00:50:56:9c:34:3f", "vlan_name": "Servidores_CDLV", "vlan_id": "105", "flag": "dhmi           ", "port": "1:25"}, {"mac": "00:50:56:9c:35:a4", "vlan_name": "Servidores_CDLV", "vlan_id": "105", "flag": "dhmi           ", "port": "1:25"}, {"mac": "00:50:56:9c:35:dc", "vlan_name": "Servidores_CDLV", "vlan_id": "105", "flag": "dhmi           ", "port": "1:25"}, {"mac": "00:50:56:9c:36:a5", "vlan_name": "Servidores2_CDLV", "vlan_id": "113", "flag": "dhm            ", "port": "1:25"}, {"mac": "00:50:56:9c:36:ca", "vlan_name": "Servidores_CDLV", "vlan_id": "105", "flag": "dhmi           ", "port": "1:25"}, {"mac": "00:50:56:9c:36:dc", "vlan_name": "Servidores_CDLV", "vlan_id": "105", "flag": "d mi           ", "port": "1:25"}, {"mac": "00:50:56:9c:37:4d", "vlan_name": "Servidores_CDLV", "vlan_id": "105", "flag": "dhmi           ", "port": "1:25"}, {"mac": "00:50:56:9c:38:91", "vlan_name": "Servidores_CDLV", "vlan_id": "105", "flag": "d mi           ", "port": "1:25"}, {"mac": "00:50:56:9c:38:93", "vlan_name": "Servidores_CDLV", "vlan_id": "105", "flag": "dhmi           ", "port": "1:25"}, {"mac": "00:50:56:9c:39:0a", "vlan_name": "Servidores_CDLV", "vlan_id": "105", "flag": "dhmi           ", "port": "1:25"}, {"mac": "00:50:56:9c:39:8f", "vlan_name": "Servidores_CDLV", "vlan_id": "105", "flag": "d mi           ", "port": "1:25"}, {"mac": "00:50:56:9c:3a:97", "vlan_name": "Servidores_CDLV", "vlan_id": "105", "flag": "dhmi           ", "port": "1:25"}, {"mac": "00:50:56:9c:3b:0b", "vlan_name": "Servidores2_CDLV", "vlan_id": "113", "flag": "dhm            ", "port": "1:25"}, {"mac": "00:50:56:9c:3b:c1", "vlan_name": "Servidores_CDLV", "vlan_id": "105", "flag": "dhmi           ", "port": "1:25"}, {"mac": "00:50:56:9c:3b:e3", "vlan_name": "Servidores_CDLV", "vlan_id": "105", "flag": "dhmi           ", "port": "1:25"}, {"mac": "00:50:56:9c:3e:01", "vlan_name": "Servidores_CDLV", "vlan_id": "105", "flag": "d mi           ", "port": "1:25"}, {"mac": "00:50:56:9c:3e:5c", "vlan_name": "Servidores_CDLV", "vlan_id": "105", "flag": "dhmi           ", "port": "1:25"}, {"mac": "00:50:56:9c:3e:d3", "vlan_name": "Servidores2_CDLV", "vlan_id": "113", "flag": "dhm            ", "port": "1:25"}, {"mac": "00:50:56:9c:3f:fc", "vlan_name": "Servidores_CDLV", "vlan_id": "105", "flag": "dhmi           ", "port": "1:25"}, {"mac": "00:50:56:9c:40:89", "vlan_name": "Servidores_CDLV", "vlan_id": "105", "flag": "dhmi           ", "port": "1:25"}, {"mac": "00:50:56:9c:41:db", "vlan_name": "Servidores_CDLV", "vlan_id": "105", "flag": "dhmi           ", "port": "1:25"}, {"mac": "00:50:56:9c:43:3f", "vlan_name": "Servidores_CDLV", "vlan_id": "105", "flag": "d mi           ", "port": "1:25"}, {"mac": "00:50:56:9c:43:9c", "vlan_name": "Servidores2_CDLV", "vlan_id": "113", "flag": "dhm            ", "port": "1:25"}, {"mac": "00:50:56:9c:45:d0", "vlan_name": "Servidores2_CDLV", "vlan_id": "113", "flag": "dhm            ", "port": "1:25"}, {"mac": "00:50:56:9c:46:bf", "vlan_name": "Servidores_CDLV", "vlan_id": "105", "flag": "d mi           ", "port": "1:25"}, {"mac": "00:50:56:9c:47:00", "vlan_name": "Servidores_CDLV", "vlan_id": "105", "flag": "d mi           ", "port": "1:25"}, {"mac": "00:50:56:9c:47:34", "vlan_name": "Servidores2_CDLV", "vlan_id": "113", "flag": "dhm            ", "port": "1:25"}, {"mac": "00:50:56:9c:49:d9", "vlan_name": "Servidores_CDLV", "vlan_id": "105", "flag": "d mi           ", "port": "1:25"}, {"mac": "00:50:56:9c:4a:55", "vlan_name": "Servidores_CDLV", "vlan_id": "105", "flag": "dhmi           ", "port": "1:25"}, {"mac": "00:50:56:9c:4a:ef", "vlan_name": "Servidores_CDLV", "vlan_id": "105", "flag": "dhmi           ", "port": "1:25"}, {"mac": "00:50:56:9c:4b:3d", "vlan_name": "Servidores_CDLV", "vlan_id": "105", "flag": "dhmi           ", "port": "1:25"}, {"mac": "00:50:56:9c:4b:6f", "vlan_name": "Servidores_CDLV", "vlan_id": "105", "flag": "dhmi           ", "port": "1:25"}, {"mac": "00:50:56:9c:4b:d8", "vlan_name": "Servidores_CDLV", "vlan_id": "105", "flag": "d mi           ", "port": "1:25"}, {"mac": "00:50:56:9c:4b:db", "vlan_name": "Servidores_CDLV", "vlan_id": "105", "flag": "dhmi           ", "port": "1:25"}, {"mac": "00:50:56:9c:4b:ea", "vlan_name": "Servidores_CDLV", "vlan_id": "105", "flag": "dhmi           ", "port": "1:25"}, {"mac": "00:50:56:9c:4d:09", "vlan_name": "Servidores_CDLV", "vlan_id": "105", "flag": "d mi           ", "port": "1:25"}, {"mac": "00:50:56:9c:4d:53", "vlan_name": "Servidores_CDLV", "vlan_id": "105", "flag": "dhmi           ", "port": "1:25"}, {"mac": "00:50:56:9c:4e:b0", "vlan_name": "Servidores_CDLV", "vlan_id": "105", "flag": "dhmi           ", "port": "1:25"}, {"mac": "00:50:56:9c:4e:b2", "vlan_name": "Servidores_CDLV", "vlan_id": "105", "flag": "dhmi           ", "port": "1:25"}, {"mac": "00:50:56:9c:54:6b", "vlan_name": "Servidores_CDLV", "vlan_id": "105", "flag": "dhmi           ", "port": "1:25"}, {"mac": "00:50:56:9c:54:b5", "vlan_name": "Servidores_CDLV", "vlan_id": "105", "flag": "dhmi           ", "port": "1:25"}, {"mac": "00:50:56:9c:56:be", "vlan_name": "Servidores_CDLV", "vlan_id": "105", "flag": "dhmi           ", "port": "1:25"}, {"mac": "00:50:56:9c:57:f5", "vlan_name": "Servidores_CDLV", "vlan_id": "105", "flag": "dhmi           ", "port": "1:25"}, {"mac": "00:50:56:9c:58:f5", "vlan_name": "Servidores_CDLV", "vlan_id": "105", "flag": "dhmi           ", "port": "1:25"}, {"mac": "00:50:56:9c:59:12", "vlan_name": "Servidores_CDLV", "vlan_id": "105", "flag": "dhmi           ", "port": "1:25"}, {"mac": "00:50:56:9c:59:28", "vlan_name": "Servidores_CDLV", "vlan_id": "105", "flag": "dhmi           ", "port": "1:25"}, {"mac": "00:50:56:9c:59:3f", "vlan_name": "Servidores_CDLV", "vlan_id": "105", "flag": "dhmi           ", "port": "1:25"}, {"mac": "00:50:56:9c:5a:0d", "vlan_name": "Servidores_CDLV", "vlan_id": "105", "flag": "dhmi           ", "port": "1:25"}, {"mac": "00:50:56:9c:5a:22", "vlan_name": "Servidores_CDLV", "vlan_id": "105", "flag": "d mi           ", "port": "1:25"}, {"mac": "00:50:56:9c:5a:91", "vlan_name": "Servidores2_CDLV", "vlan_id": "113", "flag": "dhm            ", "port": "1:25"}, {"mac": "00:50:56:9c:5c:0e", "vlan_name": "Servidores_CDLV", "vlan_id": "105", "flag": "dhmi           ", "port": "1:25"}, {"mac": "00:50:56:9c:5d:cd", "vlan_name": "Servidores2_CDLV", "vlan_id": "113", "flag": "dhm            ", "port": "1:25"}, {"mac": "00:50:56:9c:5e:c0", "vlan_name": "Servidores_CDLV", "vlan_id": "105", "flag": "dhmi           ", "port": "1:25"}, {"mac": "00:50:56:9c:5e:d2", "vlan_name": "Servidores_CDLV", "vlan_id": "105", "flag": "dhmi           ", "port": "1:25"}, {"mac": "00:50:56:9c:5e:f9", "vlan_name": "Servidores_CDLV", "vlan_id": "105", "flag": "dhmi           ", "port": "1:25"}, {"mac": "00:50:56:9c:5f:8f", "vlan_name": "Servidores_CDLV", "vlan_id": "105", "flag": "dhmi           ", "port": "1:25"}, {"mac": "00:50:56:9c:5f:a0", "vlan_name": "Servidores_CDLV", "vlan_id": "105", "flag": "dhmi           ", "port": "1:25"}, {"mac": "00:50:56:9c:60:1b", "vlan_name": "Servidores_CDLV", "vlan_id": "105", "flag": "d mi           ", "port": "1:25"}, {"mac": "00:50:56:9c:60:e1", "vlan_name": "Servidores_CDLV", "vlan_id": "105", "flag": "dhmi           ", "port": "1:25"}, {"mac": "00:50:56:9c:62:2b", "vlan_name": "Servidores_CDLV", "vlan_id": "105", "flag": "d mi           ", "port": "1:25"}, {"mac": "00:50:56:9c:64:bf", "vlan_name": "Servidores2_CDLV", "vlan_id": "113", "flag": "dhm            ", "port": "1:25"}, {"mac": "00:50:56:9c:65:33", "vlan_name": "Servidores2_CDLV", "vlan_id": "113", "flag": "dhm            ", "port": "1:25"}, {"mac": "00:50:56:9c:65:42", "vlan_name": "Servidores_CDLV", "vlan_id": "105", "flag": "d mi           ", "port": "1:25"}, {"mac": "00:50:56:9c:65:a6", "vlan_name": "Servidores2_CDLV", "vlan_id": "113", "flag": "dhm            ", "port": "1:25"}, {"mac": "00:50:56:9c:66:d8", "vlan_name": "Servidores_CDLV", "vlan_id": "105", "flag": "dhmi           ", "port": "1:25"}, {"mac": "00:50:56:9c:68:a2", "vlan_name": "Servidores_CDLV", "vlan_id": "105", "flag": "dhmi           ", "port": "1:25"}, {"mac": "00:50:56:9c:69:6b", "vlan_name": "Servidores2_CDLV", "vlan_id": "113", "flag": "dhm            ", "port": "1:25"}, {"mac": "00:50:56:9c:69:f0", "vlan_name": "Servidores_CDLV", "vlan_id": "105", "flag": "dhmi           ", "port": "1:25"}, {"mac": "00:50:56:9c:6a:56", "vlan_name": "Servidores_CDLV", "vlan_id": "105", "flag": "dhmi           ", "port": "1:25"}, {"mac": "00:50:56:9c:6b:18", "vlan_name": "Servidores_CDLV", "vlan_id": "105", "flag": "dhmi           ", "port": "1:25"}, {"mac": "00:50:56:9c:6b:19", "vlan_name": "Servidores2_CDLV", "vlan_id": "113", "flag": "dhm            ", "port": "1:25"}, {"mac": "00:50:56:9c:6b:b4", "vlan_name": "Servidores_CDLV", "vlan_id": "105", "flag": "dhmi           ", "port": "1:25"}, {"mac": "00:50:56:9c:6f:24", "vlan_name": "Servidores_CDLV", "vlan_id": "105", "flag": "dhmi           ", "port": "1:25"}, {"mac": "00:50:56:9c:6f:af", "vlan_name": "Servidores_CDLV", "vlan_id": "105", "flag": "dhmi           ", "port": "1:25"}, {"mac": "00:50:56:9c:71:85", "vlan_name": "Servidores_CDLV", "vlan_id": "105", "flag": "dhmi           ", "port": "1:25"}, {"mac": "00:50:56:9c:72:51", "vlan_name": "Servidores_CDLV", "vlan_id": "105", "flag": "dhmi           ", "port": "1:25"}, {"mac": "00:50:56:9c:72:bb", "vlan_name": "Servidores2_CDLV", "vlan_id": "113", "flag": "dhm            ", "port": "1:25"}, {"mac": "00:50:56:9c:73:a3", "vlan_name": "Servidores_CDLV", "vlan_id": "105", "flag": "d mi           ", "port": "1:25"}, {"mac": "00:50:56:9c:75:d2", "vlan_name": "Servidores_CDLV", "vlan_id": "105", "flag": "dhmi           ", "port": "1:25"}, {"mac": "00:50:56:9c:76:62", "vlan_name": "Servidores_CDLV", "vlan_id": "105", "flag": "d mi           ", "port": "1:25"}, {"mac": "00:50:56:9c:76:9c", "vlan_name": "Servidores_CDLV", "vlan_id": "105", "flag": "dhmi           ", "port": "1:25"}, {"mac": "00:50:56:9c:76:c9", "vlan_name": "Servidores2_CDLV", "vlan_id": "113", "flag": "dhm            ", "port": "1:25"}, {"mac": "00:50:56:9c:76:f0", "vlan_name": "Servidores_CDLV", "vlan_id": "105", "flag": "dhmi           ", "port": "1:25"}, {"mac": "00:50:56:9c:77:a4", "vlan_name": "Servidores_CDLV", "vlan_id": "105", "flag": "d mi           ", "port": "1:25"}, {"mac": "00:50:56:9c:77:a8", "vlan_name": "Servidores_CDLV", "vlan_id": "105", "flag": "dhmi           ", "port": "1:25"}, {"mac": "00:50:56:9c:78:90", "vlan_name": "Servidores_CDLV", "vlan_id": "105", "flag": "dhmi           ", "port": "1:25"}, {"mac": "00:50:56:9c:7a:50", "vlan_name": "Servidores_CDLV", "vlan_id": "105", "flag": "dhmi           ", "port": "1:25"}, {"mac": "00:50:56:9c:7a:a8", "vlan_name": "Servidores_CDLV", "vlan_id": "105", "flag": "dhmi           ", "port": "1:25"}, {"mac": "00:50:56:9c:7b:6b", "vlan_name": "Servidores_CDLV", "vlan_id": "105", "flag": "d mi           ", "port": "1:25"}, {"mac": "00:50:56:9c:7c:07", "vlan_name": "Servidores2_CDLV", "vlan_id": "113", "flag": "dhm            ", "port": "1:25"}, {"mac": "00:50:56:9c:7d:25", "vlan_name": "Servidores2_CDLV", "vlan_id": "113", "flag": "dhm            ", "port": "1:25"}, {"mac": "00:50:56:9c:7f:57", "vlan_name": "Servidores_CDLV", "vlan_id": "105", "flag": "dhmi           ", "port": "1:25"}, {"mac": "00:50:56:b3:00:d8", "vlan_name": "Servidores_CDLV", "vlan_id": "105", "flag": "dhmi           ", "port": "1:25"}, {"mac": "00:50:56:b3:01:6f", "vlan_name": "Servidores_CDLV", "vlan_id": "105", "flag": "dhmi           ", "port": "1:25"}, {"mac": "00:50:56:b3:04:80", "vlan_name": "Servidores_CDLV", "vlan_id": "105", "flag": "d mi           ", "port": "1:25"}, {"mac": "00:50:56:b3:04:90", "vlan_name": "Servidores_CDLV", "vlan_id": "105", "flag": "dhmi           ", "port": "1:25"}, {"mac": "00:50:56:b3:07:43", "vlan_name": "Servidores_CDLV", "vlan_id": "105", "flag": "dhmi           ", "port": "1:25"}, {"mac": "00:50:56:b3:07:ef", "vlan_name": "Servidores_CDLV", "vlan_id": "105", "flag": "dhmi           ", "port": "1:25"}, {"mac": "00:50:56:b3:09:1b", "vlan_name": "Servidores_CDLV", "vlan_id": "105", "flag": "dhmi           ", "port": "1:25"}, {"mac": "00:50:56:b3:09:f0", "vlan_name": "Servidores_CDLV", "vlan_id": "105", "flag": "d mi           ", "port": "1:25"}, {"mac": "00:50:56:b3:0d:b8", "vlan_name": "Servidores_CDLV", "vlan_id": "105", "flag": "dhmi           ", "port": "1:25"}, {"mac": "00:50:56:b3:0e:82", "vlan_name": "Servidores_CDLV", "vlan_id": "105", "flag": "dhmi           ", "port": "1:25"}, {"mac": "00:50:56:b3:0f:8b", "vlan_name": "Servidores_CDLV", "vlan_id": "105", "flag": "dhmi           ", "port": "1:25"}, {"mac": "00:50:56:b3:11:b3", "vlan_name": "Servidores_CDLV", "vlan_id": "105", "flag": "dhmi           ", "port": "1:25"}, {"mac": "00:50:56:b3:12:21", "vlan_name": "Servidores_CDLV", "vlan_id": "105", "flag": "dhmi           ", "port": "1:25"}, {"mac": "00:50:56:b3:13:ac", "vlan_name": "Servidores_CDLV", "vlan_id": "105", "flag": "dhmi           ", "port": "1:25"}, {"mac": "00:50:56:b3:14:a7", "vlan_name": "Servidores_CDLV", "vlan_id": "105", "flag": "dhmi           ", "port": "1:25"}, {"mac": "00:50:56:b3:16:0a", "vlan_name": "Servidores_CDLV", "vlan_id": "105", "flag": "dhmi           ", "port": "1:25"}, {"mac": "00:50:56:b3:19:e9", "vlan_name": "Servidores_CDLV", "vlan_id": "105", "flag": "dhmi           ", "port": "1:25"}, {"mac": "00:50:56:b3:24:10", "vlan_name": "Servidores_CDLV", "vlan_id": "105", "flag": "d mi           ", "port": "1:25"}, {"mac": "00:50:56:b3:24:b4", "vlan_name": "Servidores_CDLV", "vlan_id": "105", "flag": "dhmi           ", "port": "1:25"}, {"mac": "00:50:56:b3:25:f8", "vlan_name": "Servidores_CDLV", "vlan_id": "105", "flag": "dhmi           ", "port": "1:25"}, {"mac": "00:50:56:b3:27:6b", "vlan_name": "Servidores_CDLV", "vlan_id": "105", "flag": "dhmi           ", "port": "1:25"}, {"mac": "00:50:56:b3:27:b8", "vlan_name": "Servidores_CDLV", "vlan_id": "105", "flag": "dhmi           ", "port": "1:25"}, {"mac": "00:50:56:b3:2d:d8", "vlan_name": "Servidores_CDLV", "vlan_id": "105", "flag": "dhmi           ", "port": "1:25"}, {"mac": "00:50:56:b3:2f:9e", "vlan_name": "Servidores_CDLV", "vlan_id": "105", "flag": "dhmi           ", "port": "1:25"}, {"mac": "00:50:56:b3:31:cb", "vlan_name": "Servidores_CDLV", "vlan_id": "105", "flag": "dhmi           ", "port": "1:25"}, {"mac": "00:50:56:b3:33:d9", "vlan_name": "Servidores_CDLV", "vlan_id": "105", "flag": "dhmi           ", "port": "1:25"}, {"mac": "00:50:56:b3:34:76", "vlan_name": "Servidores_CDLV", "vlan_id": "105", "flag": "dhmi           ", "port": "1:25"}, {"mac": "00:50:56:b3:3d:ee", "vlan_name": "Servidores_CDLV", "vlan_id": "105", "flag": "dhmi           ", "port": "1:25"}, {"mac": "00:50:56:b3:42:9b", "vlan_name": "Servidores_CDLV", "vlan_id": "105", "flag": "d mi           ", "port": "1:25"}, {"mac": "00:50:56:b3:48:97", "vlan_name": "Servidores_CDLV", "vlan_id": "105", "flag": "dhmi           ", "port": "1:25"}, {"mac": "00:50:56:b3:49:1e", "vlan_name": "Servidores_CDLV", "vlan_id": "105", "flag": "d mi           ", "port": "1:25"}, {"mac": "00:50:56:b3:4b:a0", "vlan_name": "Servidores_CDLV", "vlan_id": "105", "flag": "dhmi           ", "port": "1:25"}, {"mac": "00:50:56:b3:4c:6c", "vlan_name": "Servidores_CDLV", "vlan_id": "105", "flag": "dhmi           ", "port": "1:25"}, {"mac": "00:50:56:b3:4c:91", "vlan_name": "Servidores_CDLV", "vlan_id": "105", "flag": "d mi           ", "port": "1:25"}, {"mac": "00:50:56:b3:51:d7", "vlan_name": "Servidores_CDLV", "vlan_id": "105", "flag": "d mi           ", "port": "1:25"}, {"mac": "00:50:56:b3:53:8e", "vlan_name": "Servidores_CDLV", "vlan_id": "105", "flag": "dhmi           ", "port": "1:25"}, {"mac": "00:50:56:b3:56:11", "vlan_name": "Servidores_CDLV", "vlan_id": "105", "flag": "dhmi           ", "port": "1:25"}, {"mac": "00:50:56:b3:59:a0", "vlan_name": "Servidores_CDLV", "vlan_id": "105", "flag": "dhmi           ", "port": "1:25"}, {"mac": "00:50:56:b3:5a:d0", "vlan_name": "Servidores_CDLV", "vlan_id": "105", "flag": "dhmi           ", "port": "1:25"}, {"mac": "00:50:56:b3:5a:e7", "vlan_name": "Servidores_CDLV", "vlan_id": "105", "flag": "dhmi           ", "port": "1:25"}, {"mac": "00:50:56:b3:5c:31", "vlan_name": "Servidores_CDLV", "vlan_id": "105", "flag": "d mi           ", "port": "1:25"}, {"mac": "00:50:56:b3:5e:2b", "vlan_name": "Servidores_CDLV", "vlan_id": "105", "flag": "dhmi           ", "port": "1:25"}, {"mac": "00:50:56:b3:5f:0a", "vlan_name": "Servidores_CDLV", "vlan_id": "105", "flag": "dhmi           ", "port": "1:25"}, {"mac": "00:50:56:b3:60:23", "vlan_name": "Servidores_CDLV", "vlan_id": "105", "flag": "dhmi           ", "port": "1:25"}, {"mac": "00:50:56:b3:62:ed", "vlan_name": "Servidores_CDLV", "vlan_id": "105", "flag": "dhmi           ", "port": "1:25"}, {"mac": "00:50:56:b3:64:a8", "vlan_name": "Servidores_CDLV", "vlan_id": "105", "flag": "dhmi           ", "port": "1:25"}, {"mac": "00:50:56:b3:67:92", "vlan_name": "Servidores_CDLV", "vlan_id": "105", "flag": "d mi           ", "port": "1:25"}, {"mac": "00:50:56:b3:6c:7a", "vlan_name": "Servidores_CDLV", "vlan_id": "105", "flag": "d mi           ", "port": "1:25"}, {"mac": "00:50:56:b3:6d:12", "vlan_name": "Servidores_CDLV", "vlan_id": "105", "flag": "dhmi           ", "port": "1:25"}, {"mac": "00:50:56:b3:76:7b", "vlan_name": "Servidores_CDLV", "vlan_id": "105", "flag": "dhmi           ", "port": "1:25"}, {"mac": "00:50:56:b3:76:8d", "vlan_name": "Servidores_CDLV", "vlan_id": "105", "flag": "dhmi           ", "port": "1:25"}, {"mac": "00:50:56:b3:78:68", "vlan_name": "Servidores_CDLV", "vlan_id": "105", "flag": "d mi           ", "port": "1:25"}, {"mac": "00:50:56:b3:7a:4a", "vlan_name": "Servidores_CDLV", "vlan_id": "105", "flag": "dhmi           ", "port": "1:25"}, {"mac": "00:50:56:b3:7e:9a", "vlan_name": "Servidores_CDLV", "vlan_id": "105", "flag": "dhmi           ", "port": "1:25"}, {"mac": "00:62:ec:b3:e8:f2", "vlan_name": "Wireless_Controller", "vlan_id": "141", "flag": "dhm            ", "port": "1:25"}, {"mac": "00:7e:95:01:aa:66", "vlan_name": "Wireless_Controller", "vlan_id": "141", "flag": "dhm            ", "port": "1:25"}, {"mac": "00:90:fa:0d:41:b8", "vlan_name": "Servidores_CDLV", "vlan_id": "105", "flag": "d mi           ", "port": "1:25"}, {"mac": "00:90:fa:26:7d:f4", "vlan_name": "Servidores_CDLV", "vlan_id": "105", "flag": "dhmi           ", "port": "1:25"}, {"mac": "00:90:fa:26:b2:64", "vlan_name": "Servidores_CDLV", "vlan_id": "105", "flag": "dhmi           ", "port": "1:25"}, {"mac": "00:90:fa:26:b5:f4", "vlan_name": "Servidores_CDLV", "vlan_id": "105", "flag": "dhmi           ", "port": "1:25"}, {"mac": "00:90:fa:26:b8:64", "vlan_name": "Servidores_CDLV", "vlan_id": "105", "flag": "d mi           ", "port": "1:25"}, {"mac": "00:90:fa:2c:d5:3a", "vlan_name": "Servidores_CDLV", "vlan_id": "105", "flag": "dhmi           ", "port": "1:25"}, {"mac": "00:90:fa:7f:eb:66", "vlan_name": "Servidores_CDLV", "vlan_id": "105", "flag": "dhmi           ", "port": "1:25"}, {"mac": "00:90:fa:7f:f2:c6", "vlan_name": "Servidores_CDLV", "vlan_id": "105", "flag": "dhmi           ", "port": "1:25"}, {"mac": "00:90:fb:3e:14:be", "vlan_name": "Servidores_CDLV", "vlan_id": "105", "flag": "dhmi           ", "port": "1:25"}, {"mac": "00:b7:71:10:b6:94", "vlan_name": "Wireless_Controller", "vlan_id": "141", "flag": "dhm            ", "port": "4:24"}, {"mac": "00:e0:ec:2a:66:29", "vlan_name": "Servidores_CDLV", "vlan_id": "105", "flag": "dhmi           ", "port": "1:25"}, {"mac": "00:e0:ec:2a:68:e9", "vlan_name": "Servidores_CDLV", "vlan_id": "105", "flag": "dhmi           ", "port": "1:25"}, {"mac": "00:e0:ec:2a:69:c1", "vlan_name": "Servidores_CDLV", "vlan_id": "105", "flag": "dhmi           ", "port": "1:25"}, {"mac": "00:e0:ec:2a:6c:89", "vlan_name": "Servidores_CDLV", "vlan_id": "105", "flag": "d mi           ", "port": "1:25"}, {"mac": "00:e0:ec:2a:6d:29", "vlan_name": "Servidores_CDLV", "vlan_id": "105", "flag": "d mi           ", "port": "1:25"}, {"mac": "00:e0:ec:2a:6d:41", "vlan_name": "Servidores_CDLV", "vlan_id": "105", "flag": "dhmi           ", "port": "1:25"}, {"mac": "00:e0:ec:2a:6f:c9", "vlan_name": "Servidores_CDLV", "vlan_id": "105", "flag": "d mi           ", "port": "1:25"}, {"mac": "00:e0:ec:2a:70:19", "vlan_name": "Servidores_CDLV", "vlan_id": "105", "flag": "dhmi           ", "port": "1:25"}, {"mac": "00:e0:ec:2a:70:21", "vlan_name": "Servidores_CDLV", "vlan_id": "105", "flag": "dhmi           ", "port": "1:25"}, {"mac": "02:01:30:10:3a:12", "vlan_name": "Servidores_CDLV", "vlan_id": "105", "flag": "dhmi           ", "port": "1:25"}, {"mac": "02:04:96:51:a5:d6", "vlan_name": "Servidores_CDLV", "vlan_id": "105", "flag": "d mi           ", "port": "1:25"}, {"mac": "02:04:96:51:e9:5e", "vlan_name": "Servidores_CDLV", "vlan_id": "105", "flag": "dhmi           ", "port": "1:25"}, {"mac": "02:04:96:52:1f:09", "vlan_name": "Servidores_CDLV", "vlan_id": "105", "flag": "dhmi           ", "port": "1:25"}, {"mac": "02:04:96:7d:f8:9a", "vlan_name": "Servidores_CDLV", "vlan_id": "105", "flag": "dhmi           ", "port": "1:25"}, {"mac": "02:04:96:7e:13:cc", "vlan_name": "Servidores_CDLV", "vlan_id": "105", "flag": "dhmi           ", "port": "1:25"}, {"mac": "02:04:96:97:82:b3", "vlan_name": "Servidores_CDLV", "vlan_id": "105", "flag": "d mi           ", "port": "1:25"}, {"mac": "08:94:ef:95:9d:7a", "vlan_name": "Servidores2_CDLV", "vlan_id": "113", "flag": "d m            ", "port": "3:2"}, {"mac": "0c:c4:7a:6c:ba:e2", "vlan_name": "Servidores_CDLV", "vlan_id": "105", "flag": "dhmi           ", "port": "1:25"}, {"mac": "0c:c4:7a:af:d9:39", "vlan_name": "Servidores_CDLV", "vlan_id": "105", "flag": "dhm            ", "port": "1:25"}, {"mac": "0c:c4:7a:d8:92:56", "vlan_name": "Servidores_CDLV", "vlan_id": "105", "flag": "dhmi           ", "port": "1:25"}, {"mac": "10:1f:74:2e:35:20", "vlan_name": "Servidores_CDLV", "vlan_id": "105", "flag": "dhmi           ", "port": "1:25"}, {"mac": "10:7d:1a:e3:4b:c1", "vlan_name": "Servidores2_CDLV", "vlan_id": "113", "flag": "dhm            ", "port": "1:25"}, {"mac": "10:7d:1a:e3:4b:c4", "vlan_name": "Servidores2_CDLV", "vlan_id": "113", "flag": "dhm            ", "port": "1:25"}, {"mac": "10:7d:1a:e3:4b:ce", "vlan_name": "Servidores2_CDLV", "vlan_id": "113", "flag": "dhm            ", "port": "1:25"}, {"mac": "10:7d:1a:e3:4b:d1", "vlan_name": "Servidores2_CDLV", "vlan_id": "113", "flag": "dhm            ", "port": "1:25"}, {"mac": "10:7d:1a:e3:4b:db", "vlan_name": "Servidores2_CDLV", "vlan_id": "113", "flag": "dhm            ", "port": "1:25"}, {"mac": "10:7d:1a:e3:4b:e8", "vlan_name": "Servidores2_CDLV", "vlan_id": "113", "flag": "dhm            ", "port": "1:25"}, {"mac": "10:7d:1a:e3:4b:f5", "vlan_name": "Servidores2_CDLV", "vlan_id": "113", "flag": "dhm            ", "port": "1:25"}, {"mac": "10:7d:1a:e3:4c:29", "vlan_name": "Servidores2_CDLV", "vlan_id": "113", "flag": "dhm            ", "port": "1:25"}, {"mac": "10:7d:1a:e3:4c:36", "vlan_name": "Servidores2_CDLV", "vlan_id": "113", "flag": "dhm            ", "port": "1:25"}, {"mac": "10:7d:1a:e3:4c:43", "vlan_name": "Servidores2_CDLV", "vlan_id": "113", "flag": "dhm            ", "port": "1:25"}, {"mac": "10:7d:1a:e3:4c:46", "vlan_name": "Servidores2_CDLV", "vlan_id": "113", "flag": "dhm            ", "port": "1:25"}, {"mac": "10:7d:1a:e3:4c:50", "vlan_name": "Servidores2_CDLV", "vlan_id": "113", "flag": "dhm            ", "port": "1:25"}, {"mac": "10:7d:1a:e3:4c:53", "vlan_name": "Servidores2_CDLV", "vlan_id": "113", "flag": "dhm            ", "port": "1:25"}, {"mac": "14:18:77:40:dd:51", "vlan_name": "Servidores_CDLV", "vlan_id": "105", "flag": "dhmi           ", "port": "1:25"}, {"mac": "14:18:77:40:e1:01", "vlan_name": "Servidores_CDLV", "vlan_id": "105", "flag": "dhmi           ", "port": "1:25"}, {"mac": "14:18:77:41:08:3b", "vlan_name": "Servidores_CDLV", "vlan_id": "105", "flag": "dhmi           ", "port": "1:25"}, {"mac": "14:18:77:41:15:70", "vlan_name": "Servidores_CDLV", "vlan_id": "105", "flag": "dhmi           ", "port": "1:25"}, {"mac": "14:18:77:49:8d:b3", "vlan_name": "Servidores_CDLV", "vlan_id": "105", "flag": "d mi           ", "port": "1:25"}, {"mac": "14:18:77:4d:69:59", "vlan_name": "Servidores_CDLV", "vlan_id": "105", "flag": "dhmi           ", "port": "1:25"}, {"mac": "14:18:77:4d:6f:0d", "vlan_name": "Servidores_CDLV", "vlan_id": "105", "flag": "dhmi           ", "port": "1:25"}, {"mac": "14:18:77:55:a6:22", "vlan_name": "Servidores_CDLV", "vlan_id": "105", "flag": "d mi           ", "port": "1:25"}, {"mac": "14:58:d0:50:60:63", "vlan_name": "Servidores_CDLV", "vlan_id": "105", "flag": "dhm            ", "port": "1:25"}, {"mac": "14:58:d0:50:a1:68", "vlan_name": "Servidores2_CDLV", "vlan_id": "113", "flag": "dhm            ", "port": "1:25"}, {"mac": "14:58:d0:50:a1:6b", "vlan_name": "Servidores_CDLV", "vlan_id": "105", "flag": "dhm            ", "port": "1:25"}, {"mac": "14:58:d0:50:f0:93", "vlan_name": "Servidores_CDLV", "vlan_id": "105", "flag": "dhm            ", "port": "1:25"}, {"mac": "14:58:d0:50:f0:97", "vlan_name": "Servidores_CDLV", "vlan_id": "105", "flag": "dhm            ", "port": "1:25"}, {"mac": "14:fe:b5:da:54:d8", "vlan_name": "Servidores_CDLV", "vlan_id": "105", "flag": "dhmi           ", "port": "1:25"}, {"mac": "1c:c1:de:23:14:ba", "vlan_name": "Servidores_CDLV", "vlan_id": "105", "flag": "dhmi           ", "port": "1:25"}, {"mac": "28:18:78:bc:8e:90", "vlan_name": "Servidores_CDLV", "vlan_id": "105", "flag": "dhmi           ", "port": "1:25"}, {"mac": "28:18:78:bc:8f:08", "vlan_name": "Servidores_CDLV", "vlan_id": "105", "flag": "dhmi           ", "port": "1:25"}, {"mac": "2c:44:fd:8b:58:12", "vlan_name": "Servidores_CDLV", "vlan_id": "105", "flag": "dhmi           ", "port": "1:25"}, {"mac": "2c:59:e5:38:73:3c", "vlan_name": "Servidores_CDLV", "vlan_id": "105", "flag": "dhmi           ", "port": "1:25"}, {"mac": "2c:59:e5:38:b0:24", "vlan_name": "Servidores_CDLV", "vlan_id": "105", "flag": "dhmi           ", "port": "1:25"}, {"mac": "2c:59:e5:3c:00:8c", "vlan_name": "Servidores_CDLV", "vlan_id": "105", "flag": "dhmi           ", "port": "1:25"}, {"mac": "2c:59:e5:3c:00:94", "vlan_name": "Servidores_CDLV", "vlan_id": "105", "flag": "dhmi           ", "port": "1:25"}, {"mac": "2c:59:e5:3c:49:e8", "vlan_name": "Servidores_CDLV", "vlan_id": "105", "flag": "dhmi           ", "port": "1:25"}, {"mac": "2c:59:e5:3c:49:f4", "vlan_name": "Servidores_CDLV", "vlan_id": "105", "flag": "dhmi           ", "port": "1:25"}, {"mac": "2c:59:e5:3c:58:94", "vlan_name": "Servidores_CDLV", "vlan_id": "105", "flag": "dhmi           ", "port": "1:25"}, {"mac": "2c:59:e5:3c:58:9c", "vlan_name": "Servidores_CDLV", "vlan_id": "105", "flag": "d mi           ", "port": "1:25"}, {"mac": "2c:59:e5:3c:99:84", "vlan_name": "Servidores_CDLV", "vlan_id": "105", "flag": "dhmi           ", "port": "1:25"}, {"mac": "2c:59:e5:3c:9a:84", "vlan_name": "Servidores_CDLV", "vlan_id": "105", "flag": "dhmi           ", "port": "1:25"}, {"mac": "2c:59:e5:3c:b1:dc", "vlan_name": "Servidores_CDLV", "vlan_id": "105", "flag": "dhmi           ", "port": "1:25"}, {"mac": "2c:59:e5:3c:f9:6c", "vlan_name": "Servidores_CDLV", "vlan_id": "105", "flag": "d mi           ", "port": "1:25"}, {"mac": "34:40:b5:9e:2b:84", "vlan_name": "Servidores_CDLV", "vlan_id": "105", "flag": "dhmi           ", "port": "1:25"}, {"mac": "34:40:b5:9e:4b:b4", "vlan_name": "Servidores_CDLV", "vlan_id": "105", "flag": "dhmi           ", "port": "1:25"}, {"mac": "34:40:b5:9e:52:10", "vlan_name": "Servidores_CDLV", "vlan_id": "105", "flag": "dhmi           ", "port": "1:25"}, {"mac": "34:40:b5:9f:55:00", "vlan_name": "Servidores_CDLV", "vlan_id": "105", "flag": "dhmi           ", "port": "1:25"}, {"mac": "34:40:b5:9f:a9:bc", "vlan_name": "Servidores_CDLV", "vlan_id": "105", "flag": "dhmi           ", "port": "1:25"}, {"mac": "34:40:b5:a0:4e:20", "vlan_name": "Servidores_CDLV", "vlan_id": "105", "flag": "d mi           ", "port": "1:25"}, {"mac": "34:40:b5:a1:10:90", "vlan_name": "Servidores_CDLV", "vlan_id": "105", "flag": "dhmi           ", "port": "1:25"}, {"mac": "34:40:b5:a1:33:f0", "vlan_name": "Servidores_CDLV", "vlan_id": "105", "flag": "dhmi           ", "port": "1:25"}, {"mac": "34:40:b5:a1:34:38", "vlan_name": "Servidores_CDLV", "vlan_id": "105", "flag": "dhmi           ", "port": "1:25"}, {"mac": "34:40:b5:a1:34:44", "vlan_name": "Servidores_CDLV", "vlan_id": "105", "flag": "d mi           ", "port": "1:25"}, {"mac": "34:40:b5:a1:34:90", "vlan_name": "Servidores_CDLV", "vlan_id": "105", "flag": "d mi           ", "port": "1:25"}, {"mac": "34:40:b5:a8:3e:98", "vlan_name": "Servidores_CDLV", "vlan_id": "105", "flag": "d mi           ", "port": "1:25"}, {"mac": "34:40:b5:b3:46:58", "vlan_name": "Servidores_CDLV", "vlan_id": "105", "flag": "dhmi           ", "port": "1:25"}, {"mac": "34:40:b5:d5:7f:84", "vlan_name": "Servidores_CDLV", "vlan_id": "105", "flag": "dhmi           ", "port": "1:25"}, {"mac": "34:40:b5:d5:80:8c", "vlan_name": "Servidores_CDLV", "vlan_id": "105", "flag": "d mi           ", "port": "1:25"}, {"mac": "3c:d9:2b:2f:09:0a", "vlan_name": "Servidores_CDLV", "vlan_id": "105", "flag": "d mi           ", "port": "1:25"}, {"mac": "40:f2:e9:07:00:5a", "vlan_name": "Servidores_CDLV", "vlan_id": "105", "flag": "dhmi           ", "port": "1:25"}, {"mac": "40:f2:e9:07:11:02", "vlan_name": "Servidores_CDLV", "vlan_id": "105", "flag": "dhmi           ", "port": "1:25"}, {"mac": "40:f2:e9:07:b8:95", "vlan_name": "Servidores_CDLV", "vlan_id": "105", "flag": "d mi           ", "port": "1:25"}, {"mac": "40:f2:e9:07:c7:1b", "vlan_name": "Servidores_CDLV", "vlan_id": "105", "flag": "d mi           ", "port": "1:25"}, {"mac": "40:f2:e9:07:d3:4b", "vlan_name": "Servidores_CDLV", "vlan_id": "105", "flag": "dhmi           ", "port": "1:25"}, {"mac": "40:f2:e9:07:de:93", "vlan_name": "Servidores_CDLV", "vlan_id": "105", "flag": "d mi           ", "port": "1:25"}, {"mac": "40:f2:e9:09:70:3d", "vlan_name": "Servidores_CDLV", "vlan_id": "105", "flag": "d mi           ", "port": "1:25"}, {"mac": "40:f2:e9:0d:09:1c", "vlan_name": "Servidores_CDLV", "vlan_id": "105", "flag": "dhmi           ", "port": "1:25"}, {"mac": "40:f2:e9:11:c8:f1", "vlan_name": "Servidores_CDLV", "vlan_id": "105", "flag": "d mi           ", "port": "1:25"}, {"mac": "40:f2:e9:11:d6:01", "vlan_name": "Servidores_CDLV", "vlan_id": "105", "flag": "dhmi           ", "port": "1:25"}, {"mac": "40:f2:e9:14:1d:9a", "vlan_name": "Servidores2_CDLV", "vlan_id": "113", "flag": "dhm            ", "port": "1:25"}, {"mac": "40:f2:e9:20:8c:32", "vlan_name": "Servidores_CDLV", "vlan_id": "105", "flag": "dhmi           ", "port": "1:25"}, {"mac": "40:f2:e9:20:ab:e2", "vlan_name": "Servidores_CDLV", "vlan_id": "105", "flag": "dhmi           ", "port": "1:25"}, {"mac": "40:f2:e9:23:b7:ca", "vlan_name": "Servidores_CDLV", "vlan_id": "105", "flag": "dhmi           ", "port": "1:25"}, {"mac": "40:f2:e9:23:c8:83", "vlan_name": "Servidores_CDLV", "vlan_id": "105", "flag": "dhmi           ", "port": "1:25"}, {"mac": "40:f2:e9:5a:f6:74", "vlan_name": "Servidores_CDLV", "vlan_id": "105", "flag": "dhmi           ", "port": "1:25"}, {"mac": "40:f2:e9:c2:38:b0", "vlan_name": "Servidores_CDLV", "vlan_id": "105", "flag": "dhmi           ", "port": "1:25"}, {"mac": "40:f2:e9:c2:41:d0", "vlan_name": "Servidores_CDLV", "vlan_id": "105", "flag": "dhmi           ", "port": "1:25"}, {"mac": "40:f2:e9:c2:6a:b8", "vlan_name": "Servidores_CDLV", "vlan_id": "105", "flag": "dhmi           ", "port": "1:25"}, {"mac": "40:f2:e9:c2:8d:68", "vlan_name": "Servidores_CDLV", "vlan_id": "105", "flag": "d mi           ", "port": "1:25"}, {"mac": "40:f2:e9:c2:8e:00", "vlan_name": "Servidores_CDLV", "vlan_id": "105", "flag": "d mi           ", "port": "1:25"}, {"mac": "40:f2:e9:c2:c1:30", "vlan_name": "Servidores_CDLV", "vlan_id": "105", "flag": "dhmi           ", "port": "1:25"}, {"mac": "40:f2:e9:c2:ef:50", "vlan_name": "Servidores_CDLV", "vlan_id": "105", "flag": "d mi           ", "port": "1:25"}, {"mac": "40:f2:e9:c3:24:b0", "vlan_name": "Servidores_CDLV", "vlan_id": "105", "flag": "d mi           ", "port": "1:25"}, {"mac": "40:f2:e9:c3:2c:18", "vlan_name": "Servidores_CDLV", "vlan_id": "105", "flag": "dhmi           ", "port": "1:25"}, {"mac": "40:f2:e9:c3:31:f8", "vlan_name": "Servidores_CDLV", "vlan_id": "105", "flag": "dhmi           ", "port": "1:25"}, {"mac": "40:f2:e9:c3:33:48", "vlan_name": "Servidores_CDLV", "vlan_id": "105", "flag": "dhmi           ", "port": "1:25"}, {"mac": "40:f2:e9:c3:7e:f8", "vlan_name": "Servidores_CDLV", "vlan_id": "105", "flag": "dhmi           ", "port": "1:25"}, {"mac": "40:f2:e9:c3:8a:b8", "vlan_name": "Servidores_CDLV", "vlan_id": "105", "flag": "dhmi           ", "port": "1:25"}, {"mac": "40:f2:e9:c3:b2:c8", "vlan_name": "Servidores_CDLV", "vlan_id": "105", "flag": "d mi           ", "port": "1:25"}, {"mac": "40:f2:e9:c3:b3:30", "vlan_name": "Servidores_CDLV", "vlan_id": "105", "flag": "dhmi           ", "port": "1:25"}, {"mac": "40:f2:e9:c3:bb:20", "vlan_name": "Servidores_CDLV", "vlan_id": "105", "flag": "d mi           ", "port": "1:25"}, {"mac": "40:f2:e9:c3:be:68", "vlan_name": "Servidores_CDLV", "vlan_id": "105", "flag": "dhmi           ", "port": "1:25"}, {"mac": "40:f2:e9:c3:c8:a8", "vlan_name": "Servidores_CDLV", "vlan_id": "105", "flag": "dhmi           ", "port": "1:25"}, {"mac": "40:f2:e9:c3:d2:18", "vlan_name": "Servidores_CDLV", "vlan_id": "105", "flag": "dhmi           ", "port": "1:25"}, {"mac": "40:f2:e9:c3:da:f0", "vlan_name": "Servidores_CDLV", "vlan_id": "105", "flag": "dhmi           ", "port": "1:25"}, {"mac": "40:f2:e9:c3:f9:f8", "vlan_name": "Servidores_CDLV", "vlan_id": "105", "flag": "dhmi           ", "port": "1:25"}, {"mac": "40:f2:e9:cc:26:22", "vlan_name": "Servidores_CDLV", "vlan_id": "105", "flag": "dhmi           ", "port": "1:25"}, {"mac": "40:f2:e9:f3:65:4b", "vlan_name": "Servidores_CDLV", "vlan_id": "105", "flag": "dhmi           ", "port": "1:25"}, {"mac": "44:a8:42:43:0e:90", "vlan_name": "Servidores_CDLV", "vlan_id": "105", "flag": "dhmi           ", "port": "1:25"}, {"mac": "50:6b:8d:73:f2:c7", "vlan_name": "Servidores2_CDLV", "vlan_id": "113", "flag": "dhm            ", "port": "1:25"}, {"mac": "50:6b:8d:8f:61:33", "vlan_name": "Servidores_CDLV", "vlan_id": "105", "flag": "dhmi           ", "port": "1:25"}, {"mac": "50:6b:8d:9c:41:63", "vlan_name": "Servidores2_CDLV", "vlan_id": "113", "flag": "dhm            ", "port": "1:25"}, {"mac": "50:6b:8d:f4:b5:f0", "vlan_name": "Servidores_CDLV", "vlan_id": "105", "flag": "d mi           ", "port": "1:25"}, {"mac": "58:8a:5a:86:96:81", "vlan_name": "Servidores2_CDLV", "vlan_id": "113", "flag": "dhm            ", "port": "1:25"}, {"mac": "58:8a:5a:86:96:9b", "vlan_name": "Servidores2_CDLV", "vlan_id": "113", "flag": "dhm            ", "port": "1:25"}, {"mac": "58:8a:5a:86:96:9e", "vlan_name": "Servidores2_CDLV", "vlan_id": "113", "flag": "dhm            ", "port": "1:25"}, {"mac": "58:8a:5a:86:96:a8", "vlan_name": "Servidores2_CDLV", "vlan_id": "113", "flag": "dhm            ", "port": "1:25"}, {"mac": "58:8a:5a:86:96:ab", "vlan_name": "Servidores2_CDLV", "vlan_id": "113", "flag": "dhm            ", "port": "1:25"}, {"mac": "5c:f3:fc:03:19:80", "vlan_name": "Servidores_CDLV", "vlan_id": "105", "flag": "dhmi           ", "port": "1:25"}, {"mac": "5c:f3:fc:05:49:a0", "vlan_name": "Servidores_CDLV", "vlan_id": "105", "flag": "dhmi           ", "port": "1:25"}, {"mac": "5c:f3:fc:05:49:a1", "vlan_name": "Servidores_CDLV", "vlan_id": "105", "flag": "dhmi           ", "port": "1:25"}, {"mac": "5c:f3:fc:06:17:c0", "vlan_name": "Servidores_CDLV", "vlan_id": "105", "flag": "dhmi           ", "port": "1:25"}, {"mac": "5c:f3:fc:06:17:c1", "vlan_name": "Servidores_CDLV", "vlan_id": "105", "flag": "dhmi           ", "port": "1:25"}, {"mac": "5c:f3:fc:09:87:36", "vlan_name": "Servidores_CDLV", "vlan_id": "105", "flag": "dhmi           ", "port": "1:25"}, {"mac": "5c:f3:fc:09:8d:c2", "vlan_name": "Servidores_CDLV", "vlan_id": "105", "flag": "dhmi           ", "port": "1:25"}, {"mac": "5c:f3:fc:0c:64:5c", "vlan_name": "Servidores_CDLV", "vlan_id": "105", "flag": "dhmi           ", "port": "1:25"}, {"mac": "5c:f3:fc:0c:71:c4", "vlan_name": "Servidores_CDLV", "vlan_id": "105", "flag": "d mi           ", "port": "1:25"}, {"mac": "5c:f3:fc:21:d7:bc", "vlan_name": "Servidores_CDLV", "vlan_id": "105", "flag": "dhmi           ", "port": "1:25"}, {"mac": "5c:f3:fc:24:89:9c", "vlan_name": "Servidores_CDLV", "vlan_id": "105", "flag": "d mi           ", "port": "1:25"}, {"mac": "5c:f3:fc:24:b7:5e", "vlan_name": "Servidores_CDLV", "vlan_id": "105", "flag": "d mi           ", "port": "1:25"}, {"mac": "5c:f3:fc:24:b8:64", "vlan_name": "Servidores_CDLV", "vlan_id": "105", "flag": "d mi           ", "port": "1:25"}, {"mac": "5c:f3:fc:24:b8:6e", "vlan_name": "Servidores_CDLV", "vlan_id": "105", "flag": "dhmi           ", "port": "1:25"}, {"mac": "5c:f3:fc:24:bb:0a", "vlan_name": "Servidores_CDLV", "vlan_id": "105", "flag": "dhmi           ", "port": "1:25"}, {"mac": "5c:f3:fc:24:be:f2", "vlan_name": "Servidores_CDLV", "vlan_id": "105", "flag": "d mi           ", "port": "1:25"}, {"mac": "5c:f3:fc:24:ca:64", "vlan_name": "Servidores_CDLV", "vlan_id": "105", "flag": "dhmi           ", "port": "1:25"}, {"mac": "5c:f3:fc:24:ca:9e", "vlan_name": "Servidores_CDLV", "vlan_id": "105", "flag": "dhmi           ", "port": "1:25"}, {"mac": "5c:f3:fc:24:cf:2a", "vlan_name": "Servidores_CDLV", "vlan_id": "105", "flag": "dhmi           ", "port": "1:25"}, {"mac": "5c:f3:fc:24:cf:2c", "vlan_name": "Servidores_CDLV", "vlan_id": "105", "flag": "dhmi           ", "port": "1:25"}, {"mac": "5c:f3:fc:24:cf:7e", "vlan_name": "Servidores_CDLV", "vlan_id": "105", "flag": "d mi           ", "port": "1:25"}, {"mac": "5c:f3:fc:24:d1:dc", "vlan_name": "Servidores_CDLV", "vlan_id": "105", "flag": "dhmi           ", "port": "1:25"}, {"mac": "5c:f3:fc:24:d5:40", "vlan_name": "Servidores_CDLV", "vlan_id": "105", "flag": "dhmi           ", "port": "1:25"}, {"mac": "5c:f3:fc:39:ec:6c", "vlan_name": "Servidores_CDLV", "vlan_id": "105", "flag": "dhmi           ", "port": "1:25"}, {"mac": "5c:f3:fc:4b:cc:b0", "vlan_name": "Servidores_CDLV", "vlan_id": "105", "flag": "dhmi           ", "port": "1:25"}, {"mac": "5c:f3:fc:4d:b9:08", "vlan_name": "Servidores_CDLV", "vlan_id": "105", "flag": "d mi           ", "port": "1:25"}, {"mac": "5c:f3:fc:7f:20:a0", "vlan_name": "Servidores_CDLV", "vlan_id": "105", "flag": "dhmi           ", "port": "1:25"}, {"mac": "5c:f3:fc:b7:41:e0", "vlan_name": "Servidores_CDLV", "vlan_id": "105", "flag": "dhmi           ", "port": "1:25"}, {"mac": "5c:f3:fc:b9:26:b4", "vlan_name": "Servidores_CDLV", "vlan_id": "105", "flag": "dhmi           ", "port": "1:25"}, {"mac": "5c:f3:fc:e2:41:38", "vlan_name": "Servidores_CDLV", "vlan_id": "105", "flag": "d mi           ", "port": "1:25"}, {"mac": "5c:f3:fc:e4:ec:60", "vlan_name": "Servidores_CDLV", "vlan_id": "105", "flag": "d mi           ", "port": "1:25"}, {"mac": "5c:f3:fc:e5:8c:7c", "vlan_name": "Servidores_CDLV", "vlan_id": "105", "flag": "dhmi           ", "port": "1:25"}, {"mac": "5c:f3:fc:e5:e2:44", "vlan_name": "Servidores_CDLV", "vlan_id": "105", "flag": "dhmi           ", "port": "1:25"}, {"mac": "64:31:50:50:eb:c2", "vlan_name": "Servidores_CDLV", "vlan_id": "105", "flag": "dhmi           ", "port": "1:25"}, {"mac": "64:31:50:51:b3:7c", "vlan_name": "Servidores_CDLV", "vlan_id": "105", "flag": "d mi           ", "port": "1:25"}, {"mac": "64:9e:f3:65:00:20", "vlan_name": "Wireless_Controller", "vlan_id": "141", "flag": "dhm            ", "port": "1:25"}, {"mac": "68:05:ca:04:25:fa", "vlan_name": "Servidores_CDLV", "vlan_id": "105", "flag": "dhmi           ", "port": "1:25"}, {"mac": "68:05:ca:05:21:b3", "vlan_name": "Servidores_CDLV", "vlan_id": "105", "flag": "d mi           ", "port": "1:25"}, {"mac": "68:05:ca:08:6f:28", "vlan_name": "Servidores_CDLV", "vlan_id": "105", "flag": "d mi           ", "port": "1:25"}, {"mac": "68:b5:99:bd:ec:fc", "vlan_name": "Servidores_CDLV", "vlan_id": "105", "flag": "dhmi           ", "port": "1:25"}, {"mac": "6c:0b:84:62:bb:b0", "vlan_name": "Servidores_CDLV", "vlan_id": "105", "flag": "dhmi           ", "port": "1:25"}, {"mac": "6c:0b:84:b8:44:ea", "vlan_name": "Servidores_CDLV", "vlan_id": "105", "flag": "d mi           ", "port": "1:25"}, {"mac": "6c:ae:8b:1c:80:ea", "vlan_name": "Servidores_CDLV", "vlan_id": "105", "flag": "d mi           ", "port": "1:25"}, {"mac": "6c:ae:8b:25:43:32", "vlan_name": "Servidores_CDLV", "vlan_id": "105", "flag": "dhmi           ", "port": "1:25"}, {"mac": "6c:ae:8b:28:11:ec", "vlan_name": "Servidores_CDLV", "vlan_id": "105", "flag": "dhmi           ", "port": "1:25"}, {"mac": "6c:ae:8b:29:ee:a3", "vlan_name": "Servidores_CDLV", "vlan_id": "105", "flag": "dhmi           ", "port": "1:25"}, {"mac": "6c:ae:8b:31:ab:50", "vlan_name": "Servidores_CDLV", "vlan_id": "105", "flag": "dhmi           ", "port": "1:25"}, {"mac": "6c:ae:8b:31:b0:60", "vlan_name": "Servidores_CDLV", "vlan_id": "105", "flag": "dhmi           ", "port": "1:25"}, {"mac": "6c:ae:8b:31:b2:70", "vlan_name": "Servidores_CDLV", "vlan_id": "105", "flag": "dhmi           ", "port": "1:25"}, {"mac": "6c:ae:8b:31:bc:b0", "vlan_name": "Servidores_CDLV", "vlan_id": "105", "flag": "dhmi           ", "port": "1:25"}, {"mac": "6c:ae:8b:31:c4:68", "vlan_name": "Servidores_CDLV", "vlan_id": "105", "flag": "dhmi           ", "port": "1:25"}, {"mac": "6c:ae:8b:31:c5:e8", "vlan_name": "Servidores_CDLV", "vlan_id": "105", "flag": "dhmi           ", "port": "1:25"}, {"mac": "6c:ae:8b:31:cc:c8", "vlan_name": "Servidores_CDLV", "vlan_id": "105", "flag": "dhmi           ", "port": "1:25"}, {"mac": "6c:ae:8b:31:cf:e8", "vlan_name": "Servidores_CDLV", "vlan_id": "105", "flag": "dhmi           ", "port": "1:25"}, {"mac": "6c:ae:8b:31:d6:30", "vlan_name": "Servidores_CDLV", "vlan_id": "105", "flag": "dhmi           ", "port": "1:25"}, {"mac": "6c:ae:8b:31:d6:68", "vlan_name": "Servidores_CDLV", "vlan_id": "105", "flag": "dhmi           ", "port": "1:25"}, {"mac": "6c:ae:8b:31:d7:58", "vlan_name": "Servidores_CDLV", "vlan_id": "105", "flag": "dhmi           ", "port": "1:25"}, {"mac": "6c:ae:8b:31:dd:a8", "vlan_name": "Servidores_CDLV", "vlan_id": "105", "flag": "d mi           ", "port": "1:25"}, {"mac": "6c:ae:8b:31:e3:e0", "vlan_name": "Servidores_CDLV", "vlan_id": "105", "flag": "dhmi           ", "port": "1:25"}, {"mac": "6c:ae:8b:31:e7:40", "vlan_name": "Servidores_CDLV", "vlan_id": "105", "flag": "dhmi           ", "port": "1:25"}, {"mac": "6c:ae:8b:33:84:60", "vlan_name": "Servidores_CDLV", "vlan_id": "105", "flag": "d mi           ", "port": "1:25"}, {"mac": "6c:ae:8b:33:85:f8", "vlan_name": "Servidores_CDLV", "vlan_id": "105", "flag": "d mi           ", "port": "1:25"}, {"mac": "6c:ae:8b:33:93:c8", "vlan_name": "Servidores_CDLV", "vlan_id": "105", "flag": "dhmi           ", "port": "1:25"}, {"mac": "6c:ae:8b:33:a1:f8", "vlan_name": "Servidores_CDLV", "vlan_id": "105", "flag": "dhmi           ", "port": "1:25"}, {"mac": "6c:ae:8b:33:ab:78", "vlan_name": "Servidores_CDLV", "vlan_id": "105", "flag": "dhmi           ", "port": "1:25"}, {"mac": "6c:ae:8b:33:ba:40", "vlan_name": "Servidores_CDLV", "vlan_id": "105", "flag": "dhmi           ", "port": "1:25"}, {"mac": "6c:ae:8b:33:bf:78", "vlan_name": "Servidores_CDLV", "vlan_id": "105", "flag": "dhmi           ", "port": "1:25"}, {"mac": "6c:ae:8b:33:c0:28", "vlan_name": "Servidores_CDLV", "vlan_id": "105", "flag": "dhmi           ", "port": "1:25"}, {"mac": "6c:ae:8b:33:c1:c8", "vlan_name": "Servidores_CDLV", "vlan_id": "105", "flag": "dhmi           ", "port": "1:25"}, {"mac": "6c:ae:8b:33:cb:d0", "vlan_name": "Servidores_CDLV", "vlan_id": "105", "flag": "dhmi           ", "port": "1:25"}, {"mac": "6c:ae:8b:33:cb:d8", "vlan_name": "Servidores_CDLV", "vlan_id": "105", "flag": "dhmi           ", "port": "1:25"}, {"mac": "6c:ae:8b:34:17:a8", "vlan_name": "Servidores_CDLV", "vlan_id": "105", "flag": "dhmi           ", "port": "1:25"}, {"mac": "6c:ae:8b:34:19:70", "vlan_name": "Servidores_CDLV", "vlan_id": "105", "flag": "d mi           ", "port": "1:25"}, {"mac": "6c:ae:8b:34:3e:08", "vlan_name": "Servidores_CDLV", "vlan_id": "105", "flag": "dhmi           ", "port": "1:25"}, {"mac": "6c:ae:8b:34:3f:10", "vlan_name": "Servidores_CDLV", "vlan_id": "105", "flag": "dhmi           ", "port": "1:25"}, {"mac": "6c:ae:8b:34:41:80", "vlan_name": "Servidores_CDLV", "vlan_id": "105", "flag": "dhmi           ", "port": "1:25"}, {"mac": "6c:ae:8b:34:43:70", "vlan_name": "Servidores_CDLV", "vlan_id": "105", "flag": "dhmi           ", "port": "1:25"}, {"mac": "6c:ae:8b:34:45:30", "vlan_name": "Servidores_CDLV", "vlan_id": "105", "flag": "dhmi           ", "port": "1:25"}, {"mac": "6c:ae:8b:34:47:68", "vlan_name": "Servidores_CDLV", "vlan_id": "105", "flag": "d mi           ", "port": "1:25"}, {"mac": "6c:ae:8b:34:47:90", "vlan_name": "Servidores_CDLV", "vlan_id": "105", "flag": "dhmi           ", "port": "1:25"}, {"mac": "6c:ae:8b:34:4a:58", "vlan_name": "Servidores_CDLV", "vlan_id": "105", "flag": "dhmi           ", "port": "1:25"}, {"mac": "6c:ae:8b:34:4b:40", "vlan_name": "Servidores_CDLV", "vlan_id": "105", "flag": "dhmi           ", "port": "1:25"}, {"mac": "6c:ae:8b:34:4b:70", "vlan_name": "Servidores_CDLV", "vlan_id": "105", "flag": "dhmi           ", "port": "1:25"}, {"mac": "6c:ae:8b:34:4f:a8", "vlan_name": "Servidores_CDLV", "vlan_id": "105", "flag": "dhmi           ", "port": "1:25"}, {"mac": "6c:ae:8b:34:52:10", "vlan_name": "Servidores_CDLV", "vlan_id": "105", "flag": "d mi           ", "port": "1:25"}, {"mac": "6c:ae:8b:34:53:50", "vlan_name": "Servidores_CDLV", "vlan_id": "105", "flag": "dhmi           ", "port": "1:25"}, {"mac": "6c:ae:8b:34:54:68", "vlan_name": "Servidores_CDLV", "vlan_id": "105", "flag": "dhmi           ", "port": "1:25"}, {"mac": "6c:ae:8b:34:59:28", "vlan_name": "Servidores_CDLV", "vlan_id": "105", "flag": "dhmi           ", "port": "1:25"}, {"mac": "6c:ae:8b:34:5a:68", "vlan_name": "Servidores_CDLV", "vlan_id": "105", "flag": "d mi           ", "port": "1:25"}, {"mac": "6c:ae:8b:34:66:b0", "vlan_name": "Servidores_CDLV", "vlan_id": "105", "flag": "d mi           ", "port": "1:25"}, {"mac": "6c:ae:8b:34:ce:38", "vlan_name": "Servidores_CDLV", "vlan_id": "105", "flag": "d mi           ", "port": "1:25"}, {"mac": "6c:ae:8b:34:d2:60", "vlan_name": "Servidores_CDLV", "vlan_id": "105", "flag": "dhmi           ", "port": "1:25"}, {"mac": "6c:ae:8b:34:fd:b0", "vlan_name": "Servidores_CDLV", "vlan_id": "105", "flag": "dhmi           ", "port": "1:25"}, {"mac": "6c:ae:8b:3a:61:1b", "vlan_name": "Servidores_CDLV", "vlan_id": "105", "flag": "d mi           ", "port": "1:25"}, {"mac": "6c:ae:8b:3b:fa:8a", "vlan_name": "Servidores_CDLV", "vlan_id": "105", "flag": "d mi           ", "port": "1:25"}, {"mac": "6c:ae:8b:3e:24:cb", "vlan_name": "Servidores_CDLV", "vlan_id": "105", "flag": "dhmi           ", "port": "1:25"}, {"mac": "6c:ae:8b:3e:38:5a", "vlan_name": "Servidores_CDLV", "vlan_id": "105", "flag": "dhmi           ", "port": "1:25"}, {"mac": "6c:ae:8b:41:c8:3a", "vlan_name": "Servidores_CDLV", "vlan_id": "105", "flag": "dhmi           ", "port": "1:25"}, {"mac": "6c:ae:8b:4e:67:4b", "vlan_name": "Servidores_CDLV", "vlan_id": "105", "flag": "dhmi           ", "port": "1:25"}, {"mac": "6c:ae:8b:4f:fe:db", "vlan_name": "Servidores_CDLV", "vlan_id": "105", "flag": "dhmi           ", "port": "1:25"}, {"mac": "6c:ae:8b:60:b1:a2", "vlan_name": "Servidores_CDLV", "vlan_id": "105", "flag": "dhmi           ", "port": "1:25"}, {"mac": "6c:ae:8b:61:0c:9a", "vlan_name": "Servidores_CDLV", "vlan_id": "105", "flag": "d mi           ", "port": "1:25"}, {"mac": "6c:ae:8b:61:69:1b", "vlan_name": "Servidores_CDLV", "vlan_id": "105", "flag": "dhmi           ", "port": "1:25"}, {"mac": "6c:ae:8b:61:6a:e3", "vlan_name": "Servidores_CDLV", "vlan_id": "105", "flag": "dhmi           ", "port": "1:25"}, {"mac": "6c:ae:8b:63:f6:92", "vlan_name": "Servidores_CDLV", "vlan_id": "105", "flag": "dhmi           ", "port": "1:25"}, {"mac": "6c:ae:8b:68:2e:c4", "vlan_name": "Servidores_CDLV", "vlan_id": "105", "flag": "d mi           ", "port": "1:25"}, {"mac": "6c:b2:ae:1e:cf:b5", "vlan_name": "Wireless_Controller", "vlan_id": "141", "flag": "dhm            ", "port": "1:25"}, {"mac": "78:e3:b5:0f:4f:68", "vlan_name": "Servidores_CDLV", "vlan_id": "105", "flag": "dhmi           ", "port": "1:25"}, {"mac": "78:e3:b5:14:16:40", "vlan_name": "Servidores_CDLV", "vlan_id": "105", "flag": "d mi           ", "port": "1:25"}, {"mac": "78:e3:b5:14:89:c0", "vlan_name": "Servidores_CDLV", "vlan_id": "105", "flag": "dhmi           ", "port": "1:25"}, {"mac": "78:e3:b5:14:a6:80", "vlan_name": "Servidores_CDLV", "vlan_id": "105", "flag": "dhmi           ", "port": "1:25"}, {"mac": "78:e3:b5:14:a6:d8", "vlan_name": "Servidores_CDLV", "vlan_id": "105", "flag": "d mi           ", "port": "1:25"}, {"mac": "80:18:44:e7:85:18", "vlan_name": "Servidores2_CDLV", "vlan_id": "113", "flag": "dhm            ", "port": "1:25"}, {"mac": "80:18:44:e7:85:38", "vlan_name": "Servidores2_CDLV", "vlan_id": "113", "flag": "dhm            ", "port": "1:25"}, {"mac": "80:18:44:e7:85:4c", "vlan_name": "Servidores2_CDLV", "vlan_id": "113", "flag": "dhm            ", "port": "1:25"}, {"mac": "90:e2:ba:65:f2:1c", "vlan_name": "Servidores_CDLV", "vlan_id": "105", "flag": "dhmi           ", "port": "1:25"}, {"mac": "90:e2:ba:6e:1a:82", "vlan_name": "Servidores_CDLV", "vlan_id": "105", "flag": "dhm            ", "port": "1:25"}, {"mac": "90:e2:ba:80:2c:ec", "vlan_name": "Servidores_CDLV", "vlan_id": "105", "flag": "dhmi           ", "port": "1:25"}, {"mac": "98:be:94:37:0b:e0", "vlan_name": "Servidores_CDLV", "vlan_id": "105", "flag": "d mi           ", "port": "1:25"}, {"mac": "98:be:94:37:13:b0", "vlan_name": "Servidores_CDLV", "vlan_id": "105", "flag": "d mi           ", "port": "1:25"}, {"mac": "98:be:94:37:16:80", "vlan_name": "Servidores_CDLV", "vlan_id": "105", "flag": "d mi           ", "port": "1:25"}, {"mac": "98:be:94:64:bd:90", "vlan_name": "Servidores2_CDLV", "vlan_id": "113", "flag": "d m            ", "port": "2:1"}, {"mac": "98:be:94:65:38:20", "vlan_name": "Servidores2_CDLV", "vlan_id": "113", "flag": "dhm            ", "port": "1:25"}, {"mac": "9c:b6:54:93:9d:38", "vlan_name": "Servidores_CDLV", "vlan_id": "105", "flag": "dhmi           ", "port": "1:25"}, {"mac": "a4:53:0e:dd:28:78", "vlan_name": "Wireless_Controller", "vlan_id": "141", "flag": "dhm            ", "port": "1:25"}, {"mac": "ac:1f:6b:45:68:5d", "vlan_name": "Servidores2_CDLV", "vlan_id": "113", "flag": "dhm            ", "port": "1:25"}, {"mac": "b4:99:ba:07:4e:42", "vlan_name": "Servidores_CDLV", "vlan_id": "105", "flag": "dhmi           ", "port": "1:25"}, {"mac": "b4:de:31:ad:28:75", "vlan_name": "Servidores2_CDLV", "vlan_id": "113", "flag": "dhm            ", "port": "1:25"}, {"mac": "b4:de:31:ad:28:75", "vlan_name": "Servidores_CDLV", "vlan_id": "105", "flag": "dhm            ", "port": "1:25"}, {"mac": "b4:de:31:ad:28:75", "vlan_name": "Wireless_Controller", "vlan_id": "141", "flag": "dhm            ", "port": "1:25"}, {"mac": "b4:de:31:c5:8c:bf", "vlan_name": "Servidores2_CDLV", "vlan_id": "113", "flag": "dhm            ", "port": "1:25"}, {"mac": "b4:de:31:c5:8c:bf", "vlan_name": "Servidores_CDLV", "vlan_id": "105", "flag": "dhm            ", "port": "1:25"}, {"mac": "b4:de:31:c5:8c:bf", "vlan_name": "Wireless_Controller", "vlan_id": "141", "flag": "dhm            ", "port": "1:25"}, {"mac": "b4:e1:0f:da:9c:61", "vlan_name": "Servidores_CDLV", "vlan_id": "105", "flag": "dhmi           ", "port": "1:25"}, {"mac": "b4:e1:0f:da:9c:6e", "vlan_name": "Servidores_CDLV", "vlan_id": "105", "flag": "dhmi           ", "port": "1:25"}, {"mac": "b4:e1:0f:da:9c:95", "vlan_name": "Servidores_CDLV", "vlan_id": "105", "flag": "dhmi           ", "port": "1:25"}, {"mac": "b4:e1:0f:da:9c:a2", "vlan_name": "Servidores_CDLV", "vlan_id": "105", "flag": "d mi           ", "port": "1:25"}, {"mac": "b4:e1:0f:da:9c:bc", "vlan_name": "Servidores2_CDLV", "vlan_id": "113", "flag": "dhm            ", "port": "1:25"}, {"mac": "b4:e1:0f:da:9c:bf", "vlan_name": "Servidores2_CDLV", "vlan_id": "113", "flag": "dhm            ", "port": "1:25"}, {"mac": "b4:e1:0f:da:9c:c9", "vlan_name": "Servidores_CDLV", "vlan_id": "105", "flag": "d mi           ", "port": "1:25"}, {"mac": "b4:e1:0f:da:9c:e3", "vlan_name": "Servidores2_CDLV", "vlan_id": "113", "flag": "dhm            ", "port": "1:25"}, {"mac": "b4:e1:0f:da:9c:e6", "vlan_name": "Servidores2_CDLV", "vlan_id": "113", "flag": "dhm            ", "port": "1:25"}, {"mac": "c4:34:6b:fe:9d:78", "vlan_name": "Servidores2_CDLV", "vlan_id": "113", "flag": "dhm            ", "port": "1:25"}, {"mac": "c4:34:6b:fe:9d:7c", "vlan_name": "Servidores2_CDLV", "vlan_id": "113", "flag": "dhm            ", "port": "1:25"}, {"mac": "c4:34:6b:fe:cb:92", "vlan_name": "Servidores2_CDLV", "vlan_id": "113", "flag": "dhm            ", "port": "1:25"}, {"mac": "cc:16:7e:fa:31:94", "vlan_name": "Wireless_Controller", "vlan_id": "141", "flag": "dhm            ", "port": "1:25"}, {"mac": "d0:43:1e:f3:c9:a1", "vlan_name": "Servidores_CDLV", "vlan_id": "105", "flag": "dhmi           ", "port": "1:25"}, {"mac": "d0:43:1e:f3:c9:ae", "vlan_name": "Servidores_CDLV", "vlan_id": "105", "flag": "dhmi           ", "port": "1:25"}, {"mac": "d0:43:1e:f3:c9:bd", "vlan_name": "Servidores_CDLV", "vlan_id": "105", "flag": "dhm            ", "port": "1:25"}, {"mac": "d0:43:1e:f3:c9:ca", "vlan_name": "Servidores_CDLV", "vlan_id": "105", "flag": "dhm            ", "port": "1:25"}, {"mac": "d0:43:1e:f3:c9:d7", "vlan_name": "Servidores_CDLV", "vlan_id": "105", "flag": "dhm            ", "port": "1:25"}, {"mac": "d0:43:1e:f3:c9:e2", "vlan_name": "Servidores_CDLV", "vlan_id": "105", "flag": "dhmi           ", "port": "1:25"}, {"mac": "d0:43:1e:f3:c9:fc", "vlan_name": "Servidores2_CDLV", "vlan_id": "113", "flag": "dhm            ", "port": "1:25"}, {"mac": "d0:43:1e:f3:c9:ff", "vlan_name": "Servidores2_CDLV", "vlan_id": "113", "flag": "dhm            ", "port": "1:25"}, {"mac": "d0:43:1e:f3:ca:16", "vlan_name": "Servidores_CDLV", "vlan_id": "105", "flag": "dhmi           ", "port": "1:25"}, {"mac": "d0:43:1e:f3:ca:19", "vlan_name": "Servidores_CDLV", "vlan_id": "105", "flag": "dhm            ", "port": "1:25"}, {"mac": "d0:43:1e:f3:ca:23", "vlan_name": "Servidores_CDLV", "vlan_id": "105", "flag": "dhmi           ", "port": "1:25"}, {"mac": "d0:43:1e:f3:ca:26", "vlan_name": "Servidores_CDLV", "vlan_id": "105", "flag": "dhm            ", "port": "1:25"}, {"mac": "d0:43:1e:f3:ca:30", "vlan_name": "Servidores_CDLV", "vlan_id": "105", "flag": "dhmi           ", "port": "1:25"}, {"mac": "d0:43:1e:f3:ca:3d", "vlan_name": "Servidores_CDLV", "vlan_id": "105", "flag": "dhmi           ", "port": "1:25"}, {"mac": "d0:43:1e:f3:ca:4a", "vlan_name": "Servidores_CDLV", "vlan_id": "105", "flag": "dhmi           ", "port": "1:25"}, {"mac": "d0:43:1e:f3:ca:4d", "vlan_name": "Servidores_CDLV", "vlan_id": "105", "flag": "dhm            ", "port": "1:25"}, {"mac": "d0:43:1e:f3:ca:64", "vlan_name": "Servidores2_CDLV", "vlan_id": "113", "flag": "dhm            ", "port": "1:25"}, {"mac": "d0:43:1e:f3:ca:67", "vlan_name": "Servidores2_CDLV", "vlan_id": "113", "flag": "dhm            ", "port": "1:25"}, {"mac": "d0:43:1e:f3:cb:e2", "vlan_name": "Servidores_CDLV", "vlan_id": "105", "flag": "dhm            ", "port": "1:25"}, {"mac": "d0:43:1e:f3:cc:99", "vlan_name": "Servidores_CDLV", "vlan_id": "105", "flag": "dhm            ", "port": "1:25"}, {"mac": "d0:43:1e:f3:cd:50", "vlan_name": "Servidores_CDLV", "vlan_id": "105", "flag": "dhm            ", "port": "1:25"}, {"mac": "d0:43:1e:fd:05:e1", "vlan_name": "Servidores_CDLV", "vlan_id": "105", "flag": "dhmi           ", "port": "1:25"}, {"mac": "d0:43:1e:fd:05:ee", "vlan_name": "Servidores_CDLV", "vlan_id": "105", "flag": "dhmi           ", "port": "1:25"}, {"mac": "d0:43:1e:fd:05:fb", "vlan_name": "Servidores_CDLV", "vlan_id": "105", "flag": "d mi           ", "port": "1:25"}, {"mac": "d0:43:1e:fd:06:08", "vlan_name": "Servidores_CDLV", "vlan_id": "105", "flag": "dhmi           ", "port": "1:25"}, {"mac": "d0:43:1e:fd:06:15", "vlan_name": "Servidores_CDLV", "vlan_id": "105", "flag": "dhmi           ", "port": "1:25"}, {"mac": "d0:43:1e:fd:06:22", "vlan_name": "Servidores_CDLV", "vlan_id": "105", "flag": "dhmi           ", "port": "1:25"}, {"mac": "d0:43:1e:fd:06:2f", "vlan_name": "Servidores_CDLV", "vlan_id": "105", "flag": "dhmi           ", "port": "1:25"}, {"mac": "d0:43:1e:fd:06:56", "vlan_name": "Servidores_CDLV", "vlan_id": "105", "flag": "d mi           ", "port": "1:25"}, {"mac": "d0:43:1e:fd:06:63", "vlan_name": "Servidores_CDLV", "vlan_id": "105", "flag": "dhmi           ", "port": "1:25"}, {"mac": "d0:43:1e:fd:06:70", "vlan_name": "Servidores_CDLV", "vlan_id": "105", "flag": "dhmi           ", "port": "1:25"}, {"mac": "d0:43:1e:fd:06:7d", "vlan_name": "Servidores_CDLV", "vlan_id": "105", "flag": "dhmi           ", "port": "1:25"}, {"mac": "d0:43:1e:fd:06:a4", "vlan_name": "Servidores_CDLV", "vlan_id": "105", "flag": "dhmi           ", "port": "1:25"}, {"mac": "d0:94:66:1c:d0:e7", "vlan_name": "Servidores2_CDLV", "vlan_id": "113", "flag": "dhm            ", "port": "1:25"}, {"mac": "d0:94:66:1c:d1:89", "vlan_name": "Servidores2_CDLV", "vlan_id": "113", "flag": "dhm            ", "port": "1:25"}, {"mac": "d4:ae:52:94:ba:91", "vlan_name": "Servidores_CDLV", "vlan_id": "105", "flag": "dhmi           ", "port": "1:25"}, {"mac": "d4:ae:52:9a:8e:f7", "vlan_name": "Servidores_CDLV", "vlan_id": "105", "flag": "dhmi           ", "port": "1:25"}, {"mac": "d4:ae:52:9a:8e:f9", "vlan_name": "Servidores_CDLV", "vlan_id": "105", "flag": "dhm            ", "port": "1:25"}, {"mac": "d4:ae:52:a3:c0:63", "vlan_name": "Servidores_CDLV", "vlan_id": "105", "flag": "dhmi           ", "port": "1:25"}, {"mac": "d4:be:d9:b0:85:49", "vlan_name": "Servidores_CDLV", "vlan_id": "105", "flag": "d mi           ", "port": "1:25"}, {"mac": "d4:be:d9:b0:bc:96", "vlan_name": "Servidores_CDLV", "vlan_id": "105", "flag": "dhmi           ", "port": "1:25"}, {"mac": "d8:9d:67:29:f4:68", "vlan_name": "Servidores_CDLV", "vlan_id": "105", "flag": "d mi           ", "port": "1:25"}, {"mac": "d8:9d:67:2b:4b:d8", "vlan_name": "Servidores_CDLV", "vlan_id": "105", "flag": "dhmi           ", "port": "1:25"}, {"mac": "d8:9d:67:6f:e7:f4", "vlan_name": "Servidores_CDLV", "vlan_id": "105", "flag": "dhmi           ", "port": "1:25"}, {"mac": "e0:07:1b:f6:66:9c", "vlan_name": "Servidores_CDLV", "vlan_id": "105", "flag": "dhmi           ", "port": "1:25"}, {"mac": "e0:4f:43:06:22:40", "vlan_name": "Servidores_CDLV", "vlan_id": "105", "flag": "dhmi           ", "port": "1:25"}, {"mac": "e0:4f:43:07:44:10", "vlan_name": "Servidores_CDLV", "vlan_id": "105", "flag": "d mi           ", "port": "1:25"}, {"mac": "e0:4f:43:07:50:cc", "vlan_name": "Servidores_CDLV", "vlan_id": "105", "flag": "d mi           ", "port": "1:25"}, {"mac": "e4:1f:13:1a:27:b8", "vlan_name": "Servidores_CDLV", "vlan_id": "105", "flag": "d mi           ", "port": "1:25"}, {"mac": "e4:1f:13:2d:82:88", "vlan_name": "Servidores_CDLV", "vlan_id": "105", "flag": "d mi           ", "port": "1:25"}, {"mac": "e4:1f:13:2d:87:f4", "vlan_name": "Servidores_CDLV", "vlan_id": "105", "flag": "dhmi           ", "port": "1:25"}, {"mac": "e4:1f:13:31:6d:8c", "vlan_name": "Servidores_CDLV", "vlan_id": "105", "flag": "dhmi           ", "port": "1:25"}, {"mac": "e4:1f:13:45:6c:38", "vlan_name": "Servidores_CDLV", "vlan_id": "105", "flag": "dhmi           ", "port": "1:25"}, {"mac": "e4:1f:13:45:6c:b0", "vlan_name": "Servidores_CDLV", "vlan_id": "105", "flag": "dhmi           ", "port": "1:25"}, {"mac": "e4:1f:13:45:6c:bc", "vlan_name": "Servidores_CDLV", "vlan_id": "105", "flag": "d mi           ", "port": "1:25"}, {"mac": "e4:1f:13:60:c5:c4", "vlan_name": "Servidores_CDLV", "vlan_id": "105", "flag": "dhmi           ", "port": "1:25"}, {"mac": "e4:1f:13:60:c6:e4", "vlan_name": "Servidores_CDLV", "vlan_id": "105", "flag": "d mi           ", "port": "1:25"}, {"mac": "e4:1f:13:6b:53:60", "vlan_name": "Servidores_CDLV", "vlan_id": "105", "flag": "dhmi           ", "port": "1:25"}, {"mac": "e4:1f:13:6b:54:44", "vlan_name": "Servidores_CDLV", "vlan_id": "105", "flag": "dhmi           ", "port": "1:25"}, {"mac": "e4:1f:13:90:1d:ba", "vlan_name": "Servidores_CDLV", "vlan_id": "105", "flag": "dhmi           ", "port": "1:25"}, {"mac": "e4:1f:13:90:30:04", "vlan_name": "Servidores_CDLV", "vlan_id": "105", "flag": "d mi           ", "port": "1:25"}, {"mac": "e4:1f:13:b6:90:80", "vlan_name": "Servidores_CDLV", "vlan_id": "105", "flag": "d mi           ", "port": "1:25"}, {"mac": "e4:1f:13:b7:70:0e", "vlan_name": "Servidores_CDLV", "vlan_id": "105", "flag": "dhmi           ", "port": "1:25"}, {"mac": "e4:1f:13:b8:71:c4", "vlan_name": "Servidores_CDLV", "vlan_id": "105", "flag": "d mi           ", "port": "1:25"}, {"mac": "e4:1f:13:b8:db:a0", "vlan_name": "Servidores_CDLV", "vlan_id": "105", "flag": "dhmi           ", "port": "1:25"}, {"mac": "e4:1f:13:ba:24:2c", "vlan_name": "Servidores_CDLV", "vlan_id": "105", "flag": "dhmi           ", "port": "1:25"}, {"mac": "e4:1f:13:bd:00:9c", "vlan_name": "Servidores_CDLV", "vlan_id": "105", "flag": "d mi           ", "port": "1:25"}, {"mac": "e4:1f:13:bd:51:bc", "vlan_name": "Servidores_CDLV", "vlan_id": "105", "flag": "dhmi           ", "port": "1:25"}, {"mac": "e4:1f:13:bd:61:c6", "vlan_name": "Servidores_CDLV", "vlan_id": "105", "flag": "dhmi           ", "port": "1:25"}, {"mac": "e4:1f:13:bd:d2:fc", "vlan_name": "Servidores_CDLV", "vlan_id": "105", "flag": "dhmi           ", "port": "1:25"}, {"mac": "e4:1f:13:bd:da:2c", "vlan_name": "Servidores_CDLV", "vlan_id": "105", "flag": "dhmi           ", "port": "1:25"}, {"mac": "e4:1f:13:bf:07:20", "vlan_name": "Servidores_CDLV", "vlan_id": "105", "flag": "d mi           ", "port": "1:25"}, {"mac": "e4:1f:13:bf:f0:e4", "vlan_name": "Servidores_CDLV", "vlan_id": "105", "flag": "d mi           ", "port": "1:25"}, {"mac": "e4:1f:13:bf:f2:e0", "vlan_name": "Servidores_CDLV", "vlan_id": "105", "flag": "d mi           ", "port": "1:25"}, {"mac": "e4:1f:13:da:8d:42", "vlan_name": "Servidores_CDLV", "vlan_id": "105", "flag": "dhmi           ", "port": "1:25"}, {"mac": "e4:1f:13:e5:11:c2", "vlan_name": "Servidores_CDLV", "vlan_id": "105", "flag": "dhmi           ", "port": "1:25"}, {"mac": "e4:1f:13:e6:c0:3c", "vlan_name": "Servidores_CDLV", "vlan_id": "105", "flag": "dhmi           ", "port": "1:25"}, {"mac": "e4:1f:13:e6:db:fc", "vlan_name": "Servidores_CDLV", "vlan_id": "105", "flag": "dhmi           ", "port": "1:25"}, {"mac": "e4:1f:13:e6:f6:cc", "vlan_name": "Servidores_CDLV", "vlan_id": "105", "flag": "dhmi           ", "port": "1:25"}, {"mac": "e4:1f:13:ec:1e:c2", "vlan_name": "Servidores_CDLV", "vlan_id": "105", "flag": "d mi           ", "port": "1:25"}, {"mac": "e4:1f:13:fc:6c:c5", "vlan_name": "Servidores2_CDLV", "vlan_id": "113", "flag": "dhm            ", "port": "1:25"}, {"mac": "ec:b1:d7:76:5c:e8", "vlan_name": "Servidores_CDLV", "vlan_id": "105", "flag": "dhmi           ", "port": "1:25"}, {"mac": "fc:aa:14:7a:e9:d2", "vlan_name": "Servidores_CDLV", "vlan_id": "105", "flag": "dhmi           ", "port": "1:25"}]