[{"port": "Port", "neighbor": "Neighbor", "neighbor_id": "Neighbor-ID", "remote_port": "Remote", "num_vlans": "Num"}, {"port": "1", "neighbor": "LV_RL13C_CONS_18", "neighbor_id": "00:00:00:04:96:7d:e8:9a", "remote_port": "1:25", "num_vlans": "1"}, {"port": "2", "neighbor": "LV_RL13_CONS_17", "neighbor_id": "00:00:00:04:96:28:16:6b", "remote_port": "1:24", "num_vlans": "3"}, {"port": "3", "neighbor": "LV_RL13C_CONS_10", "neighbor_id": "00:00:00:04:96:52:43:06", "remote_port": "1:26", "num_vlans": "3"}, {"port": "4", "neighbor": "LV_RL13_Consolas_15", "neighbor_id": "00:00:00:04:96:52:43:d4", "remote_port": "1:26", "num_vlans": "2"}, {"port": "5", "neighbor": "LV_RG14C_CONS_08", "neighbor_id": "00:00:00:04:96:51:de:c5", "remote_port": "1:26", "num_vlans": "1"}, {"port": "6", "neighbor": "LV_RG14C_CONS_09", "neighbor_id": "00:00:00:04:96:36:fb:c7", "remote_port": "1:26", "num_vlans": "2"}, {"port": "7", "neighbor": "LV_RG14C_CONS_23", "neighbor_id": "00:00:00:04:96:7d:e8:a2", "remote_port": "1:26", "num_vlans": "2"}, {"port": "9", "neighbor": "LV_RO04C_CONS20", "neighbor_id": "00:00:00:04:96:8b:90:00", "remote_port": "1:24", "num_vlans": "2"}, {"port": "10", "neighbor": "LV_RO13C_CONS21", "neighbor_id": "00:00:00:04:96:8b:90:66", "remote_port": "1:24", "num_vlans": "2"}, {"port": "23", "neighbor": "LV_RD14_CONS_24", "neighbor_id": "00:00:00:04:96:98:6e:ba", "remote_port": "1:24", "num_vlans": "3"}, {"port": "24", "neighbor": "LV_RL29C_SERVICIOS_01", "neighbor_id": "00:00:00:04:96:97:d3:3d", "remote_port": "1:48", "num_vlans": "3"}]