[{"mac": "00:01:d7:eb:28:81", "vlan_name": "Consola", "vlan_id": "4094", "flag": "d m           ", "port": "24"}, {"mac": "00:04:96:28:16:6b", "vlan_name": "Consola", "vlan_id": "4094", "flag": "d m           ", "port": "2"}, {"mac": "00:04:96:36:8b:1a", "vlan_name": "Consola", "vlan_id": "4094", "flag": "d m           ", "port": "24"}, {"mac": "00:04:96:36:8b:22", "vlan_name": "Consola", "vlan_id": "4094", "flag": "d m           ", "port": "24"}, {"mac": "00:04:96:36:c7:51", "vlan_name": "Consola", "vlan_id": "4094", "flag": "d m           ", "port": "24"}, {"mac": "00:04:96:36:f9:13", "vlan_name": "Consola", "vlan_id": "4094", "flag": "d m           ", "port": "24"}, {"mac": "00:04:96:51:de:c5", "vlan_name": "Consola", "vlan_id": "4094", "flag": "d m           ", "port": "5"}, {"mac": "00:04:96:52:18:9a", "vlan_name": "Consola", "vlan_id": "4094", "flag": "d m           ", "port": "8"}, {"mac": "00:04:96:52:2c:c2", "vlan_name": "Consola", "vlan_id": "4094", "flag": "d m           ", "port": "6"}, {"mac": "00:04:96:52:43:06", "vlan_name": "Consola", "vlan_id": "4094", "flag": "d m           ", "port": "3"}, {"mac": "00:04:96:52:43:83", "vlan_name": "Consola", "vlan_id": "4094", "flag": "d m           ", "port": "4"}, {"mac": "00:04:96:52:43:d4", "vlan_name": "Consola", "vlan_id": "4094", "flag": "d m           ", "port": "4"}, {"mac": "00:04:96:6d:6c:ce", "vlan_name": "Consola", "vlan_id": "4094", "flag": "d m           ", "port": "24"}, {"mac": "00:04:96:7d:e3:1c", "vlan_name": "Consola", "vlan_id": "4094", "flag": "d m           ", "port": "2"}, {"mac": "00:04:96:7d:e3:1e", "vlan_name": "Consola", "vlan_id": "4094", "flag": "d m           ", "port": "2"}, {"mac": "00:04:96:7d:e8:9a", "vlan_name": "Consola", "vlan_id": "4094", "flag": "d m           ", "port": "1"}, {"mac": "00:04:96:7d:e8:a2", "vlan_name": "Consola", "vlan_id": "4094", "flag": "d m           ", "port": "7"}, {"mac": "00:04:96:7e:03:87", "vlan_name": "Consola", "vlan_id": "4094", "flag": "d m           ", "port": "24"}, {"mac": "00:04:96:7e:30:be", "vlan_name": "Consola", "vlan_id": "4094", "flag": "d m           ", "port": "24"}, {"mac": "00:04:96:82:14:54", "vlan_name": "Consola", "vlan_id": "4094", "flag": "d m           ", "port": "24"}, {"mac": "00:04:96:82:1a:8a", "vlan_name": "Consola", "vlan_id": "4094", "flag": "d m           ", "port": "24"}, {"mac": "00:04:96:82:5a:4f", "vlan_name": "Consola", "vlan_id": "4094", "flag": "d m           ", "port": "24"}, {"mac": "00:04:96:82:5a:71", "vlan_name": "Consola", "vlan_id": "4094", "flag": "d m           ", "port": "24"}, {"mac": "00:04:96:82:5a:a5", "vlan_name": "Consola", "vlan_id": "4094", "flag": "d m           ", "port": "24"}, {"mac": "00:04:96:82:60:03", "vlan_name": "Consola", "vlan_id": "4094", "flag": "d m           ", "port": "24"}, {"mac": "00:04:96:82:60:05", "vlan_name": "Consola", "vlan_id": "4094", "flag": "d m           ", "port": "24"}, {"mac": "00:04:96:82:60:4e", "vlan_name": "Consola", "vlan_id": "4094", "flag": "d m           ", "port": "24"}, {"mac": "00:04:96:82:60:50", "vlan_name": "Consola", "vlan_id": "4094", "flag": "d m           ", "port": "24"}, {"mac": "00:04:96:83:83:9b", "vlan_name": "Consola", "vlan_id": "4094", "flag": "d m           ", "port": "24"}, {"mac": "00:04:96:83:84:10", "vlan_name": "Consola", "vlan_id": "4094", "flag": "d m           ", "port": "24"}, {"mac": "00:04:96:83:87:b0", "vlan_name": "Consola", "vlan_id": "4094", "flag": "d m           ", "port": "6"}, {"mac": "00:04:96:83:87:f3", "vlan_name": "Consola", "vlan_id": "4094", "flag": "d m           ", "port": "24"}, {"mac": "00:04:96:83:88:0f", "vlan_name": "Consola", "vlan_id": "4094", "flag": "d m           ", "port": "9"}, {"mac": "00:04:96:8b:8f:d6", "vlan_name": "Consola", "vlan_id": "4094", "flag": "d m           ", "port": "24"}, {"mac": "00:04:96:8b:90:05", "vlan_name": "Consola", "vlan_id": "4094", "flag": "d m           ", "port": "9"}, {"mac": "00:04:96:8b:90:17", "vlan_name": "Consola", "vlan_id": "4094", "flag": "d m           ", "port": "10"}, {"mac": "00:04:96:8b:90:66", "vlan_name": "Consola", "vlan_id": "4094", "flag": "d m           ", "port": "10"}, {"mac": "00:04:96:8b:97:f4", "vlan_name": "Consola", "vlan_id": "4094", "flag": "d m           ", "port": "24"}, {"mac": "00:04:96:8b:98:55", "vlan_name": "Consola", "vlan_id": "4094", "flag": "d m           ", "port": "24"}, {"mac": "00:04:96:8f:b6:e9", "vlan_name": "Consola", "vlan_id": "4094", "flag": "d m           ", "port": "24"}, {"mac": "00:04:96:8f:bb:61", "vlan_name": "Consola", "vlan_id": "4094", "flag": "d m           ", "port": "24"}, {"mac": "00:04:96:8f:bb:67", "vlan_name": "Consola", "vlan_id": "4094", "flag": "d m           ", "port": "24"}, {"mac": "00:04:96:97:87:17", "vlan_name": "Consola", "vlan_id": "4094", "flag": "d m           ", "port": "24"}, {"mac": "00:04:96:97:88:b9", "vlan_name": "Consola", "vlan_id": "4094", "flag": "d m           ", "port": "24"}, {"mac": "00:04:96:97:8b:f8", "vlan_name": "Consola", "vlan_id": "4094", "flag": "d m           ", "port": "24"}, {"mac": "00:04:96:97:8d:77", "vlan_name": "Consola", "vlan_id": "4094", "flag": "d m           ", "port": "24"}, {"mac": "00:04:96:97:d3:3d", "vlan_name": "Consola", "vlan_id": "4094", "flag": "d m           ", "port": "24"}, {"mac": "00:04:96:97:d3:3d", "vlan_name": "Consolas3", "vlan_id": "1170", "flag": "d m           ", "port": "24"}, {"mac": "00:04:96:97:e5:fd", "vlan_name": "Consola", "vlan_id": "4094", "flag": "d m           ", "port": "24"}, {"mac": "00:04:96:98:6e:ba", "vlan_name": "Consola", "vlan_id": "4094", "flag": "d m           ", "port": "23"}, {"mac": "00:04:96:98:c9:48", "vlan_name": "Consola", "vlan_id": "4094", "flag": "d m           ", "port": "24"}, {"mac": "00:04:96:98:cc:65", "vlan_name": "Consola", "vlan_id": "4094", "flag": "d m           ", "port": "24"}, {"mac": "00:04:96:98:cc:ab", "vlan_name": "Consola", "vlan_id": "4094", "flag": "d m           ", "port": "24"}, {"mac": "00:04:96:99:1c:46", "vlan_name": "Consola", "vlan_id": "4094", "flag": "d m           ", "port": "24"}, {"mac": "00:04:96:99:1c:47", "vlan_name": "Consola", "vlan_id": "4094", "flag": "d m           ", "port": "24"}, {"mac": "00:04:96:99:1c:49", "vlan_name": "Consola", "vlan_id": "4094", "flag": "d m           ", "port": "24"}, {"mac": "00:04:96:99:64:a0", "vlan_name": "Consola", "vlan_id": "4094", "flag": "d m           ", "port": "23"}, {"mac": "00:04:96:99:65:36", "vlan_name": "Consola", "vlan_id": "4094", "flag": "d m           ", "port": "24"}, {"mac": "00:04:96:9b:42:ae", "vlan_name": "Consola", "vlan_id": "4094", "flag": "d m           ", "port": "24"}, {"mac": "00:05:1e:0b:e0:6e", "vlan_name": "Consola", "vlan_id": "4094", "flag": "d m           ", "port": "24"}, {"mac": "00:05:1e:37:1a:d0", "vlan_name": "Consola", "vlan_id": "4094", "flag": "d m           ", "port": "6"}, {"mac": "00:05:1e:e8:90:9e", "vlan_name": "Consola", "vlan_id": "4094", "flag": "d m           ", "port": "24"}, {"mac": "00:10:e0:5b:5c:0c", "vlan_name": "Consola", "vlan_id": "4094", "flag": "d m           ", "port": "24"}, {"mac": "00:1f:29:6d:90:41", "vlan_name": "Consola", "vlan_id": "4094", "flag": "d m           ", "port": "24"}, {"mac": "00:21:5e:cb:9f:49", "vlan_name": "Consola", "vlan_id": "4094", "flag": "d m           ", "port": "7"}, {"mac": "00:24:81:76:ca:7b", "vlan_name": "Consola", "vlan_id": "4094", "flag": "d m           ", "port": "9"}, {"mac": "00:26:55:26:37:ee", "vlan_name": "Consola", "vlan_id": "4094", "flag": "d m           ", "port": "2"}, {"mac": "00:50:56:71:4b:68", "vlan_name": "Consola", "vlan_id": "4094", "flag": "d m           ", "port": "6"}, {"mac": "00:60:16:3a:01:73", "vlan_name": "Consola", "vlan_id": "4094", "flag": "d m           ", "port": "24"}, {"mac": "00:60:16:3a:01:a1", "vlan_name": "Consola", "vlan_id": "4094", "flag": "d m           ", "port": "24"}, {"mac": "00:e0:27:12:d6:28", "vlan_name": "Consola", "vlan_id": "4094", "flag": "d m           ", "port": "24"}, {"mac": "00:e0:27:12:f0:ea", "vlan_name": "Consola", "vlan_id": "4094", "flag": "d m           ", "port": "9"}, {"mac": "00:e0:ec:29:a6:20", "vlan_name": "Consola", "vlan_id": "4094", "flag": "d m           ", "port": "10"}, {"mac": "02:04:96:7e:13:cc", "vlan_name": "Consola", "vlan_id": "4094", "flag": "d m           ", "port": "9"}, {"mac": "02:04:96:97:ca:f7", "vlan_name": "Consola", "vlan_id": "4094", "flag": "d m           ", "port": "10"}, {"mac": "02:04:96:98:80:b5", "vlan_name": "Consola", "vlan_id": "4094", "flag": "d m           ", "port": "24"}, {"mac": "02:04:96:98:fb:39", "vlan_name": "Consola", "vlan_id": "4094", "flag": "d m           ", "port": "24"}, {"mac": "02:04:96:99:0c:87", "vlan_name": "Consola", "vlan_id": "4094", "flag": "d m           ", "port": "24"}, {"mac": "02:04:96:99:59:3e", "vlan_name": "Consola", "vlan_id": "4094", "flag": "d m           ", "port": "24"}, {"mac": "02:04:96:9b:42:b4", "vlan_name": "Consolas3", "vlan_id": "1170", "flag": "d m           ", "port": "24"}, {"mac": "02:04:96:9b:42:c3", "vlan_name": "Consolas3", "vlan_id": "1170", "flag": "d m           ", "port": "23"}, {"mac": "02:04:96:9b:42:ca", "vlan_name": "Consolas3", "vlan_id": "1170", "flag": "d m           ", "port": "24"}, {"mac": "08:00:1b:00:4f:f8", "vlan_name": "Consola", "vlan_id": "4094", "flag": "d m           ", "port": "24"}, {"mac": "0c:c4:7a:97:78:0a", "vlan_name": "Consolas3", "vlan_id": "1170", "flag": "d m           ", "port": "24"}, {"mac": "0c:c4:7a:97:de:90", "vlan_name": "Consola", "vlan_id": "4094", "flag": "d m           ", "port": "20"}, {"mac": "0e:c4:7a:74:f7:a2", "vlan_name": "Consola", "vlan_id": "4094", "flag": "d m           ", "port": "24"}, {"mac": "0e:c4:7a:7c:3c:d2", "vlan_name": "Consolas3", "vlan_id": "1170", "flag": "d m           ", "port": "24"}, {"mac": "10:60:4b:a3:89:0b", "vlan_name": "Consola", "vlan_id": "4094", "flag": "d m           ", "port": "24"}, {"mac": "10:60:4b:a3:b9:e1", "vlan_name": "Consola", "vlan_id": "4094", "flag": "d m           ", "port": "24"}, {"mac": "10:60:4b:a3:bb:41", "vlan_name": "Consola", "vlan_id": "4094", "flag": "d m           ", "port": "24"}, {"mac": "10:60:4b:a5:40:7b", "vlan_name": "Consola", "vlan_id": "4094", "flag": "d m           ", "port": "24"}, {"mac": "14:18:77:59:33:4b", "vlan_name": "Consolas3", "vlan_id": "1170", "flag": "d m           ", "port": "9"}, {"mac": "34:40:b5:98:a9:bd", "vlan_name": "Consola", "vlan_id": "4094", "flag": "d m           ", "port": "2"}, {"mac": "34:40:b5:99:4e:21", "vlan_name": "Consola", "vlan_id": "4094", "flag": "d m           ", "port": "4"}, {"mac": "34:40:b5:9a:34:45", "vlan_name": "Consola", "vlan_id": "4094", "flag": "d m           ", "port": "2"}, {"mac": "34:40:b5:af:95:25", "vlan_name": "Consola", "vlan_id": "4094", "flag": "d m           ", "port": "5"}, {"mac": "34:40:b5:df:66:b4", "vlan_name": "Consola", "vlan_id": "4094", "flag": "d m           ", "port": "10"}, {"mac": "34:40:b5:fa:6f:55", "vlan_name": "Consola", "vlan_id": "4094", "flag": "d m           ", "port": "1"}, {"mac": "40:f2:e9:07:0e:76", "vlan_name": "Consola", "vlan_id": "4094", "flag": "d m           ", "port": "24"}, {"mac": "40:f2:e9:07:de:96", "vlan_name": "Consola", "vlan_id": "4094", "flag": "d m           ", "port": "1"}, {"mac": "40:f2:e9:bf:1d:c2", "vlan_name": "Consola", "vlan_id": "4094", "flag": "d m           ", "port": "24"}, {"mac": "40:f2:e9:bf:1f:4e", "vlan_name": "Consola", "vlan_id": "4094", "flag": "d m           ", "port": "10"}, {"mac": "40:f2:e9:c0:2b:91", "vlan_name": "Consola", "vlan_id": "4094", "flag": "d m           ", "port": "10"}, {"mac": "40:f2:e9:c0:53:d9", "vlan_name": "Consola", "vlan_id": "4094", "flag": "d m           ", "port": "10"}, {"mac": "40:f2:e9:c0:97:3d", "vlan_name": "Consola", "vlan_id": "4094", "flag": "d m           ", "port": "24"}, {"mac": "40:f2:e9:c0:d7:71", "vlan_name": "Consolas3", "vlan_id": "1170", "flag": "d m           ", "port": "9"}, {"mac": "40:f2:e9:c0:de:15", "vlan_name": "Consolas3", "vlan_id": "1170", "flag": "d m           ", "port": "9"}, {"mac": "44:a8:42:15:85:47", "vlan_name": "Consolas3", "vlan_id": "1170", "flag": "d m           ", "port": "24"}, {"mac": "44:a8:42:21:14:df", "vlan_name": "Consolas3", "vlan_id": "1170", "flag": "d m           ", "port": "24"}, {"mac": "44:a8:42:3b:c6:e7", "vlan_name": "Consolas3", "vlan_id": "1170", "flag": "d m           ", "port": "24"}, {"mac": "44:a8:42:3b:d8:ec", "vlan_name": "Consolas3", "vlan_id": "1170", "flag": "d m           ", "port": "10"}, {"mac": "50:eb:1a:0c:d2:8c", "vlan_name": "Consola", "vlan_id": "4094", "flag": "d m           ", "port": "24"}, {"mac": "50:eb:1a:11:d9:96", "vlan_name": "Consola", "vlan_id": "4094", "flag": "d m           ", "port": "24"}, {"mac": "5c:f3:fc:53:b9:09", "vlan_name": "Consola", "vlan_id": "4094", "flag": "d m           ", "port": "6"}, {"mac": "5c:f3:fd:36:0c:39", "vlan_name": "Consola", "vlan_id": "4094", "flag": "d m           ", "port": "19"}, {"mac": "6c:ae:8b:32:05:8d", "vlan_name": "Consola", "vlan_id": "4094", "flag": "d m           ", "port": "10"}, {"mac": "6c:ae:8b:32:16:f0", "vlan_name": "Consolas3", "vlan_id": "1170", "flag": "d m           ", "port": "24"}, {"mac": "6c:ae:8b:32:7b:8d", "vlan_name": "Consola", "vlan_id": "4094", "flag": "d m           ", "port": "24"}, {"mac": "6c:ae:8b:35:b4:60", "vlan_name": "Consolas3", "vlan_id": "1170", "flag": "d m           ", "port": "24"}, {"mac": "74:46:a0:73:44:c6", "vlan_name": "Consola", "vlan_id": "4094", "flag": "d m           ", "port": "24"}, {"mac": "78:e3:b5:0b:43:91", "vlan_name": "Consola", "vlan_id": "4094", "flag": "d m           ", "port": "24"}, {"mac": "80:c1:6e:76:7f:57", "vlan_name": "Consola", "vlan_id": "4094", "flag": "d m           ", "port": "24"}, {"mac": "80:c1:6e:77:97:94", "vlan_name": "Consola", "vlan_id": "4094", "flag": "d m           ", "port": "24"}, {"mac": "80:c1:6e:77:a7:9a", "vlan_name": "Consola", "vlan_id": "4094", "flag": "d m           ", "port": "24"}, {"mac": "98:4b:e1:61:d2:6f", "vlan_name": "Consola", "vlan_id": "4094", "flag": "d m           ", "port": "24"}, {"mac": "98:be:94:2a:1a:ae", "vlan_name": "Consola", "vlan_id": "4094", "flag": "d m           ", "port": "24"}, {"mac": "98:be:94:36:3f:71", "vlan_name": "Consolas3", "vlan_id": "1170", "flag": "d m           ", "port": "9"}, {"mac": "98:be:94:36:46:61", "vlan_name": "Consola", "vlan_id": "4094", "flag": "d m           ", "port": "10"}, {"mac": "9c:b6:54:7f:4e:5b", "vlan_name": "Consola", "vlan_id": "4094", "flag": "d m           ", "port": "10"}, {"mac": "9c:b6:54:7f:de:4f", "vlan_name": "Consola", "vlan_id": "4094", "flag": "d m           ", "port": "9"}, {"mac": "ac:1f:6b:45:68:5c", "vlan_name": "Consola", "vlan_id": "4094", "flag": "d m           ", "port": "16"}, {"mac": "b4:b5:2f:ed:87:aa", "vlan_name": "Consola", "vlan_id": "4094", "flag": "d m           ", "port": "24"}, {"mac": "d0:7e:28:ba:fa:22", "vlan_name": "Consola", "vlan_id": "4094", "flag": "d m           ", "port": "24"}, {"mac": "d0:94:66:0a:90:52", "vlan_name": "Consolas3", "vlan_id": "1170", "flag": "d m           ", "port": "23"}, {"mac": "d8:9d:67:67:ba:e5", "vlan_name": "Consola", "vlan_id": "4094", "flag": "d m           ", "port": "9"}, {"mac": "d8:9d:67:67:ea:be", "vlan_name": "Consola", "vlan_id": "4094", "flag": "d m           ", "port": "9"}, {"mac": "d8:9d:67:71:7a:ef", "vlan_name": "Consola", "vlan_id": "4094", "flag": "d m           ", "port": "10"}, {"mac": "e0:07:1b:fa:94:1a", "vlan_name": "Consola", "vlan_id": "4094", "flag": "d m           ", "port": "24"}, {"mac": "e4:1f:13:4a:55:c5", "vlan_name": "Consola", "vlan_id": "4094", "flag": "d m           ", "port": "24"}, {"mac": "e4:1f:13:aa:70:0d", "vlan_name": "Consola", "vlan_id": "4094", "flag": "d m           ", "port": "11"}, {"mac": "e4:1f:13:ab:6b:d1", "vlan_name": "Consola", "vlan_id": "4094", "flag": "d m           ", "port": "24"}, {"mac": "e4:1f:13:ab:71:c5", "vlan_name": "Consola", "vlan_id": "4094", "flag": "d m           ", "port": "6"}, {"mac": "e4:1f:13:e8:ca:11", "vlan_name": "Consola", "vlan_id": "4094", "flag": "d m           ", "port": "24"}, {"mac": "e4:1f:13:ec:1e:c6", "vlan_name": "Consola", "vlan_id": "4094", "flag": "d m           ", "port": "6"}, {"mac": "ec:b1:d7:86:99:69", "vlan_name": "Consola", "vlan_id": "4094", "flag": "d m           ", "port": "9"}, {"mac": "f0:92:1c:11:ea:20", "vlan_name": "Consola", "vlan_id": "4094", "flag": "d m           ", "port": "9"}, {"mac": "fc:15:b4:11:8e:49", "vlan_name": "Consola", "vlan_id": "4094", "flag": "d m           ", "port": "9"}, {"mac": "fc:15:b4:11:8e:b6", "vlan_name": "Consola", "vlan_id": "4094", "flag": "d m           ", "port": "9"}, {"mac": "fc:15:b4:11:9e:0d", "vlan_name": "Consola", "vlan_id": "4094", "flag": "d m           ", "port": "9"}, {"mac": "fc:15:b4:11:9e:79", "vlan_name": "Consola", "vlan_id": "4094", "flag": "d m           ", "port": "9"}, {"mac": "fc:15:b4:11:ae:ad", "vlan_name": "Consola", "vlan_id": "4094", "flag": "d m           ", "port": "9"}, {"mac": "fc:15:b4:12:81:ee", "vlan_name": "Consola", "vlan_id": "4094", "flag": "d m           ", "port": "9"}, {"mac": "fc:15:b4:12:91:40", "vlan_name": "Consola", "vlan_id": "4094", "flag": "d m           ", "port": "9"}, {"mac": "fc:15:b4:12:91:4f", "vlan_name": "Consola", "vlan_id": "4094", "flag": "d m           ", "port": "9"}, {"mac": "fc:15:b4:12:a1:66", "vlan_name": "Consola", "vlan_id": "4094", "flag": "d m           ", "port": "9"}]