[{"mac": "00:10:e0:89:d8:76", "vlan_name": "PDI_SAT_CO", "vlan_id": "4070", "flag": "dhm            ", "port": "2:15"}, {"mac": "00:10:e0:89:d8:77", "vlan_name": "SAT_CO", "vlan_id": "901", "flag": "dhm            ", "port": "2:1"}, {"mac": "00:10:e0:89:d8:78", "vlan_name": "SAT_CO", "vlan_id": "901", "flag": "dhm            ", "port": "1:2"}, {"mac": "00:10:e0:89:d8:79", "vlan_name": "PDI_SAT_CO", "vlan_id": "4070", "flag": "dhm            ", "port": "1:15"}, {"mac": "00:10:e0:89:d8:7f", "vlan_name": "Consola_SAT_CO", "vlan_id": "903", "flag": "dhm            ", "port": "2:10"}, {"mac": "00:10:e0:8a:2a:cf", "vlan_name": "SAT_AR", "vlan_id": "900", "flag": "dhm            ", "port": "1:21"}, {"mac": "00:10:e0:8a:2a:d0", "vlan_name": "SAT_AR", "vlan_id": "900", "flag": "dhm            ", "port": "1:21"}, {"mac": "00:10:e0:8a:2d:81", "vlan_name": "SAT_AR", "vlan_id": "900", "flag": "dhm            ", "port": "1:21"}, {"mac": "00:10:e0:8a:2d:82", "vlan_name": "SAT_AR", "vlan_id": "900", "flag": "dhm            ", "port": "1:21"}, {"mac": "00:10:e0:94:f2:f1", "vlan_name": "SAT_AR", "vlan_id": "900", "flag": "dhm            ", "port": "2:5"}, {"mac": "00:10:e0:96:00:21", "vlan_name": "SAT_AR", "vlan_id": "900", "flag": "dhm            ", "port": "1:5"}, {"mac": "00:10:e0:9a:34:3c", "vlan_name": "PDI_SAT_CO", "vlan_id": "4070", "flag": "dhm            ", "port": "2:20"}, {"mac": "00:10:e0:9a:34:3d", "vlan_name": "SAT_CO", "vlan_id": "901", "flag": "dhm            ", "port": "2:2"}, {"mac": "00:10:e0:9a:34:3e", "vlan_name": "SAT_CO", "vlan_id": "901", "flag": "dhm            ", "port": "1:1"}, {"mac": "00:10:e0:9a:34:3f", "vlan_name": "PDI_SAT_CO", "vlan_id": "4070", "flag": "dhm            ", "port": "1:20"}, {"mac": "00:14:4f:f8:17:a1", "vlan_name": "SAT_CO", "vlan_id": "901", "flag": "dhm            ", "port": "1:11"}, {"mac": "00:14:4f:f8:2c:d0", "vlan_name": "SAT_AR", "vlan_id": "900", "flag": "dhm            ", "port": "1:21"}, {"mac": "00:14:4f:f8:3a:a1", "vlan_name": "SAT_CO", "vlan_id": "901", "flag": "dhm            ", "port": "1:11"}, {"mac": "00:14:4f:f8:50:11", "vlan_name": "PDI_SAT_CO", "vlan_id": "4070", "flag": "dhm            ", "port": "1:20"}, {"mac": "00:14:4f:f8:51:1d", "vlan_name": "SAT_CO", "vlan_id": "901", "flag": "dhm            ", "port": "1:19"}, {"mac": "00:14:4f:f8:65:7e", "vlan_name": "SAT_AR", "vlan_id": "900", "flag": "dhm            ", "port": "1:21"}, {"mac": "00:14:4f:f8:84:4e", "vlan_name": "SAT_AR", "vlan_id": "900", "flag": "dhm            ", "port": "1:21"}, {"mac": "00:14:4f:f8:87:5c", "vlan_name": "SAT_AR", "vlan_id": "900", "flag": "dhm            ", "port": "1:21"}, {"mac": "00:14:4f:f8:b5:51", "vlan_name": "SAT_AR", "vlan_id": "900", "flag": "dhm            ", "port": "1:21"}, {"mac": "00:14:4f:f8:c6:3e", "vlan_name": "PDI_SAT_CO", "vlan_id": "4070", "flag": "dhm            ", "port": "1:15"}, {"mac": "00:14:4f:f8:ca:c5", "vlan_name": "PDI_SAT_CO", "vlan_id": "4070", "flag": "dhm            ", "port": "1:15"}, {"mac": "00:14:4f:f8:d8:84", "vlan_name": "SAT_CO", "vlan_id": "901", "flag": "dhm            ", "port": "1:16"}, {"mac": "00:14:4f:f8:e1:86", "vlan_name": "SAT_AR", "vlan_id": "900", "flag": "dhm            ", "port": "1:21"}, {"mac": "00:14:4f:f9:05:d9", "vlan_name": "RAC", "vlan_id": "4000", "flag": "dhm            ", "port": "1:13"}, {"mac": "00:14:4f:f9:11:71", "vlan_name": "SAT_AR", "vlan_id": "900", "flag": "dhm            ", "port": "1:21"}, {"mac": "00:14:4f:f9:3c:98", "vlan_name": "SAT_AR", "vlan_id": "900", "flag": "dhm            ", "port": "1:21"}, {"mac": "00:14:4f:f9:82:55", "vlan_name": "RAC", "vlan_id": "4000", "flag": "dhm            ", "port": "2:14"}, {"mac": "00:14:4f:f9:90:ad", "vlan_name": "PDI_SAT_CO", "vlan_id": "4070", "flag": "dhm            ", "port": "1:15"}, {"mac": "00:14:4f:f9:d5:48", "vlan_name": "PDI_SAT_CO", "vlan_id": "4070", "flag": "dhm            ", "port": "2:20"}, {"mac": "00:14:4f:fa:09:ca", "vlan_name": "SAT_AR", "vlan_id": "900", "flag": "dhm            ", "port": "1:21"}, {"mac": "00:14:4f:fa:0b:85", "vlan_name": "RAC", "vlan_id": "4000", "flag": "dhm            ", "port": "1:18"}, {"mac": "00:14:4f:fa:6f:75", "vlan_name": "SAT_CO", "vlan_id": "901", "flag": "dhm            ", "port": "2:16"}, {"mac": "00:14:4f:fa:97:16", "vlan_name": "PDI_SAT_CO", "vlan_id": "4070", "flag": "dhm            ", "port": "1:20"}, {"mac": "00:14:4f:fa:9c:86", "vlan_name": "SAT_CO", "vlan_id": "901", "flag": "dhm            ", "port": "2:11"}, {"mac": "00:14:4f:fb:4f:32", "vlan_name": "PDI_SAT_CO", "vlan_id": "4070", "flag": "dhm            ", "port": "1:20"}, {"mac": "00:14:4f:fb:73:4e", "vlan_name": "SAT_CO", "vlan_id": "901", "flag": "dhm            ", "port": "1:14"}, {"mac": "00:14:4f:fb:83:3b", "vlan_name": "SAT_CO", "vlan_id": "901", "flag": "dhm            ", "port": "1:16"}, {"mac": "00:14:4f:fb:8e:21", "vlan_name": "SAT_CO", "vlan_id": "901", "flag": "dhm            ", "port": "2:13"}, {"mac": "00:14:4f:fb:a9:07", "vlan_name": "RAC", "vlan_id": "4000", "flag": "dhm            ", "port": "2:19"}, {"mac": "00:14:4f:fb:b8:0d", "vlan_name": "PDI_SAT_CO", "vlan_id": "4070", "flag": "dhm            ", "port": "1:15"}, {"mac": "00:14:4f:fb:c4:af", "vlan_name": "SAT_AR", "vlan_id": "900", "flag": "dhm            ", "port": "1:21"}, {"mac": "00:1b:17:00:0b:1a", "vlan_name": "Consola_SAT_CO", "vlan_id": "903", "flag": "dhm            ", "port": "2:24"}, {"mac": "00:1b:17:00:0b:1a", "vlan_name": "SAT_CO", "vlan_id": "901", "flag": "dhm            ", "port": "2:24"}, {"mac": "00:1b:17:00:0b:1b", "vlan_name": "Consola_SAT_AR", "vlan_id": "902", "flag": "dhm            ", "port": "1:21"}, {"mac": "00:1b:17:00:0b:1b", "vlan_name": "SAT_AR", "vlan_id": "900", "flag": "dhm            ", "port": "1:21"}, {"mac": "02:04:96:7e:30:be", "vlan_name": "PDI_SAT_CO", "vlan_id": "4070", "flag": "dhm            ", "port": "2:23"}, {"mac": "02:04:96:9b:42:c3", "vlan_name": "Consola_SAT_AR", "vlan_id": "902", "flag": "dhm            ", "port": "1:21"}, {"mac": "02:04:96:9b:42:ca", "vlan_name": "Consola_SAT_AR", "vlan_id": "902", "flag": "dhm            ", "port": "1:21"}, {"mac": "02:04:96:9b:42:ca", "vlan_name": "SAT_AR", "vlan_id": "900", "flag": "dhm            ", "port": "1:21"}, {"mac": "c4:f5:7c:23:71:5a", "vlan_name": "Consola_SAT_AR", "vlan_id": "902", "flag": "dhm            ", "port": "2:9"}, {"mac": "c4:f5:7c:23:71:da", "vlan_name": "Consola_SAT_AR", "vlan_id": "902", "flag": "dhm            ", "port": "1:9"}]