[{"port": "Port", "neighbor": "Neighbor", "neighbor_id": "Neighbor-ID", "remote_port": "Remote", "num_vlans": "Num"}, {"port": "1:21", "neighbor": "LV_RD35F_SERVICIOS_03", "neighbor_id": "00:00:00:04:96:7d:f8:91", "remote_port": "1:21", "num_vlans": "4"}, {"port": "2:21", "neighbor": "LV_RD35F_SERVICIOS_03", "neighbor_id": "00:00:00:04:96:7d:f8:91", "remote_port": "1:2", "num_vlans": "4"}, {"port": "2:23", "neighbor": "LV_RM26_PDI_SAT_PERU", "neighbor_id": "00:00:00:04:96:9b:42:ae", "remote_port": "1:11", "num_vlans": "1"}]