[{"mac": "00:00:c9:f4:95:c6", "vlan_name": "pdi", "vlan_id": "4094", "flag": "d m           ", "port": "24"}, {"mac": "00:04:96:36:64:8c", "vlan_name": "pdi", "vlan_id": "4094", "flag": "d m           ", "port": "24"}, {"mac": "00:04:96:82:5a:4f", "vlan_name": "pdi", "vlan_id": "4094", "flag": "d m           ", "port": "24"}, {"mac": "00:04:96:82:5a:75", "vlan_name": "pdi", "vlan_id": "4094", "flag": "d m           ", "port": "24"}, {"mac": "00:04:96:83:88:0f", "vlan_name": "pdi", "vlan_id": "4094", "flag": "d m           ", "port": "24"}, {"mac": "00:04:96:83:97:62", "vlan_name": "pdi", "vlan_id": "4094", "flag": "d m           ", "port": "24"}, {"mac": "00:04:96:8b:f1:4e", "vlan_name": "pdi", "vlan_id": "4094", "flag": "d m           ", "port": "24"}, {"mac": "00:04:96:98:5b:f3", "vlan_name": "pdi", "vlan_id": "4094", "flag": "d m           ", "port": "24"}, {"mac": "00:04:96:99:64:a0", "vlan_name": "pdi", "vlan_id": "4094", "flag": "d m           ", "port": "24"}, {"mac": "00:0a:f7:9b:c7:b7", "vlan_name": "pdi", "vlan_id": "4094", "flag": "d m           ", "port": "24"}, {"mac": "00:0a:f7:9b:c7:bb", "vlan_name": "pdi", "vlan_id": "4094", "flag": "d m           ", "port": "24"}, {"mac": "00:14:5e:db:13:ba", "vlan_name": "pdi", "vlan_id": "4094", "flag": "d m           ", "port": "7"}, {"mac": "00:15:5d:06:6f:16", "vlan_name": "pdi", "vlan_id": "4094", "flag": "d m           ", "port": "24"}, {"mac": "00:15:5d:06:6f:99", "vlan_name": "pdi", "vlan_id": "4094", "flag": "d m           ", "port": "24"}, {"mac": "00:15:5d:06:6f:af", "vlan_name": "pdi", "vlan_id": "4094", "flag": "d m           ", "port": "24"}, {"mac": "00:15:5d:06:70:d2", "vlan_name": "pdi", "vlan_id": "4094", "flag": "d m           ", "port": "24"}, {"mac": "00:15:5d:06:70:eb", "vlan_name": "pdi", "vlan_id": "4094", "flag": "d m           ", "port": "24"}, {"mac": "00:15:5d:06:7f:a0", "vlan_name": "pdi", "vlan_id": "4094", "flag": "d m           ", "port": "24"}, {"mac": "00:15:5d:06:7f:aa", "vlan_name": "pdi", "vlan_id": "4094", "flag": "d m           ", "port": "24"}, {"mac": "00:1a:64:65:e7:c6", "vlan_name": "pdi", "vlan_id": "4094", "flag": "d m           ", "port": "6"}, {"mac": "00:1a:64:c3:c6:e0", "vlan_name": "pdi", "vlan_id": "4094", "flag": "d m           ", "port": "3"}, {"mac": "00:21:5e:ad:20:60", "vlan_name": "pdi", "vlan_id": "4094", "flag": "d m           ", "port": "11"}, {"mac": "00:21:5e:ad:25:c0", "vlan_name": "pdi", "vlan_id": "4094", "flag": "d m           ", "port": "24"}, {"mac": "00:21:5e:db:b2:be", "vlan_name": "pdi", "vlan_id": "4094", "flag": "d m           ", "port": "9"}, {"mac": "00:50:56:90:1b:97", "vlan_name": "pdi", "vlan_id": "4094", "flag": "d m           ", "port": "24"}, {"mac": "00:50:56:90:38:08", "vlan_name": "pdi", "vlan_id": "4094", "flag": "d m           ", "port": "24"}, {"mac": "00:50:56:90:40:f4", "vlan_name": "pdi", "vlan_id": "4094", "flag": "d m           ", "port": "24"}, {"mac": "00:50:56:90:40:f5", "vlan_name": "pdi", "vlan_id": "4094", "flag": "d m           ", "port": "24"}, {"mac": "00:50:56:90:40:f6", "vlan_name": "pdi", "vlan_id": "4094", "flag": "d m           ", "port": "24"}, {"mac": "00:50:56:90:40:f9", "vlan_name": "pdi", "vlan_id": "4094", "flag": "d m           ", "port": "24"}, {"mac": "00:50:56:90:40:fb", "vlan_name": "pdi", "vlan_id": "4094", "flag": "d m           ", "port": "24"}, {"mac": "00:50:56:90:40:fc", "vlan_name": "pdi", "vlan_id": "4094", "flag": "d m           ", "port": "24"}, {"mac": "00:50:56:90:40:fd", "vlan_name": "pdi", "vlan_id": "4094", "flag": "d m           ", "port": "24"}, {"mac": "00:50:56:90:40:fe", "vlan_name": "pdi", "vlan_id": "4094", "flag": "d m           ", "port": "24"}, {"mac": "00:50:56:90:40:ff", "vlan_name": "pdi", "vlan_id": "4094", "flag": "d m           ", "port": "24"}, {"mac": "00:50:56:90:41:07", "vlan_name": "pdi", "vlan_id": "4094", "flag": "d m           ", "port": "24"}, {"mac": "00:50:56:90:41:51", "vlan_name": "pdi", "vlan_id": "4094", "flag": "d m           ", "port": "24"}, {"mac": "00:50:56:90:41:59", "vlan_name": "pdi", "vlan_id": "4094", "flag": "d m           ", "port": "24"}, {"mac": "00:50:56:90:41:5b", "vlan_name": "pdi", "vlan_id": "4094", "flag": "d m           ", "port": "24"}, {"mac": "00:50:56:90:41:5e", "vlan_name": "pdi", "vlan_id": "4094", "flag": "d m           ", "port": "24"}, {"mac": "00:50:56:90:41:5f", "vlan_name": "pdi", "vlan_id": "4094", "flag": "d m           ", "port": "24"}, {"mac": "00:50:56:90:41:67", "vlan_name": "pdi", "vlan_id": "4094", "flag": "d m           ", "port": "24"}, {"mac": "00:50:56:90:41:69", "vlan_name": "pdi", "vlan_id": "4094", "flag": "d m           ", "port": "24"}, {"mac": "00:50:56:90:41:6a", "vlan_name": "pdi", "vlan_id": "4094", "flag": "d m           ", "port": "24"}, {"mac": "00:50:56:90:41:73", "vlan_name": "pdi", "vlan_id": "4094", "flag": "d m           ", "port": "24"}, {"mac": "00:50:56:90:41:79", "vlan_name": "pdi", "vlan_id": "4094", "flag": "d m           ", "port": "24"}, {"mac": "00:50:56:90:41:80", "vlan_name": "pdi", "vlan_id": "4094", "flag": "d m           ", "port": "24"}, {"mac": "00:50:56:90:41:b6", "vlan_name": "pdi", "vlan_id": "4094", "flag": "d m           ", "port": "24"}, {"mac": "00:50:56:90:41:c0", "vlan_name": "pdi", "vlan_id": "4094", "flag": "d m           ", "port": "24"}, {"mac": "00:50:56:90:55:af", "vlan_name": "pdi", "vlan_id": "4094", "flag": "d m           ", "port": "24"}, {"mac": "00:50:56:9c:08:1a", "vlan_name": "pdi", "vlan_id": "4094", "flag": "d m           ", "port": "24"}, {"mac": "00:50:56:9c:09:ff", "vlan_name": "pdi", "vlan_id": "4094", "flag": "d m           ", "port": "24"}, {"mac": "00:50:56:9c:0a:ff", "vlan_name": "pdi", "vlan_id": "4094", "flag": "d m           ", "port": "24"}, {"mac": "00:50:56:9c:0f:14", "vlan_name": "pdi", "vlan_id": "4094", "flag": "d m           ", "port": "24"}, {"mac": "00:50:56:9c:13:3f", "vlan_name": "pdi", "vlan_id": "4094", "flag": "d m           ", "port": "24"}, {"mac": "00:50:56:9c:1b:a8", "vlan_name": "pdi", "vlan_id": "4094", "flag": "d m           ", "port": "24"}, {"mac": "00:50:56:9c:1b:e7", "vlan_name": "pdi", "vlan_id": "4094", "flag": "d m           ", "port": "24"}, {"mac": "00:50:56:9c:1e:d8", "vlan_name": "pdi", "vlan_id": "4094", "flag": "d m           ", "port": "24"}, {"mac": "00:50:56:9c:25:75", "vlan_name": "pdi", "vlan_id": "4094", "flag": "d m           ", "port": "24"}, {"mac": "00:50:56:9c:31:d9", "vlan_name": "pdi", "vlan_id": "4094", "flag": "d m           ", "port": "24"}, {"mac": "00:50:56:9c:33:8d", "vlan_name": "pdi", "vlan_id": "4094", "flag": "d m           ", "port": "24"}, {"mac": "00:50:56:9c:34:aa", "vlan_name": "pdi", "vlan_id": "4094", "flag": "d m           ", "port": "24"}, {"mac": "00:50:56:9c:35:0c", "vlan_name": "pdi", "vlan_id": "4094", "flag": "d m           ", "port": "24"}, {"mac": "00:50:56:9c:46:ad", "vlan_name": "pdi", "vlan_id": "4094", "flag": "d m           ", "port": "24"}, {"mac": "00:50:56:9c:4d:bb", "vlan_name": "pdi", "vlan_id": "4094", "flag": "d m           ", "port": "24"}, {"mac": "00:50:56:9c:50:02", "vlan_name": "pdi", "vlan_id": "4094", "flag": "d m           ", "port": "24"}, {"mac": "00:50:56:9c:58:da", "vlan_name": "pdi", "vlan_id": "4094", "flag": "d m           ", "port": "24"}, {"mac": "00:50:56:9c:59:bd", "vlan_name": "pdi", "vlan_id": "4094", "flag": "d m           ", "port": "24"}, {"mac": "00:50:56:9c:66:dc", "vlan_name": "pdi", "vlan_id": "4094", "flag": "d m           ", "port": "24"}, {"mac": "00:50:56:b3:02:54", "vlan_name": "pdi", "vlan_id": "4094", "flag": "d m           ", "port": "24"}, {"mac": "00:90:fa:79:53:56", "vlan_name": "pdi", "vlan_id": "4094", "flag": "d m           ", "port": "24"}, {"mac": "00:90:fa:7f:eb:68", "vlan_name": "pdi", "vlan_id": "4094", "flag": "d m           ", "port": "24"}, {"mac": "00:90:fa:7f:f2:c8", "vlan_name": "pdi", "vlan_id": "4094", "flag": "d m           ", "port": "24"}, {"mac": "00:90:fa:af:d2:22", "vlan_name": "pdi", "vlan_id": "4094", "flag": "d m           ", "port": "24"}, {"mac": "00:e0:ec:2a:66:2b", "vlan_name": "pdi", "vlan_id": "4094", "flag": "d m           ", "port": "24"}, {"mac": "02:04:96:7e:30:be", "vlan_name": "pdi", "vlan_id": "4094", "flag": "d m           ", "port": "24"}, {"mac": "34:40:b5:a1:6d:8c", "vlan_name": "pdi", "vlan_id": "4094", "flag": "d m           ", "port": "24"}, {"mac": "34:40:b5:f3:0c:d1", "vlan_name": "pdi", "vlan_id": "4094", "flag": "d m           ", "port": "24"}, {"mac": "40:f2:e9:07:11:03", "vlan_name": "pdi", "vlan_id": "4094", "flag": "d m           ", "port": "24"}, {"mac": "40:f2:e9:5c:39:46", "vlan_name": "pdi", "vlan_id": "4094", "flag": "d m           ", "port": "24"}, {"mac": "40:f2:e9:5c:3a:7a", "vlan_name": "pdi", "vlan_id": "4094", "flag": "d m           ", "port": "24"}, {"mac": "40:f2:e9:c2:ef:52", "vlan_name": "pdi", "vlan_id": "4094", "flag": "d m           ", "port": "24"}, {"mac": "40:f2:e9:c3:33:4a", "vlan_name": "pdi", "vlan_id": "4094", "flag": "d m           ", "port": "24"}, {"mac": "40:f2:e9:c3:f9:fa", "vlan_name": "pdi", "vlan_id": "4094", "flag": "d m           ", "port": "24"}, {"mac": "40:f2:e9:f5:28:f2", "vlan_name": "pdi", "vlan_id": "4094", "flag": "d m           ", "port": "24"}, {"mac": "40:f2:e9:f5:28:f3", "vlan_name": "pdi", "vlan_id": "4094", "flag": "d m           ", "port": "24"}, {"mac": "5c:f3:fc:4d:b5:8c", "vlan_name": "pdi", "vlan_id": "4094", "flag": "d m           ", "port": "2"}, {"mac": "5c:f3:fc:4d:b9:0a", "vlan_name": "pdi", "vlan_id": "4094", "flag": "d m           ", "port": "22"}, {"mac": "5c:f3:fc:5d:7e:d4", "vlan_name": "pdi", "vlan_id": "4094", "flag": "d m           ", "port": "24"}, {"mac": "64:31:50:50:eb:c4", "vlan_name": "pdi", "vlan_id": "4094", "flag": "d m           ", "port": "21"}, {"mac": "6c:ae:8b:1c:80:eb", "vlan_name": "pdi", "vlan_id": "4094", "flag": "d m           ", "port": "17"}, {"mac": "6c:ae:8b:25:43:33", "vlan_name": "pdi", "vlan_id": "4094", "flag": "d m           ", "port": "13"}, {"mac": "6c:ae:8b:29:ee:a4", "vlan_name": "pdi", "vlan_id": "4094", "flag": "d m           ", "port": "14"}, {"mac": "6c:ae:8b:31:ab:52", "vlan_name": "pdi", "vlan_id": "4094", "flag": "d m           ", "port": "24"}, {"mac": "6c:ae:8b:31:c5:ea", "vlan_name": "pdi", "vlan_id": "4094", "flag": "d m           ", "port": "24"}, {"mac": "6c:ae:8b:31:d6:32", "vlan_name": "pdi", "vlan_id": "4094", "flag": "d m           ", "port": "24"}, {"mac": "6c:ae:8b:33:84:62", "vlan_name": "pdi", "vlan_id": "4094", "flag": "d m           ", "port": "24"}, {"mac": "6c:ae:8b:33:a1:fa", "vlan_name": "pdi", "vlan_id": "4094", "flag": "d m           ", "port": "24"}, {"mac": "6c:ae:8b:33:ab:7a", "vlan_name": "pdi", "vlan_id": "4094", "flag": "d m           ", "port": "24"}, {"mac": "6c:ae:8b:33:c0:2a", "vlan_name": "pdi", "vlan_id": "4094", "flag": "d m           ", "port": "24"}, {"mac": "6c:ae:8b:33:c1:ca", "vlan_name": "pdi", "vlan_id": "4094", "flag": "d m           ", "port": "24"}, {"mac": "6c:ae:8b:33:cb:d2", "vlan_name": "pdi", "vlan_id": "4094", "flag": "d m           ", "port": "24"}, {"mac": "6c:ae:8b:33:cb:da", "vlan_name": "pdi", "vlan_id": "4094", "flag": "d m           ", "port": "24"}, {"mac": "6c:ae:8b:34:17:aa", "vlan_name": "pdi", "vlan_id": "4094", "flag": "d m           ", "port": "24"}, {"mac": "6c:ae:8b:34:19:72", "vlan_name": "pdi", "vlan_id": "4094", "flag": "d m           ", "port": "24"}, {"mac": "6c:ae:8b:34:3f:12", "vlan_name": "pdi", "vlan_id": "4094", "flag": "d m           ", "port": "24"}, {"mac": "6c:ae:8b:34:41:82", "vlan_name": "pdi", "vlan_id": "4094", "flag": "d m           ", "port": "24"}, {"mac": "6c:ae:8b:34:43:72", "vlan_name": "pdi", "vlan_id": "4094", "flag": "d m           ", "port": "24"}, {"mac": "6c:ae:8b:34:45:32", "vlan_name": "pdi", "vlan_id": "4094", "flag": "d m           ", "port": "24"}, {"mac": "6c:ae:8b:34:4a:5a", "vlan_name": "pdi", "vlan_id": "4094", "flag": "d m           ", "port": "24"}, {"mac": "6c:ae:8b:34:4b:72", "vlan_name": "pdi", "vlan_id": "4094", "flag": "d m           ", "port": "24"}, {"mac": "6c:ae:8b:3a:61:1c", "vlan_name": "pdi", "vlan_id": "4094", "flag": "d m           ", "port": "1"}, {"mac": "6c:ae:8b:3e:24:cc", "vlan_name": "pdi", "vlan_id": "4094", "flag": "d m           ", "port": "19"}, {"mac": "6c:ae:8b:68:2e:c5", "vlan_name": "pdi", "vlan_id": "4094", "flag": "d m           ", "port": "16"}, {"mac": "6c:ae:8b:68:82:16", "vlan_name": "pdi", "vlan_id": "4094", "flag": "d m           ", "port": "24"}, {"mac": "6c:ae:8b:68:83:da", "vlan_name": "pdi", "vlan_id": "4094", "flag": "d m           ", "port": "24"}, {"mac": "90:e2:ba:80:2c:ef", "vlan_name": "pdi", "vlan_id": "4094", "flag": "d m           ", "port": "24"}, {"mac": "98:be:94:44:cf:7b", "vlan_name": "pdi", "vlan_id": "4094", "flag": "d m           ", "port": "24"}, {"mac": "a0:36:9f:e8:74:70", "vlan_name": "pdi", "vlan_id": "4094", "flag": "d m           ", "port": "24"}, {"mac": "a0:36:9f:e8:7d:c4", "vlan_name": "pdi", "vlan_id": "4094", "flag": "d m           ", "port": "24"}, {"mac": "a8:97:dc:90:69:2d", "vlan_name": "pdi", "vlan_id": "4094", "flag": "d m           ", "port": "24"}, {"mac": "c4:34:6b:b2:3f:32", "vlan_name": "pdi", "vlan_id": "4094", "flag": "d m           ", "port": "24"}, {"mac": "c4:34:6b:c7:5c:da", "vlan_name": "pdi", "vlan_id": "4094", "flag": "d m           ", "port": "24"}, {"mac": "c4:34:6b:c7:7c:b2", "vlan_name": "pdi", "vlan_id": "4094", "flag": "d m           ", "port": "24"}, {"mac": "c4:34:6b:c7:7e:ca", "vlan_name": "pdi", "vlan_id": "4094", "flag": "d m           ", "port": "24"}, {"mac": "c4:34:6b:c7:cb:ca", "vlan_name": "pdi", "vlan_id": "4094", "flag": "d m           ", "port": "24"}, {"mac": "c4:34:6b:c8:5f:e2", "vlan_name": "pdi", "vlan_id": "4094", "flag": "d m           ", "port": "24"}, {"mac": "c4:34:6b:c8:94:ba", "vlan_name": "pdi", "vlan_id": "4094", "flag": "d m           ", "port": "24"}, {"mac": "c4:34:6b:c8:c6:b2", "vlan_name": "pdi", "vlan_id": "4094", "flag": "d m           ", "port": "24"}, {"mac": "c4:34:6b:c8:f4:22", "vlan_name": "pdi", "vlan_id": "4094", "flag": "d m           ", "port": "24"}, {"mac": "c4:34:6b:c9:1b:72", "vlan_name": "pdi", "vlan_id": "4094", "flag": "d m           ", "port": "24"}, {"mac": "c4:34:6b:fe:9d:2b", "vlan_name": "pdi", "vlan_id": "4094", "flag": "d m           ", "port": "24"}, {"mac": "c4:34:6b:fe:9d:7b", "vlan_name": "pdi", "vlan_id": "4094", "flag": "d m           ", "port": "24"}, {"mac": "c4:34:6b:fe:cb:93", "vlan_name": "pdi", "vlan_id": "4094", "flag": "d m           ", "port": "24"}, {"mac": "e4:1f:13:60:c6:e6", "vlan_name": "pdi", "vlan_id": "4094", "flag": "d m           ", "port": "5"}, {"mac": "e4:1f:13:bd:00:9e", "vlan_name": "pdi", "vlan_id": "4094", "flag": "d m           ", "port": "24"}, {"mac": "e4:1f:13:ec:2f:33", "vlan_name": "pdi", "vlan_id": "4094", "flag": "d m           ", "port": "24"}, {"mac": "e4:1f:13:ec:30:63", "vlan_name": "pdi", "vlan_id": "4094", "flag": "d m           ", "port": "24"}, {"mac": "fc:15:b4:1d:2a:ca", "vlan_name": "pdi", "vlan_id": "4094", "flag": "d m           ", "port": "24"}, {"mac": "fc:15:b4:1d:c7:aa", "vlan_name": "pdi", "vlan_id": "4094", "flag": "d m           ", "port": "24"}]