[{"mac": "00:04:96:43:bc:80", "vlan_name": "CORE2", "vlan_id": "4092", "flag": "d mi         ", "port": "23"}, {"mac": "00:04:96:43:e3:10", "vlan_name": "CORE1", "vlan_id": "4093", "flag": "d mi         ", "port": "24"}, {"mac": "00:a0:98:54:03:26", "vlan_name": "NetApp", "vlan_id": "4094", "flag": "d m          ", "port": "1"}, {"mac": "00:a0:98:54:03:27", "vlan_name": "NetApp", "vlan_id": "4094", "flag": "d m          ", "port": "1"}, {"mac": "00:a0:98:54:05:ca", "vlan_name": "NetApp", "vlan_id": "4094", "flag": "d m          ", "port": "3"}, {"mac": "00:a0:98:54:05:cb", "vlan_name": "NetApp", "vlan_id": "4094", "flag": "d m          ", "port": "3"}, {"mac": "00:a0:98:5d:ff:be", "vlan_name": "NetApp", "vlan_id": "4094", "flag": "d mi         ", "port": "9"}, {"mac": "00:a0:98:5e:d7:64", "vlan_name": "NetApp", "vlan_id": "4094", "flag": "d mi         ", "port": "10"}, {"mac": "00:a0:98:64:a2:b9", "vlan_name": "NetApp", "vlan_id": "4094", "flag": "d m          ", "port": "5"}, {"mac": "00:a0:98:64:a2:ba", "vlan_name": "NetApp", "vlan_id": "4094", "flag": "d m          ", "port": "5"}, {"mac": "00:a0:98:a8:be:c5", "vlan_name": "NetApp", "vlan_id": "4094", "flag": "d m          ", "port": "7"}, {"mac": "02:a0:98:54:03:16", "vlan_name": "NetApp", "vlan_id": "4094", "flag": "d mi         ", "port": "1"}, {"mac": "02:a0:98:54:05:ba", "vlan_name": "NetApp", "vlan_id": "4094", "flag": "d mi         ", "port": "3"}, {"mac": "02:a0:98:64:a2:a9", "vlan_name": "NetApp", "vlan_id": "4094", "flag": "d mi         ", "port": "5"}, {"mac": "02:a0:98:a8:be:b4", "vlan_name": "NetApp", "vlan_id": "4094", "flag": "d mi         ", "port": "7"}]