[{"vrf": "VR-Default", "destination": "10.140.14.10", "mac": "02:a0:98:54:03:16", "static": "NO", "vlan_name": "NetApp", "vlan_id": "4094", "port": "1"}, {"vrf": "VR-Default", "destination": "10.140.14.11", "mac": "02:a0:98:54:05:ba", "static": "NO", "vlan_name": "NetApp", "vlan_id": "4094", "port": "3"}, {"vrf": "VR-Default", "destination": "10.140.14.12", "mac": "02:a0:98:64:a2:a9", "static": "NO", "vlan_name": "NetApp", "vlan_id": "4094", "port": "5"}, {"vrf": "VR-Default", "destination": "10.140.14.13", "mac": "02:a0:98:a8:be:b4", "static": "NO", "vlan_name": "NetApp", "vlan_id": "4094", "port": "7"}, {"vrf": "VR-Default", "destination": "10.140.14.16", "mac": "00:a0:98:5e:d7:64", "static": "NO", "vlan_name": "NetApp", "vlan_id": "4094", "port": "10"}, {"vrf": "VR-Default", "destination": "10.140.14.17", "mac": "00:a0:98:5d:ff:be", "static": "NO", "vlan_name": "NetApp", "vlan_id": "4094", "port": "9"}, {"vrf": "VR-Default", "destination": "10.200.7.33", "mac": "00:04:96:43:e3:10", "static": "NO", "vlan_name": "CORE1", "vlan_id": "4093", "port": "24"}, {"vrf": "VR-Default", "destination": "10.201.7.33", "mac": "00:04:96:43:bc:80", "static": "NO", "vlan_name": "CORE2", "vlan_id": "4092", "port": "23"}]