[{"mac": "00:00:5e:00:01:02", "vlan_name": "Sala_Rosas", "vlan_id": "108", "flag": "dhm            ", "port": "1:26"}, {"mac": "00:00:5e:00:01:05", "vlan_name": "Servidores_Rosas", "vlan_id": "100", "flag": "dhm            ", "port": "1:26"}, {"mac": "00:00:5e:00:01:09", "vlan_name": "CDLV_Servidores", "vlan_id": "105", "flag": "dhm            ", "port": "1:26"}, {"mac": "00:00:5e:00:01:09", "vlan_name": "Servidores2_CDLV", "vlan_id": "113", "flag": "dhm            ", "port": "1:26"}, {"mac": "00:00:5e:00:01:19", "vlan_name": "Servidores_DAG", "vlan_id": "131", "flag": "dhm            ", "port": "1:26"}, {"mac": "00:00:5e:00:01:1c", "vlan_name": "Adm_Virt_Center", "vlan_id": "146", "flag": "dhm            ", "port": "1:26"}, {"mac": "00:00:5e:00:01:5f", "vlan_name": "WMOS_ServidoresApp", "vlan_id": "95", "flag": "dhm            ", "port": "1:26"}, {"mac": "00:00:5e:00:01:62", "vlan_name": "ser_balanceados", "vlan_id": "98", "flag": "dhm            ", "port": "1:26"}, {"mac": "00:00:5e:00:01:65", "vlan_name": "Servidores_LoEspejo", "vlan_id": "101", "flag": "dhm            ", "port": "1:26"}, {"mac": "00:00:5e:00:01:68", "vlan_name": "New-Servidores", "vlan_id": "104", "flag": "dhm            ", "port": "1:26"}, {"mac": "00:00:5e:00:01:8d", "vlan_name": "Wireless_Controller", "vlan_id": "141", "flag": "dhm            ", "port": "1:26"}, {"mac": "00:00:c9:f5:66:d0", "vlan_name": "CDLV_Servidores", "vlan_id": "105", "flag": "dhm            ", "port": "1:26"}, {"mac": "00:04:96:27:a7:1c", "vlan_name": "New-Servidores", "vlan_id": "104", "flag": "dhm            ", "port": "1:26"}, {"mac": "00:04:96:27:a7:1c", "vlan_name": "Sala_Rosas", "vlan_id": "108", "flag": "dhm            ", "port": "1:26"}, {"mac": "00:04:96:27:a7:1c", "vlan_name": "Servidores_LoEspejo", "vlan_id": "101", "flag": "dhm            ", "port": "1:26"}, {"mac": "00:04:96:27:a7:1c", "vlan_name": "Servidores_Rosas", "vlan_id": "100", "flag": "dhm            ", "port": "1:26"}, {"mac": "00:04:96:28:0e:94", "vlan_name": "Servidores_Rosas", "vlan_id": "100", "flag": "dhm            ", "port": "1:26"}, {"mac": "00:04:96:28:0e:96", "vlan_name": "New-Servidores", "vlan_id": "104", "flag": "dhm            ", "port": "1:26"}, {"mac": "00:04:96:28:0e:96", "vlan_name": "Sala_Rosas", "vlan_id": "108", "flag": "dhm            ", "port": "1:26"}, {"mac": "00:04:96:28:0e:96", "vlan_name": "Servidores_Rosas", "vlan_id": "100", "flag": "dhm            ", "port": "1:26"}, {"mac": "00:04:96:28:1a:fe", "vlan_name": "ser_balanceados", "vlan_id": "98", "flag": "dhm            ", "port": "1:26"}, {"mac": "00:04:96:34:85:10", "vlan_name": "Servidores_LoEspejo", "vlan_id": "101", "flag": "dhm            ", "port": "1:26"}, {"mac": "00:04:96:34:85:10", "vlan_name": "Servidores_Rosas", "vlan_id": "100", "flag": "dhm            ", "port": "1:26"}, {"mac": "00:04:96:35:02:02", "vlan_name": "WMOS_ServidoresWeb", "vlan_id": "96", "flag": "dhm            ", "port": "1:26"}, {"mac": "00:04:96:35:02:1a", "vlan_name": "WMOS_ServidoresWeb", "vlan_id": "96", "flag": "dhm            ", "port": "1:26"}, {"mac": "00:04:96:35:02:68", "vlan_name": "Sala_Rosas", "vlan_id": "108", "flag": "dhm            ", "port": "1:26"}, {"mac": "00:04:96:35:02:68", "vlan_name": "Servidores_LoEspejo", "vlan_id": "101", "flag": "dhm            ", "port": "1:26"}, {"mac": "00:04:96:35:02:68", "vlan_name": "Servidores_Rosas", "vlan_id": "100", "flag": "dhm            ", "port": "1:26"}, {"mac": "00:04:96:35:a9:c2", "vlan_name": "New-Servidores", "vlan_id": "104", "flag": "dhm            ", "port": "1:26"}, {"mac": "00:04:96:35:a9:c2", "vlan_name": "Sala_Rosas", "vlan_id": "108", "flag": "dhm            ", "port": "1:26"}, {"mac": "00:04:96:36:64:79", "vlan_name": "New-Servidores", "vlan_id": "104", "flag": "dhm            ", "port": "1:26"}, {"mac": "00:04:96:36:64:79", "vlan_name": "Sala_Rosas", "vlan_id": "108", "flag": "dhm            ", "port": "1:26"}, {"mac": "00:04:96:36:c0:72", "vlan_name": "ser_balanceados", "vlan_id": "98", "flag": "dhm            ", "port": "1:26"}, {"mac": "00:04:96:36:c0:e3", "vlan_name": "New-Servidores", "vlan_id": "104", "flag": "dhm            ", "port": "1:26"}, {"mac": "00:04:96:36:c0:e3", "vlan_name": "Sala_Rosas", "vlan_id": "108", "flag": "dhm            ", "port": "1:26"}, {"mac": "00:04:96:37:1d:f6", "vlan_name": "ser_balanceados", "vlan_id": "98", "flag": "dhm            ", "port": "1:26"}, {"mac": "00:04:96:43:bc:80", "vlan_name": "Adm_Virt_Center", "vlan_id": "146", "flag": "dhm            ", "port": "1:26"}, {"mac": "00:04:96:43:bc:80", "vlan_name": "CDLV_Servidores", "vlan_id": "105", "flag": "dhm            ", "port": "1:26"}, {"mac": "00:04:96:43:bc:80", "vlan_name": "Wireless_Controller", "vlan_id": "141", "flag": "dhm            ", "port": "1:26"}, {"mac": "00:04:96:43:bc:80", "vlan_name": "Servidores2_CDLV", "vlan_id": "113", "flag": "dhm            ", "port": "1:26"}, {"mac": "00:04:96:43:e3:10", "vlan_name": "Adm_Virt_Center", "vlan_id": "146", "flag": "dhm            ", "port": "1:26"}, {"mac": "00:04:96:43:e3:10", "vlan_name": "CDLV_Servidores", "vlan_id": "105", "flag": "dhm            ", "port": "1:26"}, {"mac": "00:04:96:43:e3:10", "vlan_name": "Servidores_DAG", "vlan_id": "131", "flag": "dhm            ", "port": "1:26"}, {"mac": "00:04:96:43:e3:10", "vlan_name": "Wireless_Controller", "vlan_id": "141", "flag": "dhm            ", "port": "1:26"}, {"mac": "00:04:96:43:e3:10", "vlan_name": "Servidores2_CDLV", "vlan_id": "113", "flag": "dhm            ", "port": "1:26"}, {"mac": "00:04:96:51:ef:9a", "vlan_name": "ser_balanceados", "vlan_id": "98", "flag": "dhm            ", "port": "1:26"}, {"mac": "00:04:96:52:00:3e", "vlan_name": "Sala_Rosas", "vlan_id": "108", "flag": "dhm            ", "port": "1:26"}, {"mac": "00:04:96:52:00:3e", "vlan_name": "Servidores_LoEspejo", "vlan_id": "101", "flag": "dhm            ", "port": "1:26"}, {"mac": "00:04:96:52:00:3e", "vlan_name": "Servidores_Rosas", "vlan_id": "100", "flag": "dhm            ", "port": "1:26"}, {"mac": "00:04:96:52:17:db", "vlan_name": "Sala_Rosas", "vlan_id": "108", "flag": "dhm            ", "port": "1:26"}, {"mac": "00:04:96:52:17:db", "vlan_name": "Servidores_LoEspejo", "vlan_id": "101", "flag": "dhm            ", "port": "1:26"}, {"mac": "00:04:96:52:18:3e", "vlan_name": "New-Servidores", "vlan_id": "104", "flag": "dhm            ", "port": "1:26"}, {"mac": "00:04:96:52:18:50", "vlan_name": "ser_balanceados", "vlan_id": "98", "flag": "dhm            ", "port": "1:26"}, {"mac": "00:04:96:52:23:0b", "vlan_name": "New-Servidores", "vlan_id": "104", "flag": "dhm            ", "port": "1:26"}, {"mac": "00:04:96:52:23:0b", "vlan_name": "Sala_Rosas", "vlan_id": "108", "flag": "dhm            ", "port": "1:26"}, {"mac": "00:04:96:52:23:0b", "vlan_name": "Servidores_LoEspejo", "vlan_id": "101", "flag": "dhm            ", "port": "1:26"}, {"mac": "00:04:96:52:23:0b", "vlan_name": "Servidores_Rosas", "vlan_id": "100", "flag": "dhm            ", "port": "1:26"}, {"mac": "00:04:96:52:23:1a", "vlan_name": "New-Servidores", "vlan_id": "104", "flag": "dhm            ", "port": "1:26"}, {"mac": "00:04:96:52:23:1a", "vlan_name": "Sala_Rosas", "vlan_id": "108", "flag": "dhm            ", "port": "1:26"}, {"mac": "00:04:96:52:23:1a", "vlan_name": "Servidores_LoEspejo", "vlan_id": "101", "flag": "dhm            ", "port": "1:26"}, {"mac": "00:04:96:52:23:1a", "vlan_name": "Servidores_Rosas", "vlan_id": "100", "flag": "dhm            ", "port": "1:26"}, {"mac": "00:04:96:52:23:27", "vlan_name": "New-Servidores", "vlan_id": "104", "flag": "dhm            ", "port": "1:26"}, {"mac": "00:04:96:52:23:27", "vlan_name": "Sala_Rosas", "vlan_id": "108", "flag": "dhm            ", "port": "1:26"}, {"mac": "00:04:96:52:23:27", "vlan_name": "Servidores_Rosas", "vlan_id": "100", "flag": "dhm            ", "port": "1:26"}, {"mac": "00:04:96:52:23:5b", "vlan_name": "ser_balanceados", "vlan_id": "98", "flag": "dhm            ", "port": "1:26"}, {"mac": "00:04:96:52:2c:96", "vlan_name": "Sala_Rosas", "vlan_id": "108", "flag": "dhm            ", "port": "1:26"}, {"mac": "00:04:96:52:2c:96", "vlan_name": "Servidores_LoEspejo", "vlan_id": "101", "flag": "dhm            ", "port": "1:26"}, {"mac": "00:04:96:6d:22:27", "vlan_name": "Sala_Rosas", "vlan_id": "108", "flag": "dhm            ", "port": "1:26"}, {"mac": "00:04:96:6d:49:0a", "vlan_name": "New-Servidores", "vlan_id": "104", "flag": "dhm            ", "port": "1:26"}, {"mac": "00:04:96:6d:49:0a", "vlan_name": "Sala_Rosas", "vlan_id": "108", "flag": "dhm            ", "port": "1:26"}, {"mac": "00:04:96:6d:49:0a", "vlan_name": "Servidores_Rosas", "vlan_id": "100", "flag": "dhm            ", "port": "1:26"}, {"mac": "00:04:96:7e:28:18", "vlan_name": "Sala_Rosas", "vlan_id": "108", "flag": "dhm            ", "port": "1:26"}, {"mac": "00:04:96:7e:28:18", "vlan_name": "Servidores_LoEspejo", "vlan_id": "101", "flag": "dhm            ", "port": "1:26"}, {"mac": "00:04:96:7e:28:18", "vlan_name": "Servidores_Rosas", "vlan_id": "100", "flag": "dhm            ", "port": "1:26"}, {"mac": "00:04:96:83:85:c7", "vlan_name": "New-Servidores", "vlan_id": "104", "flag": "dhm            ", "port": "1:26"}, {"mac": "00:04:96:83:85:c7", "vlan_name": "Sala_Rosas", "vlan_id": "108", "flag": "dhm            ", "port": "1:26"}, {"mac": "00:04:96:83:85:d7", "vlan_name": "New-Servidores", "vlan_id": "104", "flag": "dhm            ", "port": "1:26"}, {"mac": "00:04:96:83:85:d7", "vlan_name": "Servidores_LoEspejo", "vlan_id": "101", "flag": "dhm            ", "port": "1:26"}, {"mac": "00:04:96:83:85:d7", "vlan_name": "WMOS_ServidoresApp", "vlan_id": "95", "flag": "dhm            ", "port": "1:26"}, {"mac": "00:04:96:83:85:d7", "vlan_name": "WMOS_ServidoresWeb", "vlan_id": "96", "flag": "dhm            ", "port": "1:26"}, {"mac": "00:04:96:83:85:e7", "vlan_name": "Sala_Rosas", "vlan_id": "108", "flag": "dhm            ", "port": "1:26"}, {"mac": "00:04:96:83:85:e7", "vlan_name": "Servidores_Rosas", "vlan_id": "100", "flag": "dhm            ", "port": "1:26"}, {"mac": "00:04:96:83:87:de", "vlan_name": "Sala_Rosas", "vlan_id": "108", "flag": "dhm            ", "port": "1:26"}, {"mac": "00:04:96:83:87:de", "vlan_name": "Servidores_LoEspejo", "vlan_id": "101", "flag": "dhm            ", "port": "1:26"}, {"mac": "00:04:96:83:87:de", "vlan_name": "Servidores_Rosas", "vlan_id": "100", "flag": "dhm            ", "port": "1:26"}, {"mac": "00:04:96:83:87:fb", "vlan_name": "Servidores_LoEspejo", "vlan_id": "101", "flag": "dhm            ", "port": "1:26"}, {"mac": "00:04:96:83:87:fb", "vlan_name": "Servidores_Rosas", "vlan_id": "100", "flag": "dhm            ", "port": "1:26"}, {"mac": "00:04:96:83:97:08", "vlan_name": "Sala_Rosas", "vlan_id": "108", "flag": "dhm            ", "port": "1:26"}, {"mac": "00:04:96:83:97:08", "vlan_name": "Servidores_LoEspejo", "vlan_id": "101", "flag": "dhm            ", "port": "1:26"}, {"mac": "00:04:96:83:97:08", "vlan_name": "Servidores_Rosas", "vlan_id": "100", "flag": "dhm            ", "port": "1:26"}, {"mac": "00:04:96:98:80:b2", "vlan_name": "Wireless_Controller", "vlan_id": "141", "flag": "dhm            ", "port": "1:26"}, {"mac": "00:04:96:9a:73:d6", "vlan_name": "Wireless_Controller", "vlan_id": "141", "flag": "dhm            ", "port": "1:26"}, {"mac": "00:09:6b:1e:0b:92", "vlan_name": "CDLV_Servidores", "vlan_id": "105", "flag": "dhm            ", "port": "1:26"}, {"mac": "00:09:6b:49:86:4c", "vlan_name": "Sala_Rosas", "vlan_id": "108", "flag": "dhm            ", "port": "1:26"}, {"mac": "00:0a:f7:d7:e4:93", "vlan_name": "CDLV_Servidores", "vlan_id": "105", "flag": "d m            ", "port": "4:24"}, {"mac": "00:0c:29:07:ce:0f", "vlan_name": "CDLV_Servidores", "vlan_id": "105", "flag": "dhm            ", "port": "1:26"}, {"mac": "00:0c:29:29:ac:ed", "vlan_name": "CDLV_Servidores", "vlan_id": "105", "flag": "dhm            ", "port": "2:17"}, {"mac": "00:0c:29:93:1f:80", "vlan_name": "Servidores2_CDLV", "vlan_id": "113", "flag": "dhm            ", "port": "2:15"}, {"mac": "00:0c:29:98:1f:4f", "vlan_name": "CDLV_Servidores", "vlan_id": "105", "flag": "dhm            ", "port": "1:26"}, {"mac": "00:0c:29:b8:e0:65", "vlan_name": "CDLV_Servidores", "vlan_id": "105", "flag": "dhm            ", "port": "1:26"}, {"mac": "00:0c:29:e1:48:15", "vlan_name": "CDLV_Servidores", "vlan_id": "105", "flag": "dhm            ", "port": "1:26"}, {"mac": "00:0c:29:e6:6f:63", "vlan_name": "Servidores2_CDLV", "vlan_id": "113", "flag": "dhm            ", "port": "2:15"}, {"mac": "00:0d:60:de:d7:66", "vlan_name": "CDLV_Servidores", "vlan_id": "105", "flag": "d m            ", "port": "4:16"}, {"mac": "00:0d:60:f7:9b:40", "vlan_name": "Servidores_LoEspejo", "vlan_id": "101", "flag": "dhm            ", "port": "1:26"}, {"mac": "00:0e:0c:c7:68:c8", "vlan_name": "CDLV_Servidores", "vlan_id": "105", "flag": "d m            ", "port": "3:6"}, {"mac": "00:10:18:a3:7c:90", "vlan_name": "CDLV_Servidores", "vlan_id": "105", "flag": "dhm            ", "port": "1:26"}, {"mac": "00:10:18:a3:7c:e8", "vlan_name": "CDLV_Servidores", "vlan_id": "105", "flag": "dhm            ", "port": "1:26"}, {"mac": "00:10:18:aa:c2:a8", "vlan_name": "CDLV_Servidores", "vlan_id": "105", "flag": "dhm            ", "port": "1:26"}, {"mac": "00:10:db:ff:20:90", "vlan_name": "Sala_Rosas", "vlan_id": "108", "flag": "dhm            ", "port": "1:26"}, {"mac": "00:11:0a:86:fe:57", "vlan_name": "CDLV_Servidores", "vlan_id": "105", "flag": "dhm            ", "port": "1:26"}, {"mac": "00:11:25:c5:a1:3e", "vlan_name": "Servidores_Rosas", "vlan_id": "100", "flag": "dhm            ", "port": "1:26"}, {"mac": "00:11:25:c5:a1:6a", "vlan_name": "Servidores_Rosas", "vlan_id": "100", "flag": "dhm            ", "port": "1:26"}, {"mac": "00:14:5e:15:cd:bd", "vlan_name": "ser_balanceados", "vlan_id": "98", "flag": "dhm            ", "port": "1:26"}, {"mac": "00:14:5e:15:f2:e1", "vlan_name": "CDLV_Servidores", "vlan_id": "105", "flag": "dhm            ", "port": "1:26"}, {"mac": "00:14:5e:15:f4:2b", "vlan_name": "CDLV_Servidores", "vlan_id": "105", "flag": "dhm            ", "port": "1:26"}, {"mac": "00:14:5e:1d:6a:08", "vlan_name": "Servidores_LoEspejo", "vlan_id": "101", "flag": "dhm            ", "port": "1:26"}, {"mac": "00:14:5e:3d:6c:ac", "vlan_name": "Servidores_LoEspejo", "vlan_id": "101", "flag": "dhm            ", "port": "1:26"}, {"mac": "00:14:5e:3d:92:f8", "vlan_name": "Servidores_Rosas", "vlan_id": "100", "flag": "dhm            ", "port": "1:26"}, {"mac": "00:14:5e:3d:95:34", "vlan_name": "Servidores_LoEspejo", "vlan_id": "101", "flag": "dhm            ", "port": "1:26"}, {"mac": "00:14:5e:74:14:dc", "vlan_name": "Servidores2_CDLV", "vlan_id": "113", "flag": "dhm            ", "port": "1:26"}, {"mac": "00:14:5e:78:d2:ae", "vlan_name": "CDLV_Servidores", "vlan_id": "105", "flag": "dhm            ", "port": "1:26"}, {"mac": "00:14:5e:79:87:b4", "vlan_name": "CDLV_Servidores", "vlan_id": "105", "flag": "dhm            ", "port": "1:26"}, {"mac": "00:14:5e:c4:25:d5", "vlan_name": "Servidores_Rosas", "vlan_id": "100", "flag": "dhm            ", "port": "1:26"}, {"mac": "00:14:5e:c4:26:b5", "vlan_name": "Servidores_Rosas", "vlan_id": "100", "flag": "dhm            ", "port": "1:26"}, {"mac": "00:14:5e:d2:e5:02", "vlan_name": "Servidores2_CDLV", "vlan_id": "113", "flag": "dhm            ", "port": "1:26"}, {"mac": "00:14:5e:de:74:bc", "vlan_name": "ser_balanceados", "vlan_id": "98", "flag": "dhm            ", "port": "1:26"}, {"mac": "00:14:5e:e8:95:7d", "vlan_name": "CDLV_Servidores", "vlan_id": "105", "flag": "dhm            ", "port": "1:26"}, {"mac": "00:15:5d:00:8f:07", "vlan_name": "CDLV_Servidores", "vlan_id": "105", "flag": "d m            ", "port": "4:9"}, {"mac": "00:15:5d:06:6f:15", "vlan_name": "CDLV_Servidores", "vlan_id": "105", "flag": "dhm            ", "port": "1:26"}, {"mac": "00:15:5d:06:6f:65", "vlan_name": "CDLV_Servidores", "vlan_id": "105", "flag": "dhm            ", "port": "1:26"}, {"mac": "00:15:5d:06:6f:67", "vlan_name": "CDLV_Servidores", "vlan_id": "105", "flag": "dhm            ", "port": "1:26"}, {"mac": "00:15:5d:06:6f:6b", "vlan_name": "CDLV_Servidores", "vlan_id": "105", "flag": "dhm            ", "port": "1:26"}, {"mac": "00:15:5d:06:6f:73", "vlan_name": "CDLV_Servidores", "vlan_id": "105", "flag": "dhm            ", "port": "1:26"}, {"mac": "00:15:5d:06:6f:98", "vlan_name": "Servidores2_CDLV", "vlan_id": "113", "flag": "dhm            ", "port": "1:26"}, {"mac": "00:15:5d:06:6f:9f", "vlan_name": "Servidores2_CDLV", "vlan_id": "113", "flag": "dhm            ", "port": "1:26"}, {"mac": "00:15:5d:06:6f:ae", "vlan_name": "CDLV_Servidores", "vlan_id": "105", "flag": "dhm            ", "port": "1:26"}, {"mac": "00:15:5d:06:6f:b0", "vlan_name": "CDLV_Servidores", "vlan_id": "105", "flag": "dhm            ", "port": "1:26"}, {"mac": "00:15:5d:06:6f:b1", "vlan_name": "CDLV_Servidores", "vlan_id": "105", "flag": "dhm            ", "port": "1:26"}, {"mac": "00:15:5d:06:6f:b6", "vlan_name": "CDLV_Servidores", "vlan_id": "105", "flag": "dhm            ", "port": "1:26"}, {"mac": "00:15:5d:06:70:4a", "vlan_name": "CDLV_Servidores", "vlan_id": "105", "flag": "dhm            ", "port": "1:26"}, {"mac": "00:15:5d:06:70:4b", "vlan_name": "CDLV_Servidores", "vlan_id": "105", "flag": "dhm            ", "port": "1:26"}, {"mac": "00:15:5d:06:70:89", "vlan_name": "CDLV_Servidores", "vlan_id": "105", "flag": "dhm            ", "port": "1:26"}, {"mac": "00:15:5d:06:70:8b", "vlan_name": "CDLV_Servidores", "vlan_id": "105", "flag": "dhm            ", "port": "1:26"}, {"mac": "00:15:5d:06:70:d1", "vlan_name": "CDLV_Servidores", "vlan_id": "105", "flag": "dhm            ", "port": "1:26"}, {"mac": "00:15:5d:06:70:dc", "vlan_name": "CDLV_Servidores", "vlan_id": "105", "flag": "dhm            ", "port": "1:26"}, {"mac": "00:15:5d:06:70:de", "vlan_name": "CDLV_Servidores", "vlan_id": "105", "flag": "dhm            ", "port": "1:26"}, {"mac": "00:15:5d:06:70:df", "vlan_name": "Servidores2_CDLV", "vlan_id": "113", "flag": "dhm            ", "port": "1:26"}, {"mac": "00:15:5d:06:70:ea", "vlan_name": "Servidores2_CDLV", "vlan_id": "113", "flag": "dhm            ", "port": "1:26"}, {"mac": "00:15:5d:06:7f:10", "vlan_name": "CDLV_Servidores", "vlan_id": "105", "flag": "dhm            ", "port": "1:26"}, {"mac": "00:15:5d:06:7f:15", "vlan_name": "CDLV_Servidores", "vlan_id": "105", "flag": "dhm            ", "port": "1:26"}, {"mac": "00:15:5d:06:7f:17", "vlan_name": "CDLV_Servidores", "vlan_id": "105", "flag": "dhm            ", "port": "1:26"}, {"mac": "00:15:5d:06:7f:40", "vlan_name": "CDLV_Servidores", "vlan_id": "105", "flag": "dhm            ", "port": "1:26"}, {"mac": "00:15:5d:06:7f:71", "vlan_name": "CDLV_Servidores", "vlan_id": "105", "flag": "dhm            ", "port": "1:26"}, {"mac": "00:15:5d:06:7f:74", "vlan_name": "CDLV_Servidores", "vlan_id": "105", "flag": "dhm            ", "port": "1:26"}, {"mac": "00:15:5d:06:7f:77", "vlan_name": "CDLV_Servidores", "vlan_id": "105", "flag": "dhm            ", "port": "1:26"}, {"mac": "00:15:5d:06:7f:93", "vlan_name": "Servidores2_CDLV", "vlan_id": "113", "flag": "dhm            ", "port": "1:26"}, {"mac": "00:15:5d:06:7f:9f", "vlan_name": "Servidores2_CDLV", "vlan_id": "113", "flag": "dhm            ", "port": "1:26"}, {"mac": "00:15:5d:06:7f:a7", "vlan_name": "Servidores2_CDLV", "vlan_id": "113", "flag": "dhm            ", "port": "1:26"}, {"mac": "00:15:5d:06:7f:b2", "vlan_name": "CDLV_Servidores", "vlan_id": "105", "flag": "dhm            ", "port": "1:26"}, {"mac": "00:15:5d:06:7f:b6", "vlan_name": "CDLV_Servidores", "vlan_id": "105", "flag": "dhm            ", "port": "1:26"}, {"mac": "00:15:5d:06:7f:d2", "vlan_name": "CDLV_Servidores", "vlan_id": "105", "flag": "dhm            ", "port": "1:26"}, {"mac": "00:15:5d:06:7f:f9", "vlan_name": "CDLV_Servidores", "vlan_id": "105", "flag": "dhm            ", "port": "1:26"}, {"mac": "00:15:5d:06:7f:fa", "vlan_name": "CDLV_Servidores", "vlan_id": "105", "flag": "dhm            ", "port": "1:26"}, {"mac": "00:15:5d:06:7f:fe", "vlan_name": "Servidores2_CDLV", "vlan_id": "113", "flag": "dhm            ", "port": "1:26"}, {"mac": "00:15:b2:a2:65:ac", "vlan_name": "CDLV_Servidores", "vlan_id": "105", "flag": "d m            ", "port": "4:20"}, {"mac": "00:18:fe:2d:0d:51", "vlan_name": "Sala_Rosas", "vlan_id": "108", "flag": "dhm            ", "port": "1:26"}, {"mac": "00:1a:64:21:fb:cf", "vlan_name": "Servidores_LoEspejo", "vlan_id": "101", "flag": "dhm            ", "port": "1:26"}, {"mac": "00:1a:64:2b:9a:db", "vlan_name": "ser_balanceados", "vlan_id": "98", "flag": "dhm            ", "port": "1:26"}, {"mac": "00:1a:64:4f:a4:3c", "vlan_name": "WMOS_ServidoresWeb", "vlan_id": "96", "flag": "dhm            ", "port": "1:26"}, {"mac": "00:1a:64:4f:a4:3e", "vlan_name": "Servidores_LoEspejo", "vlan_id": "101", "flag": "dhm            ", "port": "1:26"}, {"mac": "00:1a:64:77:e8:60", "vlan_name": "ser_balanceados", "vlan_id": "98", "flag": "dhm            ", "port": "1:26"}, {"mac": "00:1a:64:91:e6:26", "vlan_name": "CDLV_Servidores", "vlan_id": "105", "flag": "dhm            ", "port": "1:26"}, {"mac": "00:1a:64:99:18:30", "vlan_name": "Servidores_Rosas", "vlan_id": "100", "flag": "dhm            ", "port": "1:26"}, {"mac": "00:1a:64:9a:1c:f8", "vlan_name": "ser_balanceados", "vlan_id": "98", "flag": "dhm            ", "port": "1:26"}, {"mac": "00:1a:64:9a:42:ea", "vlan_name": "ser_balanceados", "vlan_id": "98", "flag": "dhm            ", "port": "1:26"}, {"mac": "00:1a:64:9a:46:0c", "vlan_name": "Servidores_Rosas", "vlan_id": "100", "flag": "dhm            ", "port": "1:26"}, {"mac": "00:1a:64:9a:46:6d", "vlan_name": "CDLV_Servidores", "vlan_id": "105", "flag": "dhm            ", "port": "1:26"}, {"mac": "00:1a:64:9a:48:4b", "vlan_name": "ser_balanceados", "vlan_id": "98", "flag": "dhm            ", "port": "1:26"}, {"mac": "00:1a:64:9a:5e:71", "vlan_name": "ser_balanceados", "vlan_id": "98", "flag": "dhm            ", "port": "1:26"}, {"mac": "00:1a:64:c3:22:f0", "vlan_name": "WMOS_ServidoresApp", "vlan_id": "95", "flag": "dhm            ", "port": "1:26"}, {"mac": "00:1a:64:c3:26:9c", "vlan_name": "Servidores_Rosas", "vlan_id": "100", "flag": "d m            ", "port": "4:4"}, {"mac": "00:1a:64:cc:00:58", "vlan_name": "Servidores_LoEspejo", "vlan_id": "101", "flag": "dhm            ", "port": "1:26"}, {"mac": "00:1a:64:ce:dc:6a", "vlan_name": "WMOS_ServidoresWeb", "vlan_id": "96", "flag": "dhm            ", "port": "1:26"}, {"mac": "00:1a:64:ce:dc:6c", "vlan_name": "Servidores_LoEspejo", "vlan_id": "101", "flag": "dhm            ", "port": "1:26"}, {"mac": "00:1a:64:d5:89:28", "vlan_name": "Servidores_LoEspejo", "vlan_id": "101", "flag": "dhm            ", "port": "1:26"}, {"mac": "00:1b:21:7f:6f:d4", "vlan_name": "CDLV_Servidores", "vlan_id": "105", "flag": "dhm            ", "port": "2:22"}, {"mac": "00:1e:0b:d0:c7:18", "vlan_name": "CDLV_Servidores", "vlan_id": "105", "flag": "dhm            ", "port": "1:26"}, {"mac": "00:1e:67:b3:76:d7", "vlan_name": "CDLV_Servidores", "vlan_id": "105", "flag": "dhm            ", "port": "2:24"}, {"mac": "00:1e:67:c2:c8:d5", "vlan_name": "CDLV_Servidores", "vlan_id": "105", "flag": "dhm            ", "port": "2:21"}, {"mac": "00:21:5e:34:ca:a6", "vlan_name": "CDLV_Servidores", "vlan_id": "105", "flag": "dhm            ", "port": "1:26"}, {"mac": "00:21:5e:4c:e4:00", "vlan_name": "New-Servidores", "vlan_id": "104", "flag": "dhm            ", "port": "1:26"}, {"mac": "00:21:5e:5d:1a:86", "vlan_name": "CDLV_Servidores", "vlan_id": "105", "flag": "d m            ", "port": "3:24"}, {"mac": "00:21:5e:5d:61:c8", "vlan_name": "Servidores_DAG", "vlan_id": "131", "flag": "dhm            ", "port": "1:26"}, {"mac": "00:21:5e:5d:61:ca", "vlan_name": "CDLV_Servidores", "vlan_id": "105", "flag": "dhm            ", "port": "1:26"}, {"mac": "00:21:5e:5d:62:3a", "vlan_name": "CDLV_Servidores", "vlan_id": "105", "flag": "d m            ", "port": "3:1"}, {"mac": "00:21:5e:5d:62:b4", "vlan_name": "Servidores_DAG", "vlan_id": "131", "flag": "d m            ", "port": "4:1"}, {"mac": "00:21:5e:5d:62:b6", "vlan_name": "CDLV_Servidores", "vlan_id": "105", "flag": "d m            ", "port": "3:2"}, {"mac": "00:21:5e:c5:20:8c", "vlan_name": "Servidores_Rosas", "vlan_id": "100", "flag": "dhm            ", "port": "1:26"}, {"mac": "00:21:5e:f7:34:2c", "vlan_name": "CDLV_Servidores", "vlan_id": "105", "flag": "dhm            ", "port": "1:26"}, {"mac": "00:21:5e:f7:37:ee", "vlan_name": "CDLV_Servidores", "vlan_id": "105", "flag": "dhm            ", "port": "1:26"}, {"mac": "00:21:5e:f7:61:4e", "vlan_name": "CDLV_Servidores", "vlan_id": "105", "flag": "dhm            ", "port": "1:26"}, {"mac": "00:22:64:f4:55:b0", "vlan_name": "New-Servidores", "vlan_id": "104", "flag": "d m            ", "port": "4:5"}, {"mac": "00:23:7d:65:1f:92", "vlan_name": "CDLV_Servidores", "vlan_id": "105", "flag": "dhm            ", "port": "1:26"}, {"mac": "00:23:e9:6e:53:04", "vlan_name": "ser_balanceados", "vlan_id": "98", "flag": "dhm            ", "port": "1:26"}, {"mac": "00:23:e9:ca:c6:1f", "vlan_name": "ser_balanceados", "vlan_id": "98", "flag": "dhm            ", "port": "1:26"}, {"mac": "00:23:e9:ca:c6:20", "vlan_name": "Sala_Rosas", "vlan_id": "108", "flag": "dhm            ", "port": "1:26"}, {"mac": "00:24:81:e5:4d:2e", "vlan_name": "CDLV_Servidores", "vlan_id": "105", "flag": "dhm            ", "port": "1:26"}, {"mac": "00:24:e8:6c:e7:0f", "vlan_name": "CDLV_Servidores", "vlan_id": "105", "flag": "dhm            ", "port": "1:26"}, {"mac": "00:50:56:41:09:e1", "vlan_name": "Adm_Virt_Center", "vlan_id": "146", "flag": "dhm            ", "port": "1:26"}, {"mac": "00:50:56:4d:4a:16", "vlan_name": "Adm_Virt_Center", "vlan_id": "146", "flag": "dhm            ", "port": "1:26"}, {"mac": "00:50:56:54:08:58", "vlan_name": "Adm_Virt_Center", "vlan_id": "146", "flag": "dhm            ", "port": "1:26"}, {"mac": "00:50:56:54:08:5c", "vlan_name": "Adm_Virt_Center", "vlan_id": "146", "flag": "dhm            ", "port": "1:26"}, {"mac": "00:50:56:90:1a:61", "vlan_name": "CDLV_Servidores", "vlan_id": "105", "flag": "dhm            ", "port": "1:26"}, {"mac": "00:50:56:90:1a:68", "vlan_name": "CDLV_Servidores", "vlan_id": "105", "flag": "dhm            ", "port": "1:26"}, {"mac": "00:50:56:90:1a:75", "vlan_name": "Adm_Virt_Center", "vlan_id": "146", "flag": "dhm            ", "port": "1:26"}, {"mac": "00:50:56:90:1b:8d", "vlan_name": "Servidores2_CDLV", "vlan_id": "113", "flag": "dhm            ", "port": "1:26"}, {"mac": "00:50:56:90:1b:8e", "vlan_name": "Servidores2_CDLV", "vlan_id": "113", "flag": "dhm            ", "port": "1:26"}, {"mac": "00:50:56:90:1b:8f", "vlan_name": "Servidores2_CDLV", "vlan_id": "113", "flag": "dhm            ", "port": "1:26"}, {"mac": "00:50:56:90:20:74", "vlan_name": "CDLV_Servidores", "vlan_id": "105", "flag": "dhm            ", "port": "1:26"}, {"mac": "00:50:56:90:20:85", "vlan_name": "CDLV_Servidores", "vlan_id": "105", "flag": "dhm            ", "port": "1:26"}, {"mac": "00:50:56:90:2c:be", "vlan_name": "CDLV_Servidores", "vlan_id": "105", "flag": "dhm            ", "port": "1:26"}, {"mac": "00:50:56:90:30:24", "vlan_name": "CDLV_Servidores", "vlan_id": "105", "flag": "dhm            ", "port": "1:26"}, {"mac": "00:50:56:90:30:25", "vlan_name": "CDLV_Servidores", "vlan_id": "105", "flag": "dhm            ", "port": "1:26"}, {"mac": "00:50:56:90:30:26", "vlan_name": "CDLV_Servidores", "vlan_id": "105", "flag": "dhm            ", "port": "1:26"}, {"mac": "00:50:56:90:30:27", "vlan_name": "CDLV_Servidores", "vlan_id": "105", "flag": "dhm            ", "port": "1:26"}, {"mac": "00:50:56:90:30:28", "vlan_name": "CDLV_Servidores", "vlan_id": "105", "flag": "dhm            ", "port": "1:26"}, {"mac": "00:50:56:90:30:29", "vlan_name": "CDLV_Servidores", "vlan_id": "105", "flag": "dhm            ", "port": "1:26"}, {"mac": "00:50:56:90:30:2a", "vlan_name": "CDLV_Servidores", "vlan_id": "105", "flag": "dhm            ", "port": "1:26"}, {"mac": "00:50:56:90:30:2b", "vlan_name": "CDLV_Servidores", "vlan_id": "105", "flag": "dhm            ", "port": "1:26"}, {"mac": "00:50:56:90:30:2c", "vlan_name": "CDLV_Servidores", "vlan_id": "105", "flag": "dhm            ", "port": "1:26"}, {"mac": "00:50:56:90:37:a1", "vlan_name": "CDLV_Servidores", "vlan_id": "105", "flag": "dhm            ", "port": "1:26"}, {"mac": "00:50:56:90:38:07", "vlan_name": "CDLV_Servidores", "vlan_id": "105", "flag": "dhm            ", "port": "1:26"}, {"mac": "00:50:56:90:41:a6", "vlan_name": "New-Servidores", "vlan_id": "104", "flag": "dhm            ", "port": "1:26"}, {"mac": "00:50:56:90:41:ad", "vlan_name": "CDLV_Servidores", "vlan_id": "105", "flag": "dhm            ", "port": "1:26"}, {"mac": "00:50:56:90:41:b0", "vlan_name": "CDLV_Servidores", "vlan_id": "105", "flag": "dhm            ", "port": "1:26"}, {"mac": "00:50:56:90:41:c2", "vlan_name": "CDLV_Servidores", "vlan_id": "105", "flag": "dhm            ", "port": "1:26"}, {"mac": "00:50:56:90:41:c6", "vlan_name": "CDLV_Servidores", "vlan_id": "105", "flag": "dhm            ", "port": "1:26"}, {"mac": "00:50:56:90:41:d2", "vlan_name": "CDLV_Servidores", "vlan_id": "105", "flag": "dhm            ", "port": "1:26"}, {"mac": "00:50:56:90:41:d3", "vlan_name": "CDLV_Servidores", "vlan_id": "105", "flag": "dhm            ", "port": "1:26"}, {"mac": "00:50:56:90:41:de", "vlan_name": "CDLV_Servidores", "vlan_id": "105", "flag": "dhm            ", "port": "1:26"}, {"mac": "00:50:56:90:41:e3", "vlan_name": "CDLV_Servidores", "vlan_id": "105", "flag": "dhm            ", "port": "1:26"}, {"mac": "00:50:56:90:41:e4", "vlan_name": "CDLV_Servidores", "vlan_id": "105", "flag": "dhm            ", "port": "1:26"}, {"mac": "00:50:56:90:55:8a", "vlan_name": "CDLV_Servidores", "vlan_id": "105", "flag": "dhm            ", "port": "1:26"}, {"mac": "00:50:56:90:55:8c", "vlan_name": "CDLV_Servidores", "vlan_id": "105", "flag": "dhm            ", "port": "1:26"}, {"mac": "00:50:56:90:55:b4", "vlan_name": "CDLV_Servidores", "vlan_id": "105", "flag": "dhm            ", "port": "1:26"}, {"mac": "00:50:56:90:55:d0", "vlan_name": "CDLV_Servidores", "vlan_id": "105", "flag": "dhm            ", "port": "1:26"}, {"mac": "00:50:56:90:55:d3", "vlan_name": "CDLV_Servidores", "vlan_id": "105", "flag": "dhm            ", "port": "1:26"}, {"mac": "00:50:56:90:61:1a", "vlan_name": "CDLV_Servidores", "vlan_id": "105", "flag": "dhm            ", "port": "1:26"}, {"mac": "00:50:56:90:61:2c", "vlan_name": "CDLV_Servidores", "vlan_id": "105", "flag": "dhm            ", "port": "1:26"}, {"mac": "00:50:56:90:6d:a7", "vlan_name": "CDLV_Servidores", "vlan_id": "105", "flag": "dhm            ", "port": "1:26"}, {"mac": "00:50:56:90:6d:bc", "vlan_name": "CDLV_Servidores", "vlan_id": "105", "flag": "dhm            ", "port": "1:26"}, {"mac": "00:50:56:90:6d:d8", "vlan_name": "CDLV_Servidores", "vlan_id": "105", "flag": "dhm            ", "port": "1:26"}, {"mac": "00:50:56:90:78:05", "vlan_name": "CDLV_Servidores", "vlan_id": "105", "flag": "dhm            ", "port": "1:26"}, {"mac": "00:50:56:9c:01:b4", "vlan_name": "CDLV_Servidores", "vlan_id": "105", "flag": "dhm            ", "port": "1:26"}, {"mac": "00:50:56:9c:05:9a", "vlan_name": "CDLV_Servidores", "vlan_id": "105", "flag": "dhm            ", "port": "1:26"}, {"mac": "00:50:56:9c:05:ac", "vlan_name": "CDLV_Servidores", "vlan_id": "105", "flag": "dhm            ", "port": "1:26"}, {"mac": "00:50:56:9c:08:d3", "vlan_name": "CDLV_Servidores", "vlan_id": "105", "flag": "dhm            ", "port": "1:26"}, {"mac": "00:50:56:9c:09:b9", "vlan_name": "CDLV_Servidores", "vlan_id": "105", "flag": "dhm            ", "port": "1:26"}, {"mac": "00:50:56:9c:0f:98", "vlan_name": "CDLV_Servidores", "vlan_id": "105", "flag": "dhm            ", "port": "1:26"}, {"mac": "00:50:56:9c:10:45", "vlan_name": "Servidores2_CDLV", "vlan_id": "113", "flag": "dhm            ", "port": "1:26"}, {"mac": "00:50:56:9c:10:57", "vlan_name": "CDLV_Servidores", "vlan_id": "105", "flag": "dhm            ", "port": "1:26"}, {"mac": "00:50:56:9c:10:ac", "vlan_name": "CDLV_Servidores", "vlan_id": "105", "flag": "dhm            ", "port": "1:26"}, {"mac": "00:50:56:9c:11:64", "vlan_name": "CDLV_Servidores", "vlan_id": "105", "flag": "dhm            ", "port": "1:26"}, {"mac": "00:50:56:9c:14:75", "vlan_name": "CDLV_Servidores", "vlan_id": "105", "flag": "dhm            ", "port": "1:26"}, {"mac": "00:50:56:9c:15:df", "vlan_name": "CDLV_Servidores", "vlan_id": "105", "flag": "dhm            ", "port": "1:26"}, {"mac": "00:50:56:9c:1a:3e", "vlan_name": "CDLV_Servidores", "vlan_id": "105", "flag": "dhm            ", "port": "1:26"}, {"mac": "00:50:56:9c:1d:c2", "vlan_name": "CDLV_Servidores", "vlan_id": "105", "flag": "dhm            ", "port": "1:26"}, {"mac": "00:50:56:9c:1e:c5", "vlan_name": "Servidores2_CDLV", "vlan_id": "113", "flag": "dhm            ", "port": "1:26"}, {"mac": "00:50:56:9c:1f:27", "vlan_name": "Servidores2_CDLV", "vlan_id": "113", "flag": "dhm            ", "port": "1:26"}, {"mac": "00:50:56:9c:1f:c5", "vlan_name": "CDLV_Servidores", "vlan_id": "105", "flag": "dhm            ", "port": "1:26"}, {"mac": "00:50:56:9c:20:84", "vlan_name": "Servidores2_CDLV", "vlan_id": "113", "flag": "dhm            ", "port": "1:26"}, {"mac": "00:50:56:9c:24:35", "vlan_name": "CDLV_Servidores", "vlan_id": "105", "flag": "dhm            ", "port": "1:26"}, {"mac": "00:50:56:9c:24:fb", "vlan_name": "CDLV_Servidores", "vlan_id": "105", "flag": "dhm            ", "port": "1:26"}, {"mac": "00:50:56:9c:27:84", "vlan_name": "CDLV_Servidores", "vlan_id": "105", "flag": "dhm            ", "port": "1:26"}, {"mac": "00:50:56:9c:2a:a8", "vlan_name": "CDLV_Servidores", "vlan_id": "105", "flag": "dhm            ", "port": "1:26"}, {"mac": "00:50:56:9c:2a:ef", "vlan_name": "Servidores2_CDLV", "vlan_id": "113", "flag": "dhm            ", "port": "1:26"}, {"mac": "00:50:56:9c:2b:d3", "vlan_name": "CDLV_Servidores", "vlan_id": "105", "flag": "dhm            ", "port": "1:26"}, {"mac": "00:50:56:9c:2d:15", "vlan_name": "Servidores2_CDLV", "vlan_id": "113", "flag": "dhm            ", "port": "1:26"}, {"mac": "00:50:56:9c:32:97", "vlan_name": "CDLV_Servidores", "vlan_id": "105", "flag": "dhm            ", "port": "1:26"}, {"mac": "00:50:56:9c:35:a4", "vlan_name": "CDLV_Servidores", "vlan_id": "105", "flag": "dhm            ", "port": "1:26"}, {"mac": "00:50:56:9c:36:dc", "vlan_name": "CDLV_Servidores", "vlan_id": "105", "flag": "dhm            ", "port": "1:26"}, {"mac": "00:50:56:9c:37:09", "vlan_name": "Servidores2_CDLV", "vlan_id": "113", "flag": "dhm            ", "port": "1:26"}, {"mac": "00:50:56:9c:38:a9", "vlan_name": "Servidores2_CDLV", "vlan_id": "113", "flag": "dhm            ", "port": "1:26"}, {"mac": "00:50:56:9c:39:8f", "vlan_name": "CDLV_Servidores", "vlan_id": "105", "flag": "dhm            ", "port": "1:26"}, {"mac": "00:50:56:9c:3b:0b", "vlan_name": "Servidores2_CDLV", "vlan_id": "113", "flag": "dhm            ", "port": "1:26"}, {"mac": "00:50:56:9c:3e:d3", "vlan_name": "Servidores2_CDLV", "vlan_id": "113", "flag": "dhm            ", "port": "1:26"}, {"mac": "00:50:56:9c:41:d3", "vlan_name": "Servidores2_CDLV", "vlan_id": "113", "flag": "dhm            ", "port": "1:26"}, {"mac": "00:50:56:9c:45:61", "vlan_name": "Adm_Virt_Center", "vlan_id": "146", "flag": "dhm            ", "port": "1:26"}, {"mac": "00:50:56:9c:45:d0", "vlan_name": "Servidores2_CDLV", "vlan_id": "113", "flag": "dhm            ", "port": "1:26"}, {"mac": "00:50:56:9c:46:bf", "vlan_name": "CDLV_Servidores", "vlan_id": "105", "flag": "dhm            ", "port": "1:26"}, {"mac": "00:50:56:9c:47:34", "vlan_name": "Servidores2_CDLV", "vlan_id": "113", "flag": "dhm            ", "port": "1:26"}, {"mac": "00:50:56:9c:49:d9", "vlan_name": "CDLV_Servidores", "vlan_id": "105", "flag": "dhm            ", "port": "1:26"}, {"mac": "00:50:56:9c:51:e1", "vlan_name": "Servidores2_CDLV", "vlan_id": "113", "flag": "dhm            ", "port": "1:26"}, {"mac": "00:50:56:9c:54:6b", "vlan_name": "CDLV_Servidores", "vlan_id": "105", "flag": "dhm            ", "port": "1:26"}, {"mac": "00:50:56:9c:59:28", "vlan_name": "CDLV_Servidores", "vlan_id": "105", "flag": "dhm            ", "port": "1:26"}, {"mac": "00:50:56:9c:5a:22", "vlan_name": "CDLV_Servidores", "vlan_id": "105", "flag": "dhm            ", "port": "1:26"}, {"mac": "00:50:56:9c:5d:cd", "vlan_name": "Servidores2_CDLV", "vlan_id": "113", "flag": "dhm            ", "port": "1:26"}, {"mac": "00:50:56:9c:5e:f9", "vlan_name": "CDLV_Servidores", "vlan_id": "105", "flag": "dhm            ", "port": "1:26"}, {"mac": "00:50:56:9c:5f:8f", "vlan_name": "CDLV_Servidores", "vlan_id": "105", "flag": "dhm            ", "port": "1:26"}, {"mac": "00:50:56:9c:64:bf", "vlan_name": "Servidores2_CDLV", "vlan_id": "113", "flag": "dhm            ", "port": "1:26"}, {"mac": "00:50:56:9c:65:33", "vlan_name": "Servidores2_CDLV", "vlan_id": "113", "flag": "dhm            ", "port": "1:26"}, {"mac": "00:50:56:9c:65:42", "vlan_name": "CDLV_Servidores", "vlan_id": "105", "flag": "dhm            ", "port": "1:26"}, {"mac": "00:50:56:9c:65:a6", "vlan_name": "Servidores2_CDLV", "vlan_id": "113", "flag": "dhm            ", "port": "1:26"}, {"mac": "00:50:56:9c:68:a2", "vlan_name": "CDLV_Servidores", "vlan_id": "105", "flag": "dhm            ", "port": "1:26"}, {"mac": "00:50:56:9c:69:6b", "vlan_name": "Servidores2_CDLV", "vlan_id": "113", "flag": "dhm            ", "port": "1:26"}, {"mac": "00:50:56:9c:6a:56", "vlan_name": "CDLV_Servidores", "vlan_id": "105", "flag": "dhm            ", "port": "1:26"}, {"mac": "00:50:56:9c:6b:b4", "vlan_name": "CDLV_Servidores", "vlan_id": "105", "flag": "dhm            ", "port": "1:26"}, {"mac": "00:50:56:9c:6f:24", "vlan_name": "CDLV_Servidores", "vlan_id": "105", "flag": "dhm            ", "port": "1:26"}, {"mac": "00:50:56:9c:72:bb", "vlan_name": "Servidores2_CDLV", "vlan_id": "113", "flag": "dhm            ", "port": "1:26"}, {"mac": "00:50:56:9c:73:a3", "vlan_name": "CDLV_Servidores", "vlan_id": "105", "flag": "dhm            ", "port": "1:26"}, {"mac": "00:50:56:9c:76:c9", "vlan_name": "Servidores2_CDLV", "vlan_id": "113", "flag": "dhm            ", "port": "1:26"}, {"mac": "00:50:56:9c:78:90", "vlan_name": "CDLV_Servidores", "vlan_id": "105", "flag": "dhm            ", "port": "1:26"}, {"mac": "00:50:56:9c:7c:51", "vlan_name": "Servidores2_CDLV", "vlan_id": "113", "flag": "dhm            ", "port": "1:26"}, {"mac": "00:50:56:9c:7d:25", "vlan_name": "Servidores2_CDLV", "vlan_id": "113", "flag": "dhm            ", "port": "1:26"}, {"mac": "00:50:56:9c:7f:57", "vlan_name": "CDLV_Servidores", "vlan_id": "105", "flag": "dhm            ", "port": "1:26"}, {"mac": "00:50:56:a4:05:bb", "vlan_name": "Sala_Rosas", "vlan_id": "108", "flag": "dhm            ", "port": "1:26"}, {"mac": "00:50:56:a4:10:43", "vlan_name": "Servidores_Rosas", "vlan_id": "100", "flag": "dhm            ", "port": "1:26"}, {"mac": "00:50:56:a4:14:20", "vlan_name": "Servidores_Rosas", "vlan_id": "100", "flag": "dhm            ", "port": "1:26"}, {"mac": "00:50:56:a4:1d:50", "vlan_name": "Servidores_Rosas", "vlan_id": "100", "flag": "dhm            ", "port": "1:26"}, {"mac": "00:50:56:a4:37:a4", "vlan_name": "New-Servidores", "vlan_id": "104", "flag": "dhm            ", "port": "1:26"}, {"mac": "00:50:56:a4:3e:3c", "vlan_name": "Sala_Rosas", "vlan_id": "108", "flag": "dhm            ", "port": "1:26"}, {"mac": "00:50:56:a4:41:ef", "vlan_name": "Servidores_Rosas", "vlan_id": "100", "flag": "dhm            ", "port": "1:26"}, {"mac": "00:50:56:a4:4b:b5", "vlan_name": "Servidores_Rosas", "vlan_id": "100", "flag": "dhm            ", "port": "1:26"}, {"mac": "00:50:56:a4:4c:a3", "vlan_name": "Servidores_Rosas", "vlan_id": "100", "flag": "dhm            ", "port": "1:26"}, {"mac": "00:50:56:a4:53:97", "vlan_name": "Servidores_Rosas", "vlan_id": "100", "flag": "dhm            ", "port": "1:26"}, {"mac": "00:50:56:a4:56:4c", "vlan_name": "Sala_Rosas", "vlan_id": "108", "flag": "dhm            ", "port": "1:26"}, {"mac": "00:50:56:a4:6a:88", "vlan_name": "Sala_Rosas", "vlan_id": "108", "flag": "dhm            ", "port": "1:26"}, {"mac": "00:50:56:a4:6f:5c", "vlan_name": "New-Servidores", "vlan_id": "104", "flag": "dhm            ", "port": "1:26"}, {"mac": "00:50:56:a4:71:a2", "vlan_name": "WMOS_ServidoresWeb", "vlan_id": "96", "flag": "dhm            ", "port": "1:26"}, {"mac": "00:50:56:a4:73:bc", "vlan_name": "Sala_Rosas", "vlan_id": "108", "flag": "dhm            ", "port": "1:26"}, {"mac": "00:50:56:a4:74:a4", "vlan_name": "New-Servidores", "vlan_id": "104", "flag": "dhm            ", "port": "1:26"}, {"mac": "00:50:56:a4:7a:65", "vlan_name": "Servidores_Rosas", "vlan_id": "100", "flag": "dhm            ", "port": "1:26"}, {"mac": "00:50:56:a4:87:d3", "vlan_name": "Servidores_LoEspejo", "vlan_id": "101", "flag": "dhm            ", "port": "1:26"}, {"mac": "00:50:56:a4:89:fb", "vlan_name": "Servidores_Rosas", "vlan_id": "100", "flag": "d m            ", "port": "1:26"}, {"mac": "00:50:56:a4:8a:b3", "vlan_name": "WMOS_ServidoresWeb", "vlan_id": "96", "flag": "dhm            ", "port": "1:26"}, {"mac": "00:50:56:a4:8f:30", "vlan_name": "New-Servidores", "vlan_id": "104", "flag": "dhm            ", "port": "1:26"}, {"mac": "00:50:56:a4:93:83", "vlan_name": "Servidores_Rosas", "vlan_id": "100", "flag": "dhm            ", "port": "1:26"}, {"mac": "00:50:56:a4:a7:f3", "vlan_name": "New-Servidores", "vlan_id": "104", "flag": "dhm            ", "port": "1:26"}, {"mac": "00:50:56:a4:ae:f2", "vlan_name": "Sala_Rosas", "vlan_id": "108", "flag": "dhm            ", "port": "1:26"}, {"mac": "00:50:56:a4:b7:f9", "vlan_name": "New-Servidores", "vlan_id": "104", "flag": "dhm            ", "port": "1:26"}, {"mac": "00:50:56:a4:bf:ca", "vlan_name": "WMOS_ServidoresWeb", "vlan_id": "96", "flag": "dhm            ", "port": "1:26"}, {"mac": "00:50:56:a4:c9:61", "vlan_name": "Servidores_Rosas", "vlan_id": "100", "flag": "dhm            ", "port": "1:26"}, {"mac": "00:50:56:a4:cd:fd", "vlan_name": "Sala_Rosas", "vlan_id": "108", "flag": "dhm            ", "port": "1:26"}, {"mac": "00:50:56:a4:de:94", "vlan_name": "Servidores_Rosas", "vlan_id": "100", "flag": "dhm            ", "port": "1:26"}, {"mac": "00:50:56:a4:e4:8a", "vlan_name": "WMOS_ServidoresWeb", "vlan_id": "96", "flag": "dhm            ", "port": "1:26"}, {"mac": "00:50:56:a4:ea:f8", "vlan_name": "Servidores_Rosas", "vlan_id": "100", "flag": "dhm            ", "port": "1:26"}, {"mac": "00:50:56:a4:eb:a4", "vlan_name": "ser_balanceados", "vlan_id": "98", "flag": "dhm            ", "port": "1:26"}, {"mac": "00:50:56:a4:ee:d7", "vlan_name": "Servidores_Rosas", "vlan_id": "100", "flag": "dhm            ", "port": "1:26"}, {"mac": "00:50:56:b3:00:d8", "vlan_name": "CDLV_Servidores", "vlan_id": "105", "flag": "dhm            ", "port": "1:26"}, {"mac": "00:50:56:b3:04:80", "vlan_name": "CDLV_Servidores", "vlan_id": "105", "flag": "dhm            ", "port": "1:26"}, {"mac": "00:50:56:b3:04:90", "vlan_name": "CDLV_Servidores", "vlan_id": "105", "flag": "dhm            ", "port": "1:26"}, {"mac": "00:50:56:b3:07:43", "vlan_name": "CDLV_Servidores", "vlan_id": "105", "flag": "dhm            ", "port": "1:26"}, {"mac": "00:50:56:b3:09:f0", "vlan_name": "CDLV_Servidores", "vlan_id": "105", "flag": "dhm            ", "port": "1:26"}, {"mac": "00:50:56:b3:0f:8b", "vlan_name": "CDLV_Servidores", "vlan_id": "105", "flag": "dhm            ", "port": "1:26"}, {"mac": "00:50:56:b3:11:b3", "vlan_name": "CDLV_Servidores", "vlan_id": "105", "flag": "dhm            ", "port": "1:26"}, {"mac": "00:50:56:b3:13:ac", "vlan_name": "CDLV_Servidores", "vlan_id": "105", "flag": "dhm            ", "port": "1:26"}, {"mac": "00:50:56:b3:14:a7", "vlan_name": "CDLV_Servidores", "vlan_id": "105", "flag": "dhm            ", "port": "1:26"}, {"mac": "00:50:56:b3:1a:be", "vlan_name": "New-Servidores", "vlan_id": "104", "flag": "dhm            ", "port": "1:26"}, {"mac": "00:50:56:b3:24:10", "vlan_name": "CDLV_Servidores", "vlan_id": "105", "flag": "dhm            ", "port": "1:26"}, {"mac": "00:50:56:b3:24:b4", "vlan_name": "CDLV_Servidores", "vlan_id": "105", "flag": "dhm            ", "port": "1:26"}, {"mac": "00:50:56:b3:27:6b", "vlan_name": "CDLV_Servidores", "vlan_id": "105", "flag": "dhm            ", "port": "1:26"}, {"mac": "00:50:56:b3:27:b8", "vlan_name": "CDLV_Servidores", "vlan_id": "105", "flag": "dhm            ", "port": "1:26"}, {"mac": "00:50:56:b3:2d:d8", "vlan_name": "CDLV_Servidores", "vlan_id": "105", "flag": "dhm            ", "port": "1:26"}, {"mac": "00:50:56:b3:31:cb", "vlan_name": "CDLV_Servidores", "vlan_id": "105", "flag": "dhm            ", "port": "1:26"}, {"mac": "00:50:56:b3:34:76", "vlan_name": "CDLV_Servidores", "vlan_id": "105", "flag": "dhm            ", "port": "1:26"}, {"mac": "00:50:56:b3:38:24", "vlan_name": "New-Servidores", "vlan_id": "104", "flag": "dhm            ", "port": "1:26"}, {"mac": "00:50:56:b3:3a:f9", "vlan_name": "New-Servidores", "vlan_id": "104", "flag": "dhm            ", "port": "1:26"}, {"mac": "00:50:56:b3:3b:8c", "vlan_name": "New-Servidores", "vlan_id": "104", "flag": "dhm            ", "port": "1:26"}, {"mac": "00:50:56:b3:42:9b", "vlan_name": "CDLV_Servidores", "vlan_id": "105", "flag": "dhm            ", "port": "1:26"}, {"mac": "00:50:56:b3:49:1e", "vlan_name": "CDLV_Servidores", "vlan_id": "105", "flag": "dhm            ", "port": "1:26"}, {"mac": "00:50:56:b3:51:d7", "vlan_name": "CDLV_Servidores", "vlan_id": "105", "flag": "dhm            ", "port": "1:26"}, {"mac": "00:50:56:b3:59:a0", "vlan_name": "CDLV_Servidores", "vlan_id": "105", "flag": "dhm            ", "port": "1:26"}, {"mac": "00:50:56:b3:5a:d0", "vlan_name": "CDLV_Servidores", "vlan_id": "105", "flag": "dhm            ", "port": "1:26"}, {"mac": "00:50:56:b3:5a:e7", "vlan_name": "CDLV_Servidores", "vlan_id": "105", "flag": "dhm            ", "port": "1:26"}, {"mac": "00:50:56:b3:5c:31", "vlan_name": "CDLV_Servidores", "vlan_id": "105", "flag": "dhm            ", "port": "1:26"}, {"mac": "00:50:56:b3:5e:7e", "vlan_name": "New-Servidores", "vlan_id": "104", "flag": "dhm            ", "port": "1:26"}, {"mac": "00:50:56:b3:60:23", "vlan_name": "CDLV_Servidores", "vlan_id": "105", "flag": "dhm            ", "port": "1:26"}, {"mac": "00:50:56:b3:62:ed", "vlan_name": "CDLV_Servidores", "vlan_id": "105", "flag": "dhm            ", "port": "1:26"}, {"mac": "00:50:56:b3:67:92", "vlan_name": "CDLV_Servidores", "vlan_id": "105", "flag": "dhm            ", "port": "1:26"}, {"mac": "00:50:56:b3:6b:99", "vlan_name": "New-Servidores", "vlan_id": "104", "flag": "dhm            ", "port": "1:26"}, {"mac": "00:50:56:b3:76:8d", "vlan_name": "CDLV_Servidores", "vlan_id": "105", "flag": "dhm            ", "port": "1:26"}, {"mac": "00:50:56:b3:78:68", "vlan_name": "CDLV_Servidores", "vlan_id": "105", "flag": "dhm            ", "port": "1:26"}, {"mac": "00:50:56:b3:7a:4a", "vlan_name": "CDLV_Servidores", "vlan_id": "105", "flag": "dhm            ", "port": "1:26"}, {"mac": "00:50:56:b3:7e:9a", "vlan_name": "CDLV_Servidores", "vlan_id": "105", "flag": "d m            ", "port": "1:26"}, {"mac": "00:62:ec:b3:e8:f2", "vlan_name": "New-Servidores", "vlan_id": "104", "flag": "dhm            ", "port": "1:26"}, {"mac": "00:62:ec:b3:e8:f2", "vlan_name": "Sala_Rosas", "vlan_id": "108", "flag": "dhm            ", "port": "1:26"}, {"mac": "00:62:ec:b3:e8:f2", "vlan_name": "Servidores_LoEspejo", "vlan_id": "101", "flag": "dhm            ", "port": "1:26"}, {"mac": "00:62:ec:b3:e8:f2", "vlan_name": "Servidores_Rosas", "vlan_id": "100", "flag": "dhm            ", "port": "1:26"}, {"mac": "00:62:ec:b3:e8:f2", "vlan_name": "WLC_HA", "vlan_id": "201", "flag": "dhm            ", "port": "1:26"}, {"mac": "00:62:ec:b3:e8:f2", "vlan_name": "Wireless_Controller", "vlan_id": "141", "flag": "dhm            ", "port": "1:26"}, {"mac": "00:62:ec:b3:e8:f2", "vlan_name": "WController_CD-SanBernardo", "vlan_id": "1655", "flag": "dhm            ", "port": "1:26"}, {"mac": "00:62:ec:b3:e8:f2", "vlan_name": "ser_balanceados", "vlan_id": "98", "flag": "dhm            ", "port": "1:26"}, {"mac": "00:7e:95:01:aa:66", "vlan_name": "Wireless_Controller", "vlan_id": "141", "flag": "dhm            ", "port": "1:26"}, {"mac": "00:90:fa:26:b2:64", "vlan_name": "CDLV_Servidores", "vlan_id": "105", "flag": "dhm            ", "port": "1:26"}, {"mac": "00:90:fa:26:b5:f4", "vlan_name": "CDLV_Servidores", "vlan_id": "105", "flag": "dhm            ", "port": "1:26"}, {"mac": "00:90:fa:26:b8:64", "vlan_name": "CDLV_Servidores", "vlan_id": "105", "flag": "dhm            ", "port": "1:26"}, {"mac": "00:90:fa:2c:d5:3a", "vlan_name": "CDLV_Servidores", "vlan_id": "105", "flag": "dhm            ", "port": "1:26"}, {"mac": "00:90:fb:3e:14:be", "vlan_name": "CDLV_Servidores", "vlan_id": "105", "flag": "d m            ", "port": "4:22"}, {"mac": "00:a0:98:5d:f8:fe", "vlan_name": "Servidores_LoEspejo", "vlan_id": "101", "flag": "dhm            ", "port": "1:26"}, {"mac": "00:b7:71:10:15:d8", "vlan_name": "Wireless_Controller", "vlan_id": "141", "flag": "dhm            ", "port": "1:26"}, {"mac": "00:be:75:49:65:92", "vlan_name": "Wireless_Controller", "vlan_id": "141", "flag": "dhm            ", "port": "1:26"}, {"mac": "00:be:75:49:7e:d0", "vlan_name": "Wireless_Controller", "vlan_id": "141", "flag": "d m            ", "port": "3:3"}, {"mac": "00:be:75:49:e1:ac", "vlan_name": "Wireless_Controller", "vlan_id": "141", "flag": "d m            ", "port": "4:3"}, {"mac": "00:be:75:4a:03:fc", "vlan_name": "Wireless_Controller", "vlan_id": "141", "flag": "dhm            ", "port": "1:26"}, {"mac": "00:e0:ec:2a:69:c1", "vlan_name": "CDLV_Servidores", "vlan_id": "105", "flag": "dhm            ", "port": "1:26"}, {"mac": "00:e0:ec:2a:6c:89", "vlan_name": "CDLV_Servidores", "vlan_id": "105", "flag": "dhm            ", "port": "1:26"}, {"mac": "00:e0:ec:2a:6d:29", "vlan_name": "CDLV_Servidores", "vlan_id": "105", "flag": "dhm            ", "port": "1:26"}, {"mac": "00:e0:ec:2a:6f:c9", "vlan_name": "CDLV_Servidores", "vlan_id": "105", "flag": "dhm            ", "port": "1:26"}, {"mac": "00:e0:ec:2a:70:21", "vlan_name": "CDLV_Servidores", "vlan_id": "105", "flag": "dhm            ", "port": "1:26"}, {"mac": "00:fc:ba:e8:08:3b", "vlan_name": "WController_CD-SanBernardo", "vlan_id": "1655", "flag": "d m            ", "port": "4:10"}, {"mac": "00:fc:ba:e8:08:3d", "vlan_name": "Wireless_Controller", "vlan_id": "141", "flag": "dhm            ", "port": "1:26"}, {"mac": "02:01:23:b1:b2:b3", "vlan_name": "Servidores_LoEspejo", "vlan_id": "101", "flag": "dhm            ", "port": "1:12"}, {"mac": "02:01:23:b1:b2:b3", "vlan_name": "WMOS_ServidoresWeb", "vlan_id": "96", "flag": "dhm            ", "port": "1:12"}, {"mac": "02:01:30:10:3a:12", "vlan_name": "CDLV_Servidores", "vlan_id": "105", "flag": "dhm            ", "port": "1:26"}, {"mac": "02:01:30:10:3a:12", "vlan_name": "New-Servidores", "vlan_id": "104", "flag": "dhm            ", "port": "1:26"}, {"mac": "02:01:30:10:3a:12", "vlan_name": "Sala_Rosas", "vlan_id": "108", "flag": "dhm            ", "port": "1:26"}, {"mac": "02:01:30:10:3a:12", "vlan_name": "Servidores_LoEspejo", "vlan_id": "101", "flag": "dhm            ", "port": "1:26"}, {"mac": "02:01:30:10:3a:12", "vlan_name": "Servidores_Rosas", "vlan_id": "100", "flag": "dhm            ", "port": "1:26"}, {"mac": "02:01:30:10:3a:12", "vlan_name": "Servidores_DAG", "vlan_id": "131", "flag": "dhm            ", "port": "1:26"}, {"mac": "02:01:30:10:3a:12", "vlan_name": "ser_balanceados", "vlan_id": "98", "flag": "dhm            ", "port": "1:26"}, {"mac": "02:04:96:36:4f:32", "vlan_name": "New-Servidores", "vlan_id": "104", "flag": "dhm            ", "port": "1:26"}, {"mac": "02:04:96:51:e9:5e", "vlan_name": "CDLV_Servidores", "vlan_id": "105", "flag": "dhm            ", "port": "1:26"}, {"mac": "02:04:96:52:1f:09", "vlan_name": "CDLV_Servidores", "vlan_id": "105", "flag": "dhm            ", "port": "1:26"}, {"mac": "02:04:96:7d:f8:9a", "vlan_name": "CDLV_Servidores", "vlan_id": "105", "flag": "dhm            ", "port": "1:26"}, {"mac": "02:04:96:7e:13:cc", "vlan_name": "CDLV_Servidores", "vlan_id": "105", "flag": "dhm            ", "port": "1:26"}, {"mac": "02:04:96:97:82:b3", "vlan_name": "CDLV_Servidores", "vlan_id": "105", "flag": "dhm            ", "port": "1:26"}, {"mac": "02:04:96:97:82:bc", "vlan_name": "CDLV_Servidores", "vlan_id": "105", "flag": "dhm            ", "port": "1:26"}, {"mac": "0c:c4:7a:af:d9:39", "vlan_name": "CDLV_Servidores", "vlan_id": "105", "flag": "dhm            ", "port": "1:13"}, {"mac": "0c:c4:7a:d8:92:56", "vlan_name": "CDLV_Servidores", "vlan_id": "105", "flag": "dhm            ", "port": "1:13"}, {"mac": "10:1f:74:2e:35:20", "vlan_name": "CDLV_Servidores", "vlan_id": "105", "flag": "dhm            ", "port": "1:26"}, {"mac": "10:7d:1a:e3:4b:c1", "vlan_name": "Servidores2_CDLV", "vlan_id": "113", "flag": "dhm            ", "port": "1:26"}, {"mac": "10:7d:1a:e3:4b:c4", "vlan_name": "Servidores2_CDLV", "vlan_id": "113", "flag": "dhm            ", "port": "1:26"}, {"mac": "10:7d:1a:e3:4b:ce", "vlan_name": "Servidores2_CDLV", "vlan_id": "113", "flag": "dhm            ", "port": "1:26"}, {"mac": "10:7d:1a:e3:4b:d1", "vlan_name": "Servidores2_CDLV", "vlan_id": "113", "flag": "dhm            ", "port": "1:26"}, {"mac": "10:7d:1a:e3:4b:db", "vlan_name": "Servidores2_CDLV", "vlan_id": "113", "flag": "dhm            ", "port": "1:26"}, {"mac": "10:7d:1a:e3:4b:e8", "vlan_name": "Servidores2_CDLV", "vlan_id": "113", "flag": "dhm            ", "port": "1:26"}, {"mac": "10:7d:1a:e3:4b:f5", "vlan_name": "Servidores2_CDLV", "vlan_id": "113", "flag": "dhm            ", "port": "1:26"}, {"mac": "10:7d:1a:e3:4c:43", "vlan_name": "Servidores2_CDLV", "vlan_id": "113", "flag": "dhm            ", "port": "1:26"}, {"mac": "10:7d:1a:e3:4c:46", "vlan_name": "Servidores2_CDLV", "vlan_id": "113", "flag": "dhm            ", "port": "1:26"}, {"mac": "10:7d:1a:e3:4c:50", "vlan_name": "Servidores2_CDLV", "vlan_id": "113", "flag": "dhm            ", "port": "1:26"}, {"mac": "10:7d:1a:e3:4c:53", "vlan_name": "Servidores2_CDLV", "vlan_id": "113", "flag": "dhm            ", "port": "1:26"}, {"mac": "14:18:77:40:dd:51", "vlan_name": "CDLV_Servidores", "vlan_id": "105", "flag": "dhm            ", "port": "1:26"}, {"mac": "14:18:77:40:e1:01", "vlan_name": "CDLV_Servidores", "vlan_id": "105", "flag": "dhm            ", "port": "1:26"}, {"mac": "14:18:77:41:08:3b", "vlan_name": "CDLV_Servidores", "vlan_id": "105", "flag": "dhm            ", "port": "1:26"}, {"mac": "14:18:77:41:15:70", "vlan_name": "CDLV_Servidores", "vlan_id": "105", "flag": "dhm            ", "port": "1:26"}, {"mac": "14:18:77:49:8d:b3", "vlan_name": "CDLV_Servidores", "vlan_id": "105", "flag": "dhm            ", "port": "1:26"}, {"mac": "14:58:d0:4f:c4:a8", "vlan_name": "Adm_Virt_Center", "vlan_id": "146", "flag": "dhm            ", "port": "1:26"}, {"mac": "14:58:d0:50:60:60", "vlan_name": "Adm_Virt_Center", "vlan_id": "146", "flag": "dhm            ", "port": "1:26"}, {"mac": "14:58:d0:50:60:63", "vlan_name": "CDLV_Servidores", "vlan_id": "105", "flag": "dhm            ", "port": "1:26"}, {"mac": "14:58:d0:50:a1:68", "vlan_name": "Servidores2_CDLV", "vlan_id": "113", "flag": "dhm            ", "port": "1:26"}, {"mac": "14:58:d0:50:a1:6b", "vlan_name": "CDLV_Servidores", "vlan_id": "105", "flag": "dhm            ", "port": "1:26"}, {"mac": "14:58:d0:50:a1:6c", "vlan_name": "Adm_Virt_Center", "vlan_id": "146", "flag": "dhm            ", "port": "1:26"}, {"mac": "14:58:d0:50:f0:93", "vlan_name": "CDLV_Servidores", "vlan_id": "105", "flag": "dhm            ", "port": "1:26"}, {"mac": "14:58:d0:50:f0:97", "vlan_name": "CDLV_Servidores", "vlan_id": "105", "flag": "dhm            ", "port": "1:26"}, {"mac": "1c:c1:de:23:14:ba", "vlan_name": "CDLV_Servidores", "vlan_id": "105", "flag": "dhm            ", "port": "1:26"}, {"mac": "28:18:78:bc:8f:08", "vlan_name": "CDLV_Servidores", "vlan_id": "105", "flag": "dhm            ", "port": "1:26"}, {"mac": "2c:44:fd:8b:58:12", "vlan_name": "CDLV_Servidores", "vlan_id": "105", "flag": "dhm            ", "port": "1:26"}, {"mac": "2c:59:e5:38:b0:24", "vlan_name": "CDLV_Servidores", "vlan_id": "105", "flag": "dhm            ", "port": "1:26"}, {"mac": "2c:59:e5:3c:00:94", "vlan_name": "CDLV_Servidores", "vlan_id": "105", "flag": "dhm            ", "port": "1:26"}, {"mac": "2c:59:e5:3c:49:f4", "vlan_name": "CDLV_Servidores", "vlan_id": "105", "flag": "dhm            ", "port": "1:26"}, {"mac": "2c:59:e5:3c:58:94", "vlan_name": "CDLV_Servidores", "vlan_id": "105", "flag": "dhm            ", "port": "1:26"}, {"mac": "2c:59:e5:3c:58:9c", "vlan_name": "CDLV_Servidores", "vlan_id": "105", "flag": "dhm            ", "port": "1:26"}, {"mac": "2c:59:e5:3c:99:84", "vlan_name": "CDLV_Servidores", "vlan_id": "105", "flag": "dhm            ", "port": "1:26"}, {"mac": "2c:59:e5:3c:9a:84", "vlan_name": "CDLV_Servidores", "vlan_id": "105", "flag": "dhm            ", "port": "1:26"}, {"mac": "2c:59:e5:3c:b1:dc", "vlan_name": "CDLV_Servidores", "vlan_id": "105", "flag": "dhm            ", "port": "1:26"}, {"mac": "2c:59:e5:3c:f9:6c", "vlan_name": "CDLV_Servidores", "vlan_id": "105", "flag": "dhm            ", "port": "1:26"}, {"mac": "2c:76:8a:56:6c:2c", "vlan_name": "Servidores_Rosas", "vlan_id": "100", "flag": "dhm            ", "port": "1:26"}, {"mac": "34:40:b5:9f:a9:bc", "vlan_name": "CDLV_Servidores", "vlan_id": "105", "flag": "dhm            ", "port": "1:26"}, {"mac": "34:40:b5:a1:33:f0", "vlan_name": "CDLV_Servidores", "vlan_id": "105", "flag": "dhm            ", "port": "1:26"}, {"mac": "34:40:b5:a1:34:38", "vlan_name": "CDLV_Servidores", "vlan_id": "105", "flag": "dhm            ", "port": "1:26"}, {"mac": "34:40:b5:a1:34:44", "vlan_name": "CDLV_Servidores", "vlan_id": "105", "flag": "dhm            ", "port": "1:26"}, {"mac": "34:40:b5:a1:34:90", "vlan_name": "CDLV_Servidores", "vlan_id": "105", "flag": "dhm            ", "port": "1:26"}, {"mac": "3c:a8:2a:21:78:6f", "vlan_name": "Servidores_Rosas", "vlan_id": "100", "flag": "dhm            ", "port": "1:26"}, {"mac": "3c:d9:2b:2f:09:0a", "vlan_name": "CDLV_Servidores", "vlan_id": "105", "flag": "dhm            ", "port": "1:26"}, {"mac": "40:f2:e9:07:00:5a", "vlan_name": "CDLV_Servidores", "vlan_id": "105", "flag": "dhm            ", "port": "1:26"}, {"mac": "40:f2:e9:07:c7:1b", "vlan_name": "CDLV_Servidores", "vlan_id": "105", "flag": "dhm            ", "port": "1:26"}, {"mac": "40:f2:e9:07:d3:4b", "vlan_name": "CDLV_Servidores", "vlan_id": "105", "flag": "dhm            ", "port": "1:26"}, {"mac": "40:f2:e9:11:d6:01", "vlan_name": "CDLV_Servidores", "vlan_id": "105", "flag": "dhm            ", "port": "1:26"}, {"mac": "40:f2:e9:14:1d:9a", "vlan_name": "Servidores2_CDLV", "vlan_id": "113", "flag": "dhm            ", "port": "1:26"}, {"mac": "40:f2:e9:20:ab:e2", "vlan_name": "CDLV_Servidores", "vlan_id": "105", "flag": "dhm            ", "port": "1:26"}, {"mac": "40:f2:e9:23:b7:ca", "vlan_name": "CDLV_Servidores", "vlan_id": "105", "flag": "dhm            ", "port": "1:26"}, {"mac": "40:f2:e9:23:c8:83", "vlan_name": "CDLV_Servidores", "vlan_id": "105", "flag": "dhm            ", "port": "1:26"}, {"mac": "40:f2:e9:c2:8d:68", "vlan_name": "CDLV_Servidores", "vlan_id": "105", "flag": "dhm            ", "port": "1:26"}, {"mac": "40:f2:e9:c2:8e:00", "vlan_name": "CDLV_Servidores", "vlan_id": "105", "flag": "dhm            ", "port": "1:26"}, {"mac": "40:f2:e9:c2:c1:30", "vlan_name": "CDLV_Servidores", "vlan_id": "105", "flag": "d m            ", "port": "1:26"}, {"mac": "40:f2:e9:c3:2c:18", "vlan_name": "CDLV_Servidores", "vlan_id": "105", "flag": "dhm            ", "port": "1:26"}, {"mac": "40:f2:e9:c3:bb:20", "vlan_name": "CDLV_Servidores", "vlan_id": "105", "flag": "dhm            ", "port": "1:26"}, {"mac": "40:f2:e9:c3:f9:f8", "vlan_name": "CDLV_Servidores", "vlan_id": "105", "flag": "dhm            ", "port": "1:26"}, {"mac": "40:f2:e9:cc:26:22", "vlan_name": "CDLV_Servidores", "vlan_id": "105", "flag": "dhm            ", "port": "1:26"}, {"mac": "40:f2:e9:f3:65:4b", "vlan_name": "CDLV_Servidores", "vlan_id": "105", "flag": "dhm            ", "port": "1:26"}, {"mac": "44:a8:42:43:0e:90", "vlan_name": "CDLV_Servidores", "vlan_id": "105", "flag": "dhm            ", "port": "1:26"}, {"mac": "50:6b:8d:73:f2:c7", "vlan_name": "Servidores2_CDLV", "vlan_id": "113", "flag": "dhm            ", "port": "1:26"}, {"mac": "50:6b:8d:9c:41:63", "vlan_name": "Servidores2_CDLV", "vlan_id": "113", "flag": "dhm            ", "port": "1:26"}, {"mac": "58:8a:5a:86:96:81", "vlan_name": "Servidores2_CDLV", "vlan_id": "113", "flag": "dhm            ", "port": "1:26"}, {"mac": "58:8a:5a:86:96:9b", "vlan_name": "Servidores2_CDLV", "vlan_id": "113", "flag": "dhm            ", "port": "1:26"}, {"mac": "58:8a:5a:86:96:9e", "vlan_name": "Servidores2_CDLV", "vlan_id": "113", "flag": "dhm            ", "port": "1:26"}, {"mac": "58:8a:5a:86:96:a8", "vlan_name": "Servidores2_CDLV", "vlan_id": "113", "flag": "dhm            ", "port": "1:26"}, {"mac": "58:8a:5a:86:96:ab", "vlan_name": "Servidores2_CDLV", "vlan_id": "113", "flag": "dhm            ", "port": "1:26"}, {"mac": "5c:b9:01:d0:63:c0", "vlan_name": "Adm_Virt_Center", "vlan_id": "146", "flag": "dhm            ", "port": "1:26"}, {"mac": "5c:b9:01:d0:66:a0", "vlan_name": "Adm_Virt_Center", "vlan_id": "146", "flag": "dhm            ", "port": "1:26"}, {"mac": "5c:f3:fc:03:19:80", "vlan_name": "CDLV_Servidores", "vlan_id": "105", "flag": "d m            ", "port": "3:11"}, {"mac": "5c:f3:fc:05:49:a0", "vlan_name": "CDLV_Servidores", "vlan_id": "105", "flag": "dhm            ", "port": "1:26"}, {"mac": "5c:f3:fc:05:49:a1", "vlan_name": "CDLV_Servidores", "vlan_id": "105", "flag": "dhm            ", "port": "1:26"}, {"mac": "5c:f3:fc:06:17:c0", "vlan_name": "CDLV_Servidores", "vlan_id": "105", "flag": "d m            ", "port": "4:2"}, {"mac": "5c:f3:fc:06:17:c1", "vlan_name": "CDLV_Servidores", "vlan_id": "105", "flag": "d m            ", "port": "3:19"}, {"mac": "5c:f3:fc:09:87:36", "vlan_name": "CDLV_Servidores", "vlan_id": "105", "flag": "d m            ", "port": "4:7"}, {"mac": "5c:f3:fc:09:8d:c2", "vlan_name": "CDLV_Servidores", "vlan_id": "105", "flag": "d m            ", "port": "3:14"}, {"mac": "5c:f3:fc:0c:64:5c", "vlan_name": "CDLV_Servidores", "vlan_id": "105", "flag": "dhm            ", "port": "1:26"}, {"mac": "5c:f3:fc:0c:71:c4", "vlan_name": "CDLV_Servidores", "vlan_id": "105", "flag": "dhm            ", "port": "1:26"}, {"mac": "5c:f3:fc:1b:d8:60", "vlan_name": "WMOS_ServidoresWeb", "vlan_id": "96", "flag": "dhm            ", "port": "1:26"}, {"mac": "5c:f3:fc:1c:0e:d4", "vlan_name": "WMOS_ServidoresWeb", "vlan_id": "96", "flag": "dhm            ", "port": "1:26"}, {"mac": "5c:f3:fc:21:d7:bc", "vlan_name": "CDLV_Servidores", "vlan_id": "105", "flag": "dhm            ", "port": "1:26"}, {"mac": "5c:f3:fc:24:be:f2", "vlan_name": "CDLV_Servidores", "vlan_id": "105", "flag": "dhm            ", "port": "1:26"}, {"mac": "5c:f3:fc:24:ca:9e", "vlan_name": "CDLV_Servidores", "vlan_id": "105", "flag": "dhm            ", "port": "1:26"}, {"mac": "5c:f3:fc:24:cf:2a", "vlan_name": "CDLV_Servidores", "vlan_id": "105", "flag": "dhm            ", "port": "1:26"}, {"mac": "5c:f3:fc:24:cf:7e", "vlan_name": "CDLV_Servidores", "vlan_id": "105", "flag": "dhm            ", "port": "1:26"}, {"mac": "5c:f3:fc:24:d1:dc", "vlan_name": "CDLV_Servidores", "vlan_id": "105", "flag": "dhm            ", "port": "1:26"}, {"mac": "5c:f3:fc:24:d5:40", "vlan_name": "CDLV_Servidores", "vlan_id": "105", "flag": "dhm            ", "port": "1:26"}, {"mac": "5c:f3:fc:39:ec:6c", "vlan_name": "CDLV_Servidores", "vlan_id": "105", "flag": "d m            ", "port": "3:23"}, {"mac": "5c:f3:fc:4b:cc:b0", "vlan_name": "CDLV_Servidores", "vlan_id": "105", "flag": "d m            ", "port": "4:9"}, {"mac": "5c:f3:fc:b9:26:b4", "vlan_name": "CDLV_Servidores", "vlan_id": "105", "flag": "dhm            ", "port": "1:26"}, {"mac": "5c:f3:fc:e4:ec:60", "vlan_name": "CDLV_Servidores", "vlan_id": "105", "flag": "dhm            ", "port": "1:26"}, {"mac": "5c:f3:fc:e5:3e:7e", "vlan_name": "Servidores_LoEspejo", "vlan_id": "101", "flag": "dhm            ", "port": "1:26"}, {"mac": "5c:f3:fc:e5:e2:44", "vlan_name": "CDLV_Servidores", "vlan_id": "105", "flag": "dhm            ", "port": "1:26"}, {"mac": "64:31:50:51:b3:7c", "vlan_name": "CDLV_Servidores", "vlan_id": "105", "flag": "dhm            ", "port": "1:26"}, {"mac": "64:9e:f3:65:00:20", "vlan_name": "Wireless_Controller", "vlan_id": "141", "flag": "dhm            ", "port": "1:26"}, {"mac": "64:9e:f3:65:00:24", "vlan_name": "WLC_HA", "vlan_id": "201", "flag": "d m            ", "port": "4:15"}, {"mac": "64:9e:f3:65:16:80", "vlan_name": "Wireless_Controller", "vlan_id": "141", "flag": "dhm            ", "port": "1:26"}, {"mac": "64:9e:f3:65:16:84", "vlan_name": "WLC_HA", "vlan_id": "201", "flag": "dhm            ", "port": "1:26"}, {"mac": "68:05:ca:08:6f:28", "vlan_name": "CDLV_Servidores", "vlan_id": "105", "flag": "dhm            ", "port": "2:14"}, {"mac": "68:b5:99:bd:7d:d4", "vlan_name": "CDLV_Servidores", "vlan_id": "105", "flag": "dhm            ", "port": "1:26"}, {"mac": "68:b5:99:bd:ec:fc", "vlan_name": "CDLV_Servidores", "vlan_id": "105", "flag": "d m            ", "port": "3:21"}, {"mac": "6c:0b:84:62:bb:b0", "vlan_name": "CDLV_Servidores", "vlan_id": "105", "flag": "dhm            ", "port": "1:26"}, {"mac": "6c:0b:84:b8:44:ea", "vlan_name": "CDLV_Servidores", "vlan_id": "105", "flag": "dhm            ", "port": "1:26"}, {"mac": "6c:ae:8b:1c:80:ea", "vlan_name": "CDLV_Servidores", "vlan_id": "105", "flag": "dhm            ", "port": "1:26"}, {"mac": "6c:ae:8b:31:ab:50", "vlan_name": "CDLV_Servidores", "vlan_id": "105", "flag": "dhm            ", "port": "1:26"}, {"mac": "6c:ae:8b:31:d6:68", "vlan_name": "CDLV_Servidores", "vlan_id": "105", "flag": "dhm            ", "port": "1:26"}, {"mac": "6c:ae:8b:31:d7:58", "vlan_name": "CDLV_Servidores", "vlan_id": "105", "flag": "dhm            ", "port": "1:26"}, {"mac": "6c:ae:8b:33:a1:f8", "vlan_name": "CDLV_Servidores", "vlan_id": "105", "flag": "dhm            ", "port": "1:26"}, {"mac": "6c:ae:8b:33:ab:78", "vlan_name": "CDLV_Servidores", "vlan_id": "105", "flag": "dhm            ", "port": "1:26"}, {"mac": "6c:ae:8b:33:cb:d0", "vlan_name": "CDLV_Servidores", "vlan_id": "105", "flag": "dhm            ", "port": "1:26"}, {"mac": "6c:ae:8b:33:cb:d8", "vlan_name": "CDLV_Servidores", "vlan_id": "105", "flag": "dhm            ", "port": "1:26"}, {"mac": "6c:ae:8b:34:17:a8", "vlan_name": "CDLV_Servidores", "vlan_id": "105", "flag": "dhm            ", "port": "1:26"}, {"mac": "6c:ae:8b:34:35:d8", "vlan_name": "Servidores2_CDLV", "vlan_id": "113", "flag": "dhm            ", "port": "1:26"}, {"mac": "6c:ae:8b:34:3f:10", "vlan_name": "CDLV_Servidores", "vlan_id": "105", "flag": "dhm            ", "port": "1:26"}, {"mac": "6c:ae:8b:34:41:80", "vlan_name": "CDLV_Servidores", "vlan_id": "105", "flag": "dhm            ", "port": "1:26"}, {"mac": "6c:ae:8b:34:45:30", "vlan_name": "CDLV_Servidores", "vlan_id": "105", "flag": "dhm            ", "port": "1:26"}, {"mac": "6c:ae:8b:34:4a:58", "vlan_name": "CDLV_Servidores", "vlan_id": "105", "flag": "dhm            ", "port": "1:26"}, {"mac": "6c:ae:8b:34:4b:40", "vlan_name": "CDLV_Servidores", "vlan_id": "105", "flag": "dhm            ", "port": "1:26"}, {"mac": "6c:ae:8b:34:4b:70", "vlan_name": "CDLV_Servidores", "vlan_id": "105", "flag": "dhm            ", "port": "1:26"}, {"mac": "6c:ae:8b:34:66:b0", "vlan_name": "CDLV_Servidores", "vlan_id": "105", "flag": "dhm            ", "port": "1:26"}, {"mac": "6c:ae:8b:34:fd:b0", "vlan_name": "CDLV_Servidores", "vlan_id": "105", "flag": "dhm            ", "port": "1:26"}, {"mac": "6c:ae:8b:3b:fa:8a", "vlan_name": "CDLV_Servidores", "vlan_id": "105", "flag": "dhm            ", "port": "1:26"}, {"mac": "6c:ae:8b:4e:67:4b", "vlan_name": "CDLV_Servidores", "vlan_id": "105", "flag": "dhm            ", "port": "1:26"}, {"mac": "6c:ae:8b:4f:fe:db", "vlan_name": "CDLV_Servidores", "vlan_id": "105", "flag": "dhm            ", "port": "1:26"}, {"mac": "6c:ae:8b:61:0c:9a", "vlan_name": "CDLV_Servidores", "vlan_id": "105", "flag": "dhm            ", "port": "1:26"}, {"mac": "6c:ae:8b:61:69:1b", "vlan_name": "CDLV_Servidores", "vlan_id": "105", "flag": "dhm            ", "port": "1:26"}, {"mac": "6c:ae:8b:61:6a:e3", "vlan_name": "CDLV_Servidores", "vlan_id": "105", "flag": "dhm            ", "port": "1:26"}, {"mac": "6c:ae:8b:63:f6:92", "vlan_name": "CDLV_Servidores", "vlan_id": "105", "flag": "dhm            ", "port": "1:26"}, {"mac": "6c:b2:ae:1e:cf:b3", "vlan_name": "WController_CD-SanBernardo", "vlan_id": "1655", "flag": "dhm            ", "port": "1:26"}, {"mac": "6c:b2:ae:1e:cf:b5", "vlan_name": "Wireless_Controller", "vlan_id": "141", "flag": "dhm            ", "port": "1:26"}, {"mac": "78:e3:b5:14:16:40", "vlan_name": "CDLV_Servidores", "vlan_id": "105", "flag": "dhm            ", "port": "1:26"}, {"mac": "78:e3:b5:14:a6:d8", "vlan_name": "CDLV_Servidores", "vlan_id": "105", "flag": "dhm            ", "port": "1:26"}, {"mac": "78:e3:b5:14:a6:f0", "vlan_name": "Adm_Virt_Center", "vlan_id": "146", "flag": "dhm            ", "port": "1:26"}, {"mac": "78:e3:b5:14:c6:38", "vlan_name": "Adm_Virt_Center", "vlan_id": "146", "flag": "dhm            ", "port": "1:26"}, {"mac": "78:e7:d1:91:5f:12", "vlan_name": "New-Servidores", "vlan_id": "104", "flag": "dhm            ", "port": "1:26"}, {"mac": "80:18:44:e7:85:18", "vlan_name": "Servidores2_CDLV", "vlan_id": "113", "flag": "dhm            ", "port": "1:26"}, {"mac": "80:18:44:e7:85:38", "vlan_name": "Servidores2_CDLV", "vlan_id": "113", "flag": "dhm            ", "port": "1:26"}, {"mac": "80:18:44:e7:85:4c", "vlan_name": "Servidores2_CDLV", "vlan_id": "113", "flag": "dhm            ", "port": "1:26"}, {"mac": "80:c1:6e:7b:1e:00", "vlan_name": "Adm_Virt_Center", "vlan_id": "146", "flag": "dhm            ", "port": "1:26"}, {"mac": "84:b8:02:2a:44:c4", "vlan_name": "Wireless_Controller", "vlan_id": "141", "flag": "dhm            ", "port": "1:20"}, {"mac": "8c:60:4f:e8:6c:c4", "vlan_name": "Sala_Rosas", "vlan_id": "108", "flag": "dhm            ", "port": "1:26"}, {"mac": "8c:60:4f:e8:6c:c4", "vlan_name": "Servidores_Rosas", "vlan_id": "100", "flag": "dhm            ", "port": "1:26"}, {"mac": "8c:60:4f:e8:8d:c4", "vlan_name": "Sala_Rosas", "vlan_id": "108", "flag": "dhm            ", "port": "1:26"}, {"mac": "8c:60:4f:e8:8d:c4", "vlan_name": "Servidores_Rosas", "vlan_id": "100", "flag": "dhm            ", "port": "1:26"}, {"mac": "90:e2:ba:62:9f:b8", "vlan_name": "Servidores2_CDLV", "vlan_id": "113", "flag": "dhm            ", "port": "1:26"}, {"mac": "90:e2:ba:6e:1a:82", "vlan_name": "CDLV_Servidores", "vlan_id": "105", "flag": "dhm            ", "port": "1:26"}, {"mac": "90:e2:ba:80:2c:ec", "vlan_name": "CDLV_Servidores", "vlan_id": "105", "flag": "dhm            ", "port": "1:26"}, {"mac": "98:be:94:37:0b:e0", "vlan_name": "CDLV_Servidores", "vlan_id": "105", "flag": "dhm            ", "port": "1:26"}, {"mac": "98:be:94:37:13:b0", "vlan_name": "CDLV_Servidores", "vlan_id": "105", "flag": "dhm            ", "port": "1:26"}, {"mac": "98:be:94:37:16:80", "vlan_name": "CDLV_Servidores", "vlan_id": "105", "flag": "dhm            ", "port": "1:26"}, {"mac": "a4:53:0e:dd:28:78", "vlan_name": "Wireless_Controller", "vlan_id": "141", "flag": "dhm            ", "port": "1:26"}, {"mac": "ac:1f:6b:45:68:5d", "vlan_name": "Servidores2_CDLV", "vlan_id": "113", "flag": "dhm            ", "port": "1:26"}, {"mac": "b4:0c:25:e5:00:11", "vlan_name": "Sala_Rosas", "vlan_id": "108", "flag": "dhm            ", "port": "1:26"}, {"mac": "b4:0c:25:e5:00:11", "vlan_name": "Servidores_Rosas", "vlan_id": "100", "flag": "dhm            ", "port": "1:26"}, {"mac": "b4:de:31:72:24:4b", "vlan_name": "Sala_Rosas", "vlan_id": "108", "flag": "dhm            ", "port": "1:12"}, {"mac": "b4:de:31:72:24:4b", "vlan_name": "Servidores_LoEspejo", "vlan_id": "101", "flag": "dhm            ", "port": "1:12"}, {"mac": "b4:de:31:72:24:4b", "vlan_name": "ser_balanceados", "vlan_id": "98", "flag": "dhm            ", "port": "1:12"}, {"mac": "b4:de:31:72:24:4b", "vlan_name": "WMOS_ServidoresApp", "vlan_id": "95", "flag": "dhm            ", "port": "1:12"}, {"mac": "b4:de:31:72:24:4b", "vlan_name": "WMOS_ServidoresWeb", "vlan_id": "96", "flag": "dhm            ", "port": "1:12"}, {"mac": "b4:de:31:ad:28:75", "vlan_name": "CDLV_Servidores", "vlan_id": "105", "flag": "dhm            ", "port": "1:26"}, {"mac": "b4:de:31:ad:28:75", "vlan_name": "Wireless_Controller", "vlan_id": "141", "flag": "dhm            ", "port": "1:26"}, {"mac": "b4:de:31:ad:28:75", "vlan_name": "Servidores2_CDLV", "vlan_id": "113", "flag": "dhm            ", "port": "1:26"}, {"mac": "b4:de:31:c5:8b:a9", "vlan_name": "New-Servidores", "vlan_id": "104", "flag": "dhm            ", "port": "1:26"}, {"mac": "b4:de:31:c5:8b:a9", "vlan_name": "Servidores_LoEspejo", "vlan_id": "101", "flag": "dhm            ", "port": "1:26"}, {"mac": "b4:de:31:c5:8b:a9", "vlan_name": "Servidores_Rosas", "vlan_id": "100", "flag": "dhm            ", "port": "1:26"}, {"mac": "b4:de:31:c5:8b:a9", "vlan_name": "ser_balanceados", "vlan_id": "98", "flag": "dhm            ", "port": "1:26"}, {"mac": "b4:de:31:c5:8b:a9", "vlan_name": "WMOS_ServidoresApp", "vlan_id": "95", "flag": "dhm            ", "port": "1:26"}, {"mac": "b4:de:31:c5:8b:a9", "vlan_name": "WMOS_ServidoresWeb", "vlan_id": "96", "flag": "dhm            ", "port": "1:26"}, {"mac": "b4:de:31:c5:8c:bf", "vlan_name": "CDLV_Servidores", "vlan_id": "105", "flag": "dhm            ", "port": "1:26"}, {"mac": "b4:de:31:c5:8c:bf", "vlan_name": "Wireless_Controller", "vlan_id": "141", "flag": "dhm            ", "port": "1:26"}, {"mac": "b4:de:31:c5:8c:bf", "vlan_name": "Servidores2_CDLV", "vlan_id": "113", "flag": "dhm            ", "port": "1:26"}, {"mac": "b4:de:31:e5:88:cd", "vlan_name": "WLC_HA", "vlan_id": "201", "flag": "dhm            ", "port": "1:21"}, {"mac": "b4:de:31:e5:88:cf", "vlan_name": "Wireless_Controller", "vlan_id": "141", "flag": "dhm            ", "port": "1:25"}, {"mac": "b4:de:31:e5:ab:d1", "vlan_name": "WLC_HA", "vlan_id": "201", "flag": "dhm            ", "port": "1:26"}, {"mac": "b4:de:31:e5:ab:d3", "vlan_name": "Wireless_Controller", "vlan_id": "141", "flag": "dhm            ", "port": "1:26"}, {"mac": "b4:e1:0f:da:9c:95", "vlan_name": "CDLV_Servidores", "vlan_id": "105", "flag": "dhm            ", "port": "1:26"}, {"mac": "b4:e1:0f:da:9c:bc", "vlan_name": "Servidores2_CDLV", "vlan_id": "113", "flag": "dhm            ", "port": "1:26"}, {"mac": "b4:e1:0f:da:9c:bf", "vlan_name": "Servidores2_CDLV", "vlan_id": "113", "flag": "dhm            ", "port": "1:26"}, {"mac": "b4:e1:0f:da:9c:c9", "vlan_name": "CDLV_Servidores", "vlan_id": "105", "flag": "dhm            ", "port": "1:26"}, {"mac": "b4:e1:0f:da:9c:e3", "vlan_name": "Servidores2_CDLV", "vlan_id": "113", "flag": "dhm            ", "port": "1:26"}, {"mac": "b4:e1:0f:da:9c:e6", "vlan_name": "Servidores2_CDLV", "vlan_id": "113", "flag": "dhm            ", "port": "1:26"}, {"mac": "c0:67:af:03:c3:66", "vlan_name": "Wireless_Controller", "vlan_id": "141", "flag": "dhm            ", "port": "1:26"}, {"mac": "c4:34:6b:b1:c0:18", "vlan_name": "Adm_Virt_Center", "vlan_id": "146", "flag": "dhm            ", "port": "1:26"}, {"mac": "c4:34:6b:fe:9d:78", "vlan_name": "Servidores2_CDLV", "vlan_id": "113", "flag": "dhm            ", "port": "1:26"}, {"mac": "c4:34:6b:fe:cb:92", "vlan_name": "Servidores2_CDLV", "vlan_id": "113", "flag": "dhm            ", "port": "1:26"}, {"mac": "cc:16:7e:fa:31:94", "vlan_name": "New-Servidores", "vlan_id": "104", "flag": "dhm            ", "port": "1:26"}, {"mac": "cc:16:7e:fa:31:94", "vlan_name": "Sala_Rosas", "vlan_id": "108", "flag": "dhm            ", "port": "1:26"}, {"mac": "cc:16:7e:fa:31:94", "vlan_name": "Servidores_LoEspejo", "vlan_id": "101", "flag": "dhm            ", "port": "1:26"}, {"mac": "cc:16:7e:fa:31:94", "vlan_name": "Servidores_Rosas", "vlan_id": "100", "flag": "dhm            ", "port": "1:26"}, {"mac": "cc:16:7e:fa:31:94", "vlan_name": "WLC_HA", "vlan_id": "201", "flag": "dhm            ", "port": "1:26"}, {"mac": "cc:16:7e:fa:31:94", "vlan_name": "Wireless_Controller", "vlan_id": "141", "flag": "dhm            ", "port": "1:26"}, {"mac": "cc:16:7e:fa:31:94", "vlan_name": "WController_CD-SanBernardo", "vlan_id": "1655", "flag": "dhm            ", "port": "1:26"}, {"mac": "cc:16:7e:fa:31:94", "vlan_name": "ser_balanceados", "vlan_id": "98", "flag": "dhm            ", "port": "1:26"}, {"mac": "d0:43:1e:f3:c9:bd", "vlan_name": "CDLV_Servidores", "vlan_id": "105", "flag": "dhm            ", "port": "1:26"}, {"mac": "d0:43:1e:f3:c9:ca", "vlan_name": "CDLV_Servidores", "vlan_id": "105", "flag": "dhm            ", "port": "1:26"}, {"mac": "d0:43:1e:f3:c9:d7", "vlan_name": "CDLV_Servidores", "vlan_id": "105", "flag": "dhm            ", "port": "1:26"}, {"mac": "d0:43:1e:f3:c9:e2", "vlan_name": "CDLV_Servidores", "vlan_id": "105", "flag": "dhm            ", "port": "1:26"}, {"mac": "d0:43:1e:f3:c9:fc", "vlan_name": "Servidores2_CDLV", "vlan_id": "113", "flag": "dhm            ", "port": "1:26"}, {"mac": "d0:43:1e:f3:c9:ff", "vlan_name": "Servidores2_CDLV", "vlan_id": "113", "flag": "dhm            ", "port": "1:26"}, {"mac": "d0:43:1e:f3:ca:16", "vlan_name": "CDLV_Servidores", "vlan_id": "105", "flag": "dhm            ", "port": "1:26"}, {"mac": "d0:43:1e:f3:ca:19", "vlan_name": "CDLV_Servidores", "vlan_id": "105", "flag": "dhm            ", "port": "1:26"}, {"mac": "d0:43:1e:f3:ca:23", "vlan_name": "CDLV_Servidores", "vlan_id": "105", "flag": "dhm            ", "port": "1:26"}, {"mac": "d0:43:1e:f3:ca:26", "vlan_name": "CDLV_Servidores", "vlan_id": "105", "flag": "dhm            ", "port": "1:26"}, {"mac": "d0:43:1e:f3:ca:30", "vlan_name": "CDLV_Servidores", "vlan_id": "105", "flag": "dhm            ", "port": "1:26"}, {"mac": "d0:43:1e:f3:ca:4a", "vlan_name": "CDLV_Servidores", "vlan_id": "105", "flag": "dhm            ", "port": "1:26"}, {"mac": "d0:43:1e:f3:ca:4d", "vlan_name": "CDLV_Servidores", "vlan_id": "105", "flag": "dhm            ", "port": "1:26"}, {"mac": "d0:43:1e:f3:ca:64", "vlan_name": "Servidores2_CDLV", "vlan_id": "113", "flag": "dhm            ", "port": "1:26"}, {"mac": "d0:43:1e:f3:ca:67", "vlan_name": "Servidores2_CDLV", "vlan_id": "113", "flag": "dhm            ", "port": "1:26"}, {"mac": "d0:43:1e:f3:cb:e2", "vlan_name": "CDLV_Servidores", "vlan_id": "105", "flag": "dhm            ", "port": "1:26"}, {"mac": "d0:43:1e:f3:cb:e3", "vlan_name": "Adm_Virt_Center", "vlan_id": "146", "flag": "dhm            ", "port": "1:26"}, {"mac": "d0:43:1e:f3:cc:99", "vlan_name": "CDLV_Servidores", "vlan_id": "105", "flag": "dhm            ", "port": "1:26"}, {"mac": "d0:43:1e:f3:cd:50", "vlan_name": "CDLV_Servidores", "vlan_id": "105", "flag": "dhm            ", "port": "1:26"}, {"mac": "d0:43:1e:fd:06:08", "vlan_name": "CDLV_Servidores", "vlan_id": "105", "flag": "dhm            ", "port": "1:26"}, {"mac": "d0:43:1e:fd:06:22", "vlan_name": "CDLV_Servidores", "vlan_id": "105", "flag": "dhm            ", "port": "1:26"}, {"mac": "d0:43:1e:fd:06:56", "vlan_name": "CDLV_Servidores", "vlan_id": "105", "flag": "dhm            ", "port": "1:26"}, {"mac": "d0:43:1e:fd:06:70", "vlan_name": "CDLV_Servidores", "vlan_id": "105", "flag": "dhm            ", "port": "1:26"}, {"mac": "d0:94:66:1c:d0:e7", "vlan_name": "Servidores2_CDLV", "vlan_id": "113", "flag": "dhm            ", "port": "1:26"}, {"mac": "d4:ae:52:94:ba:91", "vlan_name": "CDLV_Servidores", "vlan_id": "105", "flag": "dhm            ", "port": "1:26"}, {"mac": "d4:ae:52:9a:8e:f7", "vlan_name": "CDLV_Servidores", "vlan_id": "105", "flag": "dhm            ", "port": "1:15"}, {"mac": "d4:ae:52:9a:8e:f9", "vlan_name": "CDLV_Servidores", "vlan_id": "105", "flag": "dhm            ", "port": "1:15"}, {"mac": "d8:9d:67:69:5c:f8", "vlan_name": "Adm_Virt_Center", "vlan_id": "146", "flag": "dhm            ", "port": "1:26"}, {"mac": "d8:9d:67:6a:b2:10", "vlan_name": "Adm_Virt_Center", "vlan_id": "146", "flag": "dhm            ", "port": "1:26"}, {"mac": "d8:9d:67:73:2b:18", "vlan_name": "Adm_Virt_Center", "vlan_id": "146", "flag": "dhm            ", "port": "1:26"}, {"mac": "dc:c6:52:00:20:00", "vlan_name": "New-Servidores", "vlan_id": "104", "flag": "dhm            ", "port": "1:26"}, {"mac": "dc:c6:52:00:20:00", "vlan_name": "Sala_Rosas", "vlan_id": "108", "flag": "dhm            ", "port": "1:26"}, {"mac": "dc:c6:52:00:20:00", "vlan_name": "Servidores_LoEspejo", "vlan_id": "101", "flag": "dhm            ", "port": "1:26"}, {"mac": "dc:c6:52:00:20:00", "vlan_name": "Servidores_Rosas", "vlan_id": "100", "flag": "dhm            ", "port": "1:26"}, {"mac": "dc:c6:52:00:20:00", "vlan_name": "ser_balanceados", "vlan_id": "98", "flag": "dhm            ", "port": "1:26"}, {"mac": "dc:c6:52:00:20:00", "vlan_name": "WMOS_ServidoresApp", "vlan_id": "95", "flag": "dhm            ", "port": "1:26"}, {"mac": "dc:c6:52:00:20:00", "vlan_name": "WMOS_ServidoresWeb", "vlan_id": "96", "flag": "dhm            ", "port": "1:26"}, {"mac": "e0:07:1b:f6:66:9c", "vlan_name": "CDLV_Servidores", "vlan_id": "105", "flag": "dhm            ", "port": "1:26"}, {"mac": "e0:4f:43:06:22:40", "vlan_name": "CDLV_Servidores", "vlan_id": "105", "flag": "dhm            ", "port": "1:26"}, {"mac": "e4:1f:13:1a:27:b8", "vlan_name": "CDLV_Servidores", "vlan_id": "105", "flag": "dhm            ", "port": "1:26"}, {"mac": "e4:1f:13:31:6d:8c", "vlan_name": "CDLV_Servidores", "vlan_id": "105", "flag": "d m            ", "port": "3:8"}, {"mac": "e4:1f:13:45:6c:b0", "vlan_name": "CDLV_Servidores", "vlan_id": "105", "flag": "dhm            ", "port": "1:26"}, {"mac": "e4:1f:13:60:c6:e4", "vlan_name": "CDLV_Servidores", "vlan_id": "105", "flag": "dhm            ", "port": "1:26"}, {"mac": "e4:1f:13:64:43:84", "vlan_name": "New-Servidores", "vlan_id": "104", "flag": "dhm            ", "port": "1:26"}, {"mac": "e4:1f:13:64:57:92", "vlan_name": "New-Servidores", "vlan_id": "104", "flag": "dhm            ", "port": "1:26"}, {"mac": "e4:1f:13:6b:54:44", "vlan_name": "CDLV_Servidores", "vlan_id": "105", "flag": "dhm            ", "port": "1:18"}, {"mac": "e4:1f:13:90:1d:ba", "vlan_name": "CDLV_Servidores", "vlan_id": "105", "flag": "dhm            ", "port": "1:26"}, {"mac": "e4:1f:13:90:30:04", "vlan_name": "CDLV_Servidores", "vlan_id": "105", "flag": "dhm            ", "port": "1:26"}, {"mac": "e4:1f:13:b4:4a:40", "vlan_name": "Adm_Virt_Center", "vlan_id": "146", "flag": "d m            ", "port": "3:5"}, {"mac": "e4:1f:13:b6:90:80", "vlan_name": "CDLV_Servidores", "vlan_id": "105", "flag": "d m            ", "port": "3:17"}, {"mac": "e4:1f:13:b8:db:a0", "vlan_name": "CDLV_Servidores", "vlan_id": "105", "flag": "dhm            ", "port": "1:26"}, {"mac": "e4:1f:13:ba:24:2c", "vlan_name": "CDLV_Servidores", "vlan_id": "105", "flag": "d m            ", "port": "4:13"}, {"mac": "e4:1f:13:bd:00:9c", "vlan_name": "CDLV_Servidores", "vlan_id": "105", "flag": "d m            ", "port": "4:14"}, {"mac": "e4:1f:13:bd:51:bc", "vlan_name": "CDLV_Servidores", "vlan_id": "105", "flag": "dhm            ", "port": "1:26"}, {"mac": "e4:1f:13:bd:61:c6", "vlan_name": "CDLV_Servidores", "vlan_id": "105", "flag": "dhm            ", "port": "2:17"}, {"mac": "e4:1f:13:bd:d2:fc", "vlan_name": "CDLV_Servidores", "vlan_id": "105", "flag": "d m            ", "port": "4:17"}, {"mac": "e4:1f:13:bd:da:2c", "vlan_name": "CDLV_Servidores", "vlan_id": "105", "flag": "d m            ", "port": "4:21"}, {"mac": "e4:1f:13:bf:07:20", "vlan_name": "CDLV_Servidores", "vlan_id": "105", "flag": "dhm            ", "port": "1:26"}, {"mac": "e4:1f:13:bf:f0:e4", "vlan_name": "CDLV_Servidores", "vlan_id": "105", "flag": "dhm            ", "port": "1:26"}, {"mac": "e4:1f:13:bf:f2:e0", "vlan_name": "CDLV_Servidores", "vlan_id": "105", "flag": "dhm            ", "port": "1:26"}, {"mac": "e4:1f:13:da:8d:42", "vlan_name": "CDLV_Servidores", "vlan_id": "105", "flag": "dhm            ", "port": "1:26"}, {"mac": "e4:1f:13:e5:11:c2", "vlan_name": "CDLV_Servidores", "vlan_id": "105", "flag": "d m            ", "port": "3:7"}, {"mac": "e4:1f:13:e6:c0:3c", "vlan_name": "CDLV_Servidores", "vlan_id": "105", "flag": "d m            ", "port": "3:12"}, {"mac": "e4:1f:13:e6:db:fc", "vlan_name": "CDLV_Servidores", "vlan_id": "105", "flag": "d m            ", "port": "3:15"}, {"mac": "e4:1f:13:e6:f6:cc", "vlan_name": "CDLV_Servidores", "vlan_id": "105", "flag": "d m            ", "port": "3:16"}, {"mac": "e4:1f:13:ec:1e:c2", "vlan_name": "CDLV_Servidores", "vlan_id": "105", "flag": "dhm            ", "port": "1:26"}, {"mac": "ec:b1:d7:76:5c:e8", "vlan_name": "CDLV_Servidores", "vlan_id": "105", "flag": "dhm            ", "port": "1:26"}, {"mac": "ec:b1:d7:91:1a:a0", "vlan_name": "Adm_Virt_Center", "vlan_id": "146", "flag": "dhm            ", "port": "1:26"}, {"mac": "f0:92:1c:15:fc:90", "vlan_name": "Adm_Virt_Center", "vlan_id": "146", "flag": "d m            ", "port": "1:26"}, {"mac": "f4:15:63:92:d8:39", "vlan_name": "Servidores_LoEspejo", "vlan_id": "101", "flag": "dhm            ", "port": "1:12"}, {"mac": "f4:15:63:92:d8:39", "vlan_name": "WMOS_ServidoresWeb", "vlan_id": "96", "flag": "dhm            ", "port": "1:12"}, {"mac": "f4:15:63:93:4e:39", "vlan_name": "Servidores_LoEspejo", "vlan_id": "101", "flag": "dhm            ", "port": "1:12"}, {"mac": "f4:15:63:93:4e:39", "vlan_name": "WMOS_ServidoresWeb", "vlan_id": "96", "flag": "dhm            ", "port": "1:12"}, {"mac": "f4:15:63:93:4e:3e", "vlan_name": "Sala_Rosas", "vlan_id": "108", "flag": "dhm            ", "port": "1:12"}, {"mac": "fa:16:3e:04:92:64", "vlan_name": "Servidores_Rosas", "vlan_id": "100", "flag": "dhm            ", "port": "1:26"}, {"mac": "fa:16:3e:08:6e:16", "vlan_name": "Servidores_Rosas", "vlan_id": "100", "flag": "dhm            ", "port": "1:26"}, {"mac": "fa:16:3e:14:93:e5", "vlan_name": "Servidores_Rosas", "vlan_id": "100", "flag": "dhm            ", "port": "1:26"}, {"mac": "fa:16:3e:32:d7:02", "vlan_name": "Servidores_Rosas", "vlan_id": "100", "flag": "dhm            ", "port": "1:26"}, {"mac": "fa:16:3e:34:a8:2e", "vlan_name": "Servidores_Rosas", "vlan_id": "100", "flag": "dhm            ", "port": "1:26"}, {"mac": "fa:16:3e:35:04:76", "vlan_name": "Servidores_Rosas", "vlan_id": "100", "flag": "dhm            ", "port": "1:26"}, {"mac": "fa:16:3e:6c:56:b1", "vlan_name": "Sala_Rosas", "vlan_id": "108", "flag": "dhm            ", "port": "1:26"}, {"mac": "fa:16:3e:8d:c7:12", "vlan_name": "Servidores_Rosas", "vlan_id": "100", "flag": "dhm            ", "port": "1:26"}, {"mac": "fa:16:3e:99:d0:01", "vlan_name": "Servidores_Rosas", "vlan_id": "100", "flag": "dhm            ", "port": "1:26"}, {"mac": "fa:16:3e:c6:8d:de", "vlan_name": "Servidores_Rosas", "vlan_id": "100", "flag": "dhm            ", "port": "1:26"}, {"mac": "fa:16:3e:df:98:85", "vlan_name": "Servidores_Rosas", "vlan_id": "100", "flag": "dhm            ", "port": "1:26"}, {"mac": "fa:16:3e:e3:d6:2b", "vlan_name": "Servidores_Rosas", "vlan_id": "100", "flag": "dhm            ", "port": "1:26"}, {"mac": "fa:16:3e:e9:08:ed", "vlan_name": "Servidores_Rosas", "vlan_id": "100", "flag": "dhm            ", "port": "1:26"}, {"mac": "fc:aa:14:7a:e9:d2", "vlan_name": "CDLV_Servidores", "vlan_id": "105", "flag": "dhm            ", "port": "1:23"}]