[{"vlan_name": "Adm_Virt_Center", "vlan_id": "146"}, {"vlan_name": "CDLV_Servidores", "vlan_id": "105"}, {"vlan_name": "Default", "vlan_id": "1"}, {"vlan_name": "Mgmt", "vlan_id": "4095"}, {"vlan_name": "New-Servidores", "vlan_id": "104"}, {"vlan_name": "Sala_Rosas", "vlan_id": "108"}, {"vlan_name": "ser_balanceados", "vlan_id": "98"}, {"vlan_name": "Servidores2_CDLV", "vlan_id": "113"}, {"vlan_name": "Servidores_Cientec", "vlan_id": "102"}, {"vlan_name": "Servidores_DAG", "vlan_id": "131"}, {"vlan_name": "Servidores_LoEspejo", "vlan_id": "101"}, {"vlan_name": "Servidores_Rosas", "vlan_id": "100"}, {"vlan_name": "WController_CD-SanBernardo", "vlan_id": "1655"}, {"vlan_name": "Wireless_Controller", "vlan_id": "141"}, {"vlan_name": "WLC_HA", "vlan_id": "201"}, {"vlan_name": "WMOS_ServidoresApp", "vlan_id": "95"}, {"vlan_name": "WMOS_ServidoresWeb", "vlan_id": "96"}]