[{"vlan_name": "Anillo_CTRL", "vlan_id": "600"}, {"vlan_name": "Default", "vlan_id": "1"}, {"vlan_name": "Enlace_a_GmoMann_R", "vlan_id": "4094"}, {"vlan_name": "FW_FA_Movil_R", "vlan_id": "4070"}, {"vlan_name": "FW_Rpldo", "vlan_id": "4071"}, {"vlan_name": "Interswitch", "vlan_id": "4093"}, {"vlan_name": "InterSwitch_2", "vlan_id": "2001"}, {"vlan_name": "Loop_ID", "vlan_id": "4068"}, {"vlan_name": "Mgmt", "vlan_id": "4095"}, {"vlan_name": "vid500", "vlan_id": "500"}, {"vlan_name": "vid501", "vlan_id": "501"}, {"vlan_name": "vid502", "vlan_id": "502"}, {"vlan_name": "vid503", "vlan_id": "503"}, {"vlan_name": "vid504", "vlan_id": "504"}, {"vlan_name": "vid505", "vlan_id": "505"}, {"vlan_name": "vid506", "vlan_id": "506"}, {"vlan_name": "vid507", "vlan_id": "507"}, {"vlan_name": "vid508", "vlan_id": "508"}, {"vlan_name": "vid509", "vlan_id": "509"}, {"vlan_name": "vid512", "vlan_id": "512"}, {"vlan_name": "vid513", "vlan_id": "513"}, {"vlan_name": "vid514", "vlan_id": "514"}]