[{"mac": "00:00:5e:00:01:64", "vlan_name": "vid500", "vlan_id": "500", "flag": "d m           ", "port": "23"}, {"mac": "00:00:5e:00:01:64", "vlan_name": "vid508", "vlan_id": "508", "flag": "d m           ", "port": "23"}, {"mac": "00:00:5e:00:01:65", "vlan_name": "vid501", "vlan_id": "501", "flag": "d m           ", "port": "23"}, {"mac": "00:00:5e:00:01:65", "vlan_name": "vid505", "vlan_id": "505", "flag": "d m           ", "port": "23"}, {"mac": "00:00:5e:00:01:65", "vlan_name": "vid509", "vlan_id": "509", "flag": "d m           ", "port": "23"}, {"mac": "00:00:5e:00:01:66", "vlan_name": "vid502", "vlan_id": "502", "flag": "d m           ", "port": "23"}, {"mac": "00:00:5e:00:01:66", "vlan_name": "vid512", "vlan_id": "512", "flag": "d m           ", "port": "23"}, {"mac": "00:00:5e:00:01:67", "vlan_name": "vid503", "vlan_id": "503", "flag": "d m           ", "port": "23"}, {"mac": "00:00:5e:00:01:67", "vlan_name": "vid506", "vlan_id": "506", "flag": "d m           ", "port": "23"}, {"mac": "00:00:5e:00:01:68", "vlan_name": "vid504", "vlan_id": "504", "flag": "d m           ", "port": "23"}, {"mac": "00:00:5e:00:01:68", "vlan_name": "vid507", "vlan_id": "507", "flag": "d m           ", "port": "23"}, {"mac": "00:00:5e:00:01:69", "vlan_name": "vid513", "vlan_id": "513", "flag": "d m           ", "port": "23"}, {"mac": "00:00:5e:00:01:72", "vlan_name": "vid514", "vlan_id": "514", "flag": "d m           ", "port": "23"}, {"mac": "00:04:96:7d:e3:1a", "vlan_name": "Enlace_a_GmoMann_R", "vlan_id": "4094", "flag": "d mi          ", "port": "24"}, {"mac": "00:04:96:7d:e3:1a", "vlan_name": "vid500", "vlan_id": "500", "flag": "d mi          ", "port": "23"}, {"mac": "00:04:96:7d:e3:1a", "vlan_name": "vid501", "vlan_id": "501", "flag": "d mi          ", "port": "23"}, {"mac": "00:04:96:7d:e3:1a", "vlan_name": "vid502", "vlan_id": "502", "flag": "d m           ", "port": "23"}, {"mac": "00:04:96:7d:e3:1a", "vlan_name": "vid503", "vlan_id": "503", "flag": "d mi          ", "port": "23"}, {"mac": "00:04:96:7d:e3:1a", "vlan_name": "vid504", "vlan_id": "504", "flag": "d mi          ", "port": "23"}, {"mac": "00:04:96:7d:e3:1a", "vlan_name": "vid505", "vlan_id": "505", "flag": "d mi          ", "port": "23"}, {"mac": "00:04:96:7d:e3:1a", "vlan_name": "vid506", "vlan_id": "506", "flag": "d mi          ", "port": "23"}, {"mac": "00:04:96:7d:e3:1a", "vlan_name": "vid507", "vlan_id": "507", "flag": "d mi          ", "port": "23"}, {"mac": "00:04:96:7d:e3:1a", "vlan_name": "vid508", "vlan_id": "508", "flag": "d mi          ", "port": "23"}, {"mac": "00:04:96:7d:e3:1a", "vlan_name": "vid512", "vlan_id": "512", "flag": "d mi          ", "port": "23"}, {"mac": "00:04:96:7d:e3:1a", "vlan_name": "vid509", "vlan_id": "509", "flag": "d mi          ", "port": "23"}, {"mac": "00:04:96:7d:e3:1a", "vlan_name": "vid513", "vlan_id": "513", "flag": "d mi          ", "port": "23"}, {"mac": "00:04:96:7d:e3:1a", "vlan_name": "vid514", "vlan_id": "514", "flag": "d mi          ", "port": "23"}, {"mac": "00:04:96:7d:e3:1e", "vlan_name": "Interswitch", "vlan_id": "4093", "flag": "d mi          ", "port": "23"}, {"mac": "00:04:96:7d:e3:1e", "vlan_name": "vid500", "vlan_id": "500", "flag": "d mi          ", "port": "23"}, {"mac": "00:04:96:7d:e3:1e", "vlan_name": "vid501", "vlan_id": "501", "flag": "d mi          ", "port": "23"}, {"mac": "00:04:96:7d:e3:1e", "vlan_name": "vid503", "vlan_id": "503", "flag": "d mi          ", "port": "23"}, {"mac": "00:04:96:7d:e3:1e", "vlan_name": "vid504", "vlan_id": "504", "flag": "d mi          ", "port": "23"}, {"mac": "00:04:96:7d:e3:1e", "vlan_name": "vid505", "vlan_id": "505", "flag": "d mi          ", "port": "23"}, {"mac": "00:04:96:7d:e3:1e", "vlan_name": "vid506", "vlan_id": "506", "flag": "d mi          ", "port": "23"}, {"mac": "00:04:96:7d:e3:1e", "vlan_name": "vid507", "vlan_id": "507", "flag": "d mi          ", "port": "23"}, {"mac": "00:04:96:7d:e3:1e", "vlan_name": "vid508", "vlan_id": "508", "flag": "d mi          ", "port": "23"}, {"mac": "00:04:96:7d:e3:1e", "vlan_name": "vid512", "vlan_id": "512", "flag": "d mi          ", "port": "23"}, {"mac": "00:04:96:7d:e3:1e", "vlan_name": "InterSwitch_2", "vlan_id": "2001", "flag": "d mi          ", "port": "23"}, {"mac": "00:04:96:7d:e3:1e", "vlan_name": "vid509", "vlan_id": "509", "flag": "d mi          ", "port": "23"}, {"mac": "00:04:96:7d:e3:1e", "vlan_name": "vid513", "vlan_id": "513", "flag": "d mi          ", "port": "23"}, {"mac": "00:04:96:7d:e3:1e", "vlan_name": "vid514", "vlan_id": "514", "flag": "d mi          ", "port": "23"}, {"mac": "00:04:96:7d:e3:22", "vlan_name": "vid500", "vlan_id": "500", "flag": "d mi          ", "port": "23"}, {"mac": "00:04:96:7d:e3:22", "vlan_name": "vid501", "vlan_id": "501", "flag": "d mi          ", "port": "23"}, {"mac": "00:04:96:7d:e3:22", "vlan_name": "vid502", "vlan_id": "502", "flag": "d mi          ", "port": "23"}, {"mac": "00:04:96:7d:e3:22", "vlan_name": "vid503", "vlan_id": "503", "flag": "d mi          ", "port": "23"}, {"mac": "00:04:96:7d:e3:22", "vlan_name": "vid504", "vlan_id": "504", "flag": "d mi          ", "port": "23"}, {"mac": "00:04:96:7d:e3:22", "vlan_name": "vid505", "vlan_id": "505", "flag": "d mi          ", "port": "23"}, {"mac": "00:04:96:7d:e3:22", "vlan_name": "vid506", "vlan_id": "506", "flag": "d mi          ", "port": "23"}, {"mac": "00:04:96:7d:e3:22", "vlan_name": "vid507", "vlan_id": "507", "flag": "d mi          ", "port": "23"}, {"mac": "00:04:96:7d:e3:22", "vlan_name": "vid508", "vlan_id": "508", "flag": "d mi          ", "port": "23"}, {"mac": "00:04:96:7d:e3:22", "vlan_name": "vid512", "vlan_id": "512", "flag": "d mi          ", "port": "23"}, {"mac": "00:04:96:7d:e3:22", "vlan_name": "vid509", "vlan_id": "509", "flag": "d mi          ", "port": "23"}, {"mac": "00:04:96:7d:e3:22", "vlan_name": "vid513", "vlan_id": "513", "flag": "d mi          ", "port": "23"}, {"mac": "00:04:96:7d:e3:22", "vlan_name": "vid514", "vlan_id": "514", "flag": "d mi          ", "port": "23"}, {"mac": "00:09:0f:7f:3b:ff", "vlan_name": "FW_Rpldo", "vlan_id": "4071", "flag": "d mi          ", "port": "22"}, {"mac": "00:23:eb:72:61:e2", "vlan_name": "vid512", "vlan_id": "512", "flag": "d m           ", "port": "23"}, {"mac": "00:50:56:90:1b:93", "vlan_name": "vid500", "vlan_id": "500", "flag": "d mi          ", "port": "23"}, {"mac": "00:50:56:90:1b:94", "vlan_name": "vid500", "vlan_id": "500", "flag": "d mi          ", "port": "23"}, {"mac": "00:50:56:90:1b:95", "vlan_name": "vid500", "vlan_id": "500", "flag": "d mi          ", "port": "23"}, {"mac": "00:50:56:90:38:09", "vlan_name": "vid500", "vlan_id": "500", "flag": "d mi          ", "port": "23"}, {"mac": "00:50:56:90:58:b7", "vlan_name": "vid500", "vlan_id": "500", "flag": "d mi          ", "port": "23"}, {"mac": "00:50:56:90:6d:8b", "vlan_name": "vid500", "vlan_id": "500", "flag": "d mi          ", "port": "23"}, {"mac": "00:50:56:90:6d:8c", "vlan_name": "vid500", "vlan_id": "500", "flag": "d mi          ", "port": "23"}, {"mac": "00:50:56:90:6d:8d", "vlan_name": "vid500", "vlan_id": "500", "flag": "d mi          ", "port": "23"}, {"mac": "00:50:56:90:6d:8e", "vlan_name": "vid500", "vlan_id": "500", "flag": "d mi          ", "port": "23"}, {"mac": "00:50:56:90:6d:8f", "vlan_name": "vid500", "vlan_id": "500", "flag": "d mi          ", "port": "23"}, {"mac": "00:50:56:90:6d:90", "vlan_name": "vid500", "vlan_id": "500", "flag": "d mi          ", "port": "23"}, {"mac": "00:50:56:90:6d:91", "vlan_name": "vid500", "vlan_id": "500", "flag": "d mi          ", "port": "23"}, {"mac": "00:50:56:90:6d:92", "vlan_name": "vid500", "vlan_id": "500", "flag": "d mi          ", "port": "23"}, {"mac": "00:50:56:90:6d:93", "vlan_name": "vid500", "vlan_id": "500", "flag": "d mi          ", "port": "23"}, {"mac": "00:50:56:90:6d:b8", "vlan_name": "vid500", "vlan_id": "500", "flag": "d mi          ", "port": "23"}, {"mac": "00:50:56:90:6d:ba", "vlan_name": "vid500", "vlan_id": "500", "flag": "d mi          ", "port": "23"}, {"mac": "00:80:9f:8d:be:5c", "vlan_name": "vid504", "vlan_id": "504", "flag": "d mi          ", "port": "23"}, {"mac": "00:80:9f:8d:d9:cc", "vlan_name": "vid504", "vlan_id": "504", "flag": "d mi          ", "port": "23"}, {"mac": "00:80:9f:8e:c3:56", "vlan_name": "vid504", "vlan_id": "504", "flag": "d mi          ", "port": "1"}, {"mac": "00:80:9f:8e:c3:b0", "vlan_name": "vid504", "vlan_id": "504", "flag": "d mi          ", "port": "1"}, {"mac": "00:80:9f:99:62:f7", "vlan_name": "vid507", "vlan_id": "507", "flag": "d mi          ", "port": "23"}, {"mac": "00:80:9f:b7:11:f6", "vlan_name": "vid504", "vlan_id": "504", "flag": "d mi          ", "port": "1"}, {"mac": "00:80:9f:b7:11:fe", "vlan_name": "vid504", "vlan_id": "504", "flag": "d mi          ", "port": "1"}, {"mac": "00:80:9f:b7:12:00", "vlan_name": "vid504", "vlan_id": "504", "flag": "d mi          ", "port": "23"}, {"mac": "00:80:9f:b7:12:02", "vlan_name": "vid504", "vlan_id": "504", "flag": "d mi          ", "port": "23"}, {"mac": "00:80:9f:b7:12:06", "vlan_name": "vid504", "vlan_id": "504", "flag": "d mi          ", "port": "1"}, {"mac": "00:80:9f:b7:12:08", "vlan_name": "vid504", "vlan_id": "504", "flag": "d mi          ", "port": "1"}, {"mac": "00:80:9f:b7:12:0c", "vlan_name": "vid504", "vlan_id": "504", "flag": "d mi          ", "port": "1"}, {"mac": "00:80:9f:b7:12:10", "vlan_name": "vid504", "vlan_id": "504", "flag": "d mi          ", "port": "23"}, {"mac": "00:80:9f:b7:12:14", "vlan_name": "vid504", "vlan_id": "504", "flag": "d mi          ", "port": "1"}, {"mac": "00:80:9f:b7:50:da", "vlan_name": "vid504", "vlan_id": "504", "flag": "d mi          ", "port": "23"}, {"mac": "00:80:9f:b8:69:b9", "vlan_name": "vid505", "vlan_id": "505", "flag": "d mi          ", "port": "23"}, {"mac": "00:80:9f:b8:69:df", "vlan_name": "vid508", "vlan_id": "508", "flag": "d mi          ", "port": "23"}, {"mac": "00:80:9f:b8:69:ec", "vlan_name": "vid508", "vlan_id": "508", "flag": "d mi          ", "port": "23"}, {"mac": "00:80:9f:b8:6a:03", "vlan_name": "vid506", "vlan_id": "506", "flag": "d mi          ", "port": "23"}, {"mac": "00:80:9f:b8:6a:1c", "vlan_name": "vid506", "vlan_id": "506", "flag": "d mi          ", "port": "23"}, {"mac": "00:80:9f:b8:6a:32", "vlan_name": "vid508", "vlan_id": "508", "flag": "d mi          ", "port": "23"}, {"mac": "00:80:9f:b8:6a:5b", "vlan_name": "vid505", "vlan_id": "505", "flag": "d mi          ", "port": "23"}, {"mac": "00:80:9f:b8:6a:ef", "vlan_name": "vid508", "vlan_id": "508", "flag": "d mi          ", "port": "23"}, {"mac": "00:80:9f:b9:0c:5c", "vlan_name": "vid506", "vlan_id": "506", "flag": "d mi          ", "port": "23"}, {"mac": "00:80:9f:bb:03:84", "vlan_name": "vid505", "vlan_id": "505", "flag": "d mi          ", "port": "23"}, {"mac": "00:80:9f:bb:06:a8", "vlan_name": "vid506", "vlan_id": "506", "flag": "d mi          ", "port": "23"}, {"mac": "00:80:9f:bf:7a:66", "vlan_name": "vid504", "vlan_id": "504", "flag": "d mi          ", "port": "23"}, {"mac": "00:80:9f:c6:0b:31", "vlan_name": "vid508", "vlan_id": "508", "flag": "d mi          ", "port": "23"}, {"mac": "00:80:9f:c6:0b:96", "vlan_name": "vid506", "vlan_id": "506", "flag": "d mi          ", "port": "23"}, {"mac": "00:80:9f:c6:0b:97", "vlan_name": "vid506", "vlan_id": "506", "flag": "d mi          ", "port": "23"}, {"mac": "00:80:9f:c6:0b:9a", "vlan_name": "vid513", "vlan_id": "513", "flag": "d mi          ", "port": "23"}, {"mac": "00:80:9f:c6:0b:a5", "vlan_name": "vid506", "vlan_id": "506", "flag": "d mi          ", "port": "23"}, {"mac": "00:80:9f:c8:08:dd", "vlan_name": "vid508", "vlan_id": "508", "flag": "d mi          ", "port": "23"}, {"mac": "00:80:9f:c8:08:e0", "vlan_name": "vid508", "vlan_id": "508", "flag": "d mi          ", "port": "23"}, {"mac": "00:80:9f:c8:08:ee", "vlan_name": "vid505", "vlan_id": "505", "flag": "d mi          ", "port": "23"}, {"mac": "00:80:9f:c8:08:f5", "vlan_name": "vid508", "vlan_id": "508", "flag": "d mi          ", "port": "23"}, {"mac": "00:80:9f:c8:09:0e", "vlan_name": "vid506", "vlan_id": "506", "flag": "d mi          ", "port": "23"}, {"mac": "00:80:9f:c8:09:16", "vlan_name": "vid506", "vlan_id": "506", "flag": "d mi          ", "port": "23"}, {"mac": "00:80:9f:c8:09:18", "vlan_name": "vid508", "vlan_id": "508", "flag": "d mi          ", "port": "23"}, {"mac": "00:80:9f:c8:09:4b", "vlan_name": "vid506", "vlan_id": "506", "flag": "d mi          ", "port": "23"}, {"mac": "00:80:9f:c8:09:6d", "vlan_name": "vid508", "vlan_id": "508", "flag": "d mi          ", "port": "23"}, {"mac": "00:80:9f:c8:09:80", "vlan_name": "vid508", "vlan_id": "508", "flag": "d mi          ", "port": "23"}, {"mac": "00:80:9f:c8:0c:81", "vlan_name": "vid506", "vlan_id": "506", "flag": "d mi          ", "port": "23"}, {"mac": "00:80:9f:c8:0c:87", "vlan_name": "vid506", "vlan_id": "506", "flag": "d mi          ", "port": "23"}, {"mac": "00:80:9f:c8:0c:8e", "vlan_name": "vid505", "vlan_id": "505", "flag": "d mi          ", "port": "23"}, {"mac": "00:80:9f:c8:0c:c5", "vlan_name": "vid508", "vlan_id": "508", "flag": "d mi          ", "port": "23"}, {"mac": "00:80:9f:c8:0d:34", "vlan_name": "vid507", "vlan_id": "507", "flag": "d mi          ", "port": "23"}, {"mac": "00:80:9f:c8:0d:37", "vlan_name": "vid506", "vlan_id": "506", "flag": "d mi          ", "port": "23"}, {"mac": "00:80:9f:c8:0d:3a", "vlan_name": "vid508", "vlan_id": "508", "flag": "d mi          ", "port": "23"}, {"mac": "00:80:9f:c8:1a:50", "vlan_name": "vid508", "vlan_id": "508", "flag": "d mi          ", "port": "23"}, {"mac": "00:80:9f:c8:a2:73", "vlan_name": "vid506", "vlan_id": "506", "flag": "d mi          ", "port": "23"}, {"mac": "00:80:9f:c8:a2:7e", "vlan_name": "vid508", "vlan_id": "508", "flag": "d mi          ", "port": "23"}, {"mac": "00:80:9f:cb:49:83", "vlan_name": "vid505", "vlan_id": "505", "flag": "d mi          ", "port": "23"}, {"mac": "00:80:9f:cb:49:99", "vlan_name": "vid505", "vlan_id": "505", "flag": "d mi          ", "port": "23"}, {"mac": "00:80:9f:d3:0d:71", "vlan_name": "vid508", "vlan_id": "508", "flag": "d mi          ", "port": "23"}, {"mac": "00:80:9f:d3:0e:4a", "vlan_name": "vid506", "vlan_id": "506", "flag": "d mi          ", "port": "23"}, {"mac": "00:80:9f:d3:bd:c9", "vlan_name": "vid513", "vlan_id": "513", "flag": "d mi          ", "port": "23"}, {"mac": "00:80:9f:d3:bd:f2", "vlan_name": "vid506", "vlan_id": "506", "flag": "d mi          ", "port": "23"}, {"mac": "00:80:9f:d3:d3:5a", "vlan_name": "vid505", "vlan_id": "505", "flag": "d mi          ", "port": "23"}, {"mac": "00:80:9f:da:33:fa", "vlan_name": "vid508", "vlan_id": "508", "flag": "d mi          ", "port": "23"}, {"mac": "00:80:9f:da:34:39", "vlan_name": "vid506", "vlan_id": "506", "flag": "d mi          ", "port": "23"}, {"mac": "00:80:9f:da:34:45", "vlan_name": "vid506", "vlan_id": "506", "flag": "d mi          ", "port": "23"}, {"mac": "00:80:9f:da:34:57", "vlan_name": "vid508", "vlan_id": "508", "flag": "d mi          ", "port": "23"}, {"mac": "00:80:9f:da:34:90", "vlan_name": "vid505", "vlan_id": "505", "flag": "d mi          ", "port": "23"}, {"mac": "00:80:9f:dc:9d:2d", "vlan_name": "vid508", "vlan_id": "508", "flag": "d mi          ", "port": "23"}, {"mac": "00:80:9f:dc:a1:3d", "vlan_name": "vid506", "vlan_id": "506", "flag": "d mi          ", "port": "23"}, {"mac": "00:80:9f:dc:a1:44", "vlan_name": "vid513", "vlan_id": "513", "flag": "d mi          ", "port": "23"}, {"mac": "00:80:9f:dc:a1:4a", "vlan_name": "vid508", "vlan_id": "508", "flag": "d mi          ", "port": "23"}, {"mac": "00:80:9f:dc:a1:55", "vlan_name": "vid513", "vlan_id": "513", "flag": "d mi          ", "port": "23"}, {"mac": "00:80:9f:e5:78:45", "vlan_name": "vid513", "vlan_id": "513", "flag": "d mi          ", "port": "23"}, {"mac": "00:80:9f:e5:78:4b", "vlan_name": "vid513", "vlan_id": "513", "flag": "d mi          ", "port": "23"}, {"mac": "00:80:9f:e5:78:53", "vlan_name": "vid513", "vlan_id": "513", "flag": "d mi          ", "port": "23"}, {"mac": "00:80:9f:e5:78:54", "vlan_name": "vid513", "vlan_id": "513", "flag": "d mi          ", "port": "23"}, {"mac": "00:80:9f:e5:78:58", "vlan_name": "vid513", "vlan_id": "513", "flag": "d mi          ", "port": "23"}, {"mac": "00:80:9f:e5:78:71", "vlan_name": "vid513", "vlan_id": "513", "flag": "d mi          ", "port": "23"}, {"mac": "00:80:9f:e5:78:7d", "vlan_name": "vid513", "vlan_id": "513", "flag": "d mi          ", "port": "23"}, {"mac": "00:80:9f:e5:78:7e", "vlan_name": "vid513", "vlan_id": "513", "flag": "d mi          ", "port": "23"}, {"mac": "00:80:9f:e5:78:80", "vlan_name": "vid513", "vlan_id": "513", "flag": "d mi          ", "port": "23"}, {"mac": "00:80:9f:e5:78:82", "vlan_name": "vid513", "vlan_id": "513", "flag": "d mi          ", "port": "23"}, {"mac": "00:80:9f:e5:78:84", "vlan_name": "vid513", "vlan_id": "513", "flag": "d mi          ", "port": "23"}, {"mac": "00:80:9f:e5:78:85", "vlan_name": "vid513", "vlan_id": "513", "flag": "d mi          ", "port": "23"}, {"mac": "00:80:9f:e5:78:86", "vlan_name": "vid513", "vlan_id": "513", "flag": "d mi          ", "port": "23"}, {"mac": "00:80:9f:e5:78:88", "vlan_name": "vid513", "vlan_id": "513", "flag": "d mi          ", "port": "23"}, {"mac": "00:80:9f:e5:78:89", "vlan_name": "vid513", "vlan_id": "513", "flag": "d mi          ", "port": "23"}, {"mac": "00:80:9f:e5:78:8b", "vlan_name": "vid513", "vlan_id": "513", "flag": "d mi          ", "port": "23"}, {"mac": "00:80:9f:e5:78:8c", "vlan_name": "vid513", "vlan_id": "513", "flag": "d mi          ", "port": "23"}, {"mac": "00:80:9f:e5:78:8d", "vlan_name": "vid513", "vlan_id": "513", "flag": "d mi          ", "port": "23"}, {"mac": "00:80:9f:e5:78:90", "vlan_name": "vid513", "vlan_id": "513", "flag": "d mi          ", "port": "23"}, {"mac": "00:80:9f:e5:78:a1", "vlan_name": "vid513", "vlan_id": "513", "flag": "d mi          ", "port": "23"}, {"mac": "00:80:9f:e5:78:ef", "vlan_name": "vid513", "vlan_id": "513", "flag": "d mi          ", "port": "23"}, {"mac": "00:80:9f:e5:78:f6", "vlan_name": "vid513", "vlan_id": "513", "flag": "d mi          ", "port": "23"}, {"mac": "00:80:9f:e5:78:f8", "vlan_name": "vid513", "vlan_id": "513", "flag": "d mi          ", "port": "23"}, {"mac": "00:80:9f:e5:78:fa", "vlan_name": "vid513", "vlan_id": "513", "flag": "d mi          ", "port": "23"}, {"mac": "00:80:9f:e5:78:fb", "vlan_name": "vid513", "vlan_id": "513", "flag": "d mi          ", "port": "23"}, {"mac": "00:80:9f:e5:78:fd", "vlan_name": "vid513", "vlan_id": "513", "flag": "d mi          ", "port": "23"}, {"mac": "00:80:9f:e5:79:01", "vlan_name": "vid513", "vlan_id": "513", "flag": "d mi          ", "port": "23"}, {"mac": "00:80:9f:e5:79:03", "vlan_name": "vid513", "vlan_id": "513", "flag": "d mi          ", "port": "23"}, {"mac": "00:80:9f:e5:79:04", "vlan_name": "vid513", "vlan_id": "513", "flag": "d mi          ", "port": "23"}, {"mac": "00:80:9f:e5:79:09", "vlan_name": "vid513", "vlan_id": "513", "flag": "d mi          ", "port": "23"}, {"mac": "00:80:9f:e5:79:0e", "vlan_name": "vid513", "vlan_id": "513", "flag": "d mi          ", "port": "23"}, {"mac": "00:80:9f:e5:79:0f", "vlan_name": "vid513", "vlan_id": "513", "flag": "d mi          ", "port": "23"}, {"mac": "00:80:9f:e5:79:10", "vlan_name": "vid513", "vlan_id": "513", "flag": "d mi          ", "port": "23"}, {"mac": "00:80:9f:e5:79:11", "vlan_name": "vid513", "vlan_id": "513", "flag": "d mi          ", "port": "23"}, {"mac": "00:80:9f:e5:79:16", "vlan_name": "vid513", "vlan_id": "513", "flag": "d mi          ", "port": "23"}, {"mac": "00:80:9f:e5:79:18", "vlan_name": "vid513", "vlan_id": "513", "flag": "d mi          ", "port": "23"}, {"mac": "00:80:9f:e5:79:19", "vlan_name": "vid513", "vlan_id": "513", "flag": "d mi          ", "port": "23"}, {"mac": "00:80:9f:e5:79:1a", "vlan_name": "vid513", "vlan_id": "513", "flag": "d mi          ", "port": "23"}, {"mac": "00:80:9f:e5:79:1b", "vlan_name": "vid513", "vlan_id": "513", "flag": "d mi          ", "port": "23"}, {"mac": "00:80:9f:e5:79:1c", "vlan_name": "vid513", "vlan_id": "513", "flag": "d mi          ", "port": "23"}, {"mac": "00:80:9f:e5:79:1d", "vlan_name": "vid513", "vlan_id": "513", "flag": "d mi          ", "port": "23"}, {"mac": "00:80:9f:e5:79:1f", "vlan_name": "vid513", "vlan_id": "513", "flag": "d mi          ", "port": "23"}, {"mac": "00:80:9f:e5:79:20", "vlan_name": "vid513", "vlan_id": "513", "flag": "d mi          ", "port": "23"}, {"mac": "00:80:9f:e5:79:22", "vlan_name": "vid513", "vlan_id": "513", "flag": "d mi          ", "port": "23"}, {"mac": "00:80:9f:e5:79:24", "vlan_name": "vid513", "vlan_id": "513", "flag": "d mi          ", "port": "23"}, {"mac": "00:80:9f:e5:79:2c", "vlan_name": "vid513", "vlan_id": "513", "flag": "d mi          ", "port": "23"}, {"mac": "00:80:9f:e5:79:2d", "vlan_name": "vid513", "vlan_id": "513", "flag": "d mi          ", "port": "23"}, {"mac": "00:80:9f:e5:79:2e", "vlan_name": "vid513", "vlan_id": "513", "flag": "d mi          ", "port": "23"}, {"mac": "00:80:9f:e5:79:46", "vlan_name": "vid513", "vlan_id": "513", "flag": "d mi          ", "port": "23"}, {"mac": "00:80:9f:e5:79:49", "vlan_name": "vid513", "vlan_id": "513", "flag": "d mi          ", "port": "23"}, {"mac": "00:80:9f:e5:79:ca", "vlan_name": "vid513", "vlan_id": "513", "flag": "d mi          ", "port": "23"}, {"mac": "00:80:9f:e5:7a:9c", "vlan_name": "vid513", "vlan_id": "513", "flag": "d mi          ", "port": "23"}, {"mac": "00:80:9f:e5:7a:9d", "vlan_name": "vid513", "vlan_id": "513", "flag": "d mi          ", "port": "23"}, {"mac": "00:80:9f:e5:7a:9e", "vlan_name": "vid513", "vlan_id": "513", "flag": "d mi          ", "port": "23"}, {"mac": "00:80:9f:e5:b3:85", "vlan_name": "vid505", "vlan_id": "505", "flag": "d mi          ", "port": "23"}, {"mac": "00:80:9f:e5:b3:90", "vlan_name": "vid506", "vlan_id": "506", "flag": "d mi          ", "port": "23"}, {"mac": "00:80:9f:e5:b4:06", "vlan_name": "vid506", "vlan_id": "506", "flag": "d mi          ", "port": "23"}, {"mac": "00:80:9f:e5:b5:8d", "vlan_name": "vid507", "vlan_id": "507", "flag": "d mi          ", "port": "23"}, {"mac": "00:80:9f:f3:a9:3a", "vlan_name": "vid504", "vlan_id": "504", "flag": "d mi          ", "port": "1"}, {"mac": "00:80:9f:f4:51:b0", "vlan_name": "vid504", "vlan_id": "504", "flag": "d mi          ", "port": "23"}, {"mac": "08:f1:ea:75:b9:69", "vlan_name": "vid504", "vlan_id": "504", "flag": "d mi          ", "port": "23"}, {"mac": "08:f1:ea:eb:22:3a", "vlan_name": "vid504", "vlan_id": "504", "flag": "d m           ", "port": "1"}, {"mac": "08:f1:ea:ef:ab:98", "vlan_name": "vid504", "vlan_id": "504", "flag": "d m           ", "port": "23"}, {"mac": "34:40:b5:a1:21:e6", "vlan_name": "vid500", "vlan_id": "500", "flag": "d mi          ", "port": "23"}, {"mac": "34:40:b5:a1:2e:ba", "vlan_name": "vid500", "vlan_id": "500", "flag": "d mi          ", "port": "23"}, {"mac": "34:40:b5:a1:2f:c6", "vlan_name": "vid500", "vlan_id": "500", "flag": "d mi          ", "port": "23"}, {"mac": "34:40:b5:a1:33:f2", "vlan_name": "vid500", "vlan_id": "500", "flag": "d mi          ", "port": "23"}, {"mac": "34:40:b5:a1:34:3a", "vlan_name": "vid500", "vlan_id": "500", "flag": "d mi          ", "port": "23"}, {"mac": "34:40:b5:a1:34:3e", "vlan_name": "vid500", "vlan_id": "500", "flag": "d mi          ", "port": "23"}, {"mac": "34:40:b5:a1:34:46", "vlan_name": "vid500", "vlan_id": "500", "flag": "d mi          ", "port": "23"}, {"mac": "34:40:b5:a1:34:92", "vlan_name": "vid500", "vlan_id": "500", "flag": "d mi          ", "port": "23"}, {"mac": "34:40:b5:a1:35:46", "vlan_name": "vid500", "vlan_id": "500", "flag": "d mi          ", "port": "23"}, {"mac": "34:40:b5:a6:05:ec", "vlan_name": "vid503", "vlan_id": "503", "flag": "d mi          ", "port": "1"}, {"mac": "34:40:b5:a6:44:5c", "vlan_name": "vid503", "vlan_id": "503", "flag": "d mi          ", "port": "1"}, {"mac": "34:40:b5:a6:44:6c", "vlan_name": "vid501", "vlan_id": "501", "flag": "d mi          ", "port": "23"}, {"mac": "34:40:b5:a6:44:d4", "vlan_name": "vid503", "vlan_id": "503", "flag": "d mi          ", "port": "1"}, {"mac": "34:40:b5:a6:46:6c", "vlan_name": "vid501", "vlan_id": "501", "flag": "d mi          ", "port": "23"}, {"mac": "34:40:b5:a6:5e:38", "vlan_name": "vid503", "vlan_id": "503", "flag": "d mi          ", "port": "23"}, {"mac": "52:54:00:95:92:01", "vlan_name": "vid504", "vlan_id": "504", "flag": "d mi          ", "port": "1"}, {"mac": "52:54:00:ef:f4:e1", "vlan_name": "vid504", "vlan_id": "504", "flag": "d mi          ", "port": "23"}, {"mac": "6c:ae:8b:66:ba:16", "vlan_name": "vid500", "vlan_id": "500", "flag": "d mi          ", "port": "23"}, {"mac": "6c:ae:8b:6b:9c:00", "vlan_name": "vid503", "vlan_id": "503", "flag": "d mi          ", "port": "23"}, {"mac": "6c:ae:8b:6b:9c:02", "vlan_name": "vid502", "vlan_id": "502", "flag": "d m           ", "port": "23"}, {"mac": "98:be:94:21:f4:eb", "vlan_name": "vid500", "vlan_id": "500", "flag": "d mi          ", "port": "23"}, {"mac": "e8:e7:32:41:6e:8e", "vlan_name": "vid512", "vlan_id": "512", "flag": "d mi          ", "port": "23"}, {"mac": "e8:e7:32:41:6e:8e", "vlan_name": "vid509", "vlan_id": "509", "flag": "d mi          ", "port": "23"}, {"mac": "e8:e7:32:41:73:a0", "vlan_name": "vid512", "vlan_id": "512", "flag": "d mi          ", "port": "1"}, {"mac": "e8:e7:32:45:ac:d2", "vlan_name": "vid512", "vlan_id": "512", "flag": "d mi          ", "port": "23"}, {"mac": "e8:e7:32:4f:2d:24", "vlan_name": "vid512", "vlan_id": "512", "flag": "d mi          ", "port": "23"}, {"mac": "e8:e7:32:4f:2e:04", "vlan_name": "vid512", "vlan_id": "512", "flag": "d m           ", "port": "23"}, {"mac": "e8:e7:32:4f:3d:38", "vlan_name": "vid512", "vlan_id": "512", "flag": "d mi          ", "port": "23"}, {"mac": "e8:e7:32:4f:40:80", "vlan_name": "vid512", "vlan_id": "512", "flag": "d mi          ", "port": "23"}, {"mac": "e8:e7:32:4f:47:48", "vlan_name": "vid512", "vlan_id": "512", "flag": "d mi          ", "port": "23"}, {"mac": "e8:e7:32:4f:48:44", "vlan_name": "vid512", "vlan_id": "512", "flag": "d mi          ", "port": "23"}, {"mac": "e8:e7:32:4f:49:94", "vlan_name": "vid512", "vlan_id": "512", "flag": "d mi          ", "port": "23"}, {"mac": "e8:e7:32:4f:4f:de", "vlan_name": "vid512", "vlan_id": "512", "flag": "d mi          ", "port": "23"}, {"mac": "e8:e7:32:f6:ce:8a", "vlan_name": "vid512", "vlan_id": "512", "flag": "d mi          ", "port": "23"}, {"mac": "f4:4d:30:71:e2:24", "vlan_name": "vid513", "vlan_id": "513", "flag": "d mi          ", "port": "23"}]