[{"vlan_name": "Core1", "vlan_id": "4092"}, {"vlan_name": "Core2", "vlan_id": "4091"}, {"vlan_name": "Default", "vlan_id": "1"}, {"vlan_name": "loop_id", "vlan_id": "4090"}, {"vlan_name": "Mgmt", "vlan_id": "4095"}, {"vlan_name": "PDI", "vlan_id": "141"}, {"vlan_name": "PDI2", "vlan_id": "132"}, {"vlan_name": "PDI3", "vlan_id": "142"}, {"vlan_name": "PDI_Omnichannel", "vlan_id": "4086"}, {"vlan_name": "PDI_SAT_AR", "vlan_id": "4080"}, {"vlan_name": "PDI_SAT_CO", "vlan_id": "4070"}, {"vlan_name": "PDI_SOD_AR_ACI", "vlan_id": "2160"}, {"vlan_name": "Respaldos", "vlan_id": "4085"}]