[{"port": "Port", "neighbor": "Neighbor", "neighbor_id": "Neighbor-ID", "remote_port": "Remote", "num_vlans": "Num"}, {"port": "1:2", "neighbor": "LV_RQ35C_PDI_04", "neighbor_id": "00:00:00:04:96:99:1c:49", "remote_port": "1:23", "num_vlans": "3"}, {"port": "1:4", "neighbor": "LV_RQ35C_PDI_04", "neighbor_id": "00:00:00:04:96:99:1c:49", "remote_port": "1:24", "num_vlans": "3"}, {"port": "1:21", "neighbor": "LV_RD35C_RESP_04", "neighbor_id": "00:00:00:04:96:82:5a:75", "remote_port": "1:21", "num_vlans": "3"}, {"port": "1:23", "neighbor": "LV_RQ35_PDI_08", "neighbor_id": "00:00:00:04:96:99:1c:46", "remote_port": "1:28", "num_vlans": "1"}, {"port": "1:26", "neighbor": "LV_RQ35C_PDI_04", "neighbor_id": "00:00:00:04:96:99:1c:49", "remote_port": "1:28", "num_vlans": "3"}, {"port": "1:27", "neighbor": "LV_RD35C_PDI_03", "neighbor_id": "00:00:00:04:96:98:5b:f3", "remote_port": "1:28", "num_vlans": "3"}, {"port": "1:28", "neighbor": "LV_RG27_PDI_03", "neighbor_id": "00:00:00:04:96:83:87:f3", "remote_port": "1:28", "num_vlans": "3"}, {"port": "1:29", "neighbor": "LV_RL27_CORE_01", "neighbor_id": "00:00:00:04:96:43:e3:10", "remote_port": "7:5", "num_vlans": "3"}, {"port": "2:2", "neighbor": "CDLV_RD24_Stack-Omnichan", "neighbor_id": "00:00:02:04:96:99:59:3e", "remote_port": "1:35", "num_vlans": "6"}, {"port": "2:16", "neighbor": "LV_RM26_PDI_SAT_PERU", "neighbor_id": "00:00:00:04:96:9b:42:ae", "remote_port": "1:1", "num_vlans": "3"}, {"port": "2:29", "neighbor": "LV_RL28_CORE_02", "neighbor_id": "00:00:00:04:96:43:bc:80", "remote_port": "7:5", "num_vlans": "3"}, {"port": "2:30", "neighbor": "LV_RO13_PDI_02", "neighbor_id": "00:00:00:04:96:83:97:62", "remote_port": "1:29", "num_vlans": "5"}]