[{"local_port": "1", "neighbor_port_id": "\"X6\"", "neighbor_system_name": "\"VCEFX3C43170060"}, {"local_port": "1", "neighbor_port_id": "\"46\"", "neighbor_system_name": "\""}, {"local_port": "1", "neighbor_port_id": "\"7:5\"", "neighbor_system_name": "\"LV_RL27_CORE_01\""}, {"local_port": "2", "neighbor_port_id": "\"1:35\"", "neighbor_system_name": "\"CDLV_RD24_Stack-Omnichannel\""}, {"local_port": "2", "neighbor_port_id": "\"45\"", "neighbor_system_name": "\""}, {"local_port": "2", "neighbor_port_id": "\"X6\"", "neighbor_system_name": "\"VCEFX3C431700AL"}, {"local_port": "2", "neighbor_port_id": "\"46\"", "neighbor_system_name": "\""}, {"local_port": "2", "neighbor_port_id": "\"7:5\"", "neighbor_system_name": "\"LV_RL28_CORE_02\""}, {"local_port": "2", "neighbor_port_id": "\"29\"", "neighbor_system_name": ""}]