[{"mac": "00:04:96:28:16:6b", "vlan_name": "Consolas", "vlan_id": "4093", "flag": "d m          ", "port": "1"}, {"mac": "00:04:96:36:64:8c", "vlan_name": "Consolas", "vlan_id": "4093", "flag": "d m          ", "port": "5"}, {"mac": "00:04:96:36:8b:1a", "vlan_name": "Consolas", "vlan_id": "4093", "flag": "d m          ", "port": "1"}, {"mac": "00:04:96:36:8b:22", "vlan_name": "Consolas", "vlan_id": "4093", "flag": "d m          ", "port": "1"}, {"mac": "00:04:96:36:c7:51", "vlan_name": "Consolas", "vlan_id": "4093", "flag": "d m          ", "port": "1"}, {"mac": "00:04:96:36:fb:c7", "vlan_name": "Consolas", "vlan_id": "4093", "flag": "d m          ", "port": "1"}, {"mac": "00:04:96:51:de:c5", "vlan_name": "Consolas", "vlan_id": "4093", "flag": "d m          ", "port": "1"}, {"mac": "00:04:96:52:18:50", "vlan_name": "Consolas", "vlan_id": "4093", "flag": "d m          ", "port": "1"}, {"mac": "00:04:96:52:18:9a", "vlan_name": "Consolas", "vlan_id": "4093", "flag": "d m          ", "port": "1"}, {"mac": "00:04:96:52:2c:c2", "vlan_name": "Consolas", "vlan_id": "4093", "flag": "d m          ", "port": "1"}, {"mac": "00:04:96:52:43:06", "vlan_name": "Consolas", "vlan_id": "4093", "flag": "d m          ", "port": "1"}, {"mac": "00:04:96:52:43:83", "vlan_name": "Consolas", "vlan_id": "4093", "flag": "d m          ", "port": "1"}, {"mac": "00:04:96:52:43:d4", "vlan_name": "Consolas", "vlan_id": "4093", "flag": "d m          ", "port": "1"}, {"mac": "00:04:96:6d:6c:ce", "vlan_name": "Consolas", "vlan_id": "4093", "flag": "d m          ", "port": "1"}, {"mac": "00:04:96:7d:e3:1c", "vlan_name": "Consolas", "vlan_id": "4093", "flag": "d m          ", "port": "1"}, {"mac": "00:04:96:7d:e3:1e", "vlan_name": "Consolas", "vlan_id": "4093", "flag": "d m          ", "port": "1"}, {"mac": "00:04:96:7d:e8:9a", "vlan_name": "Consolas", "vlan_id": "4093", "flag": "d m          ", "port": "1"}, {"mac": "00:04:96:7d:e8:a2", "vlan_name": "Consolas", "vlan_id": "4093", "flag": "d m          ", "port": "1"}, {"mac": "00:04:96:7e:03:87", "vlan_name": "Consolas", "vlan_id": "4093", "flag": "d m          ", "port": "1"}, {"mac": "00:04:96:7e:30:be", "vlan_name": "Consolas", "vlan_id": "4093", "flag": "d m          ", "port": "1"}, {"mac": "00:04:96:82:14:54", "vlan_name": "Consolas", "vlan_id": "4093", "flag": "d m          ", "port": "1"}, {"mac": "00:04:96:82:1a:8a", "vlan_name": "Consolas", "vlan_id": "4093", "flag": "d m          ", "port": "1"}, {"mac": "00:04:96:82:5a:4f", "vlan_name": "Consolas", "vlan_id": "4093", "flag": "d m          ", "port": "1"}, {"mac": "00:04:96:82:5a:71", "vlan_name": "Consolas", "vlan_id": "4093", "flag": "d m          ", "port": "1"}, {"mac": "00:04:96:82:5a:a5", "vlan_name": "Consolas", "vlan_id": "4093", "flag": "d m          ", "port": "1"}, {"mac": "00:04:96:82:60:03", "vlan_name": "Consolas", "vlan_id": "4093", "flag": "d m          ", "port": "1"}, {"mac": "00:04:96:82:60:05", "vlan_name": "Consolas", "vlan_id": "4093", "flag": "d m          ", "port": "1"}, {"mac": "00:04:96:82:60:4e", "vlan_name": "Consolas", "vlan_id": "4093", "flag": "d m          ", "port": "1"}, {"mac": "00:04:96:82:60:50", "vlan_name": "Consolas", "vlan_id": "4093", "flag": "d m          ", "port": "1"}, {"mac": "00:04:96:83:83:9b", "vlan_name": "Consolas", "vlan_id": "4093", "flag": "d m          ", "port": "1"}, {"mac": "00:04:96:83:84:10", "vlan_name": "Consolas", "vlan_id": "4093", "flag": "d m          ", "port": "1"}, {"mac": "00:04:96:83:85:bb", "vlan_name": "Consolas", "vlan_id": "4093", "flag": "d m          ", "port": "1"}, {"mac": "00:04:96:83:87:b0", "vlan_name": "Consolas", "vlan_id": "4093", "flag": "d m          ", "port": "1"}, {"mac": "00:04:96:83:87:f3", "vlan_name": "Consolas", "vlan_id": "4093", "flag": "d m          ", "port": "1"}, {"mac": "00:04:96:8b:8f:d6", "vlan_name": "Consolas", "vlan_id": "4093", "flag": "d m          ", "port": "1"}, {"mac": "00:04:96:8b:90:00", "vlan_name": "Consolas", "vlan_id": "4093", "flag": "d m          ", "port": "1"}, {"mac": "00:04:96:8b:90:05", "vlan_name": "Consolas", "vlan_id": "4093", "flag": "d m          ", "port": "1"}, {"mac": "00:04:96:8b:90:17", "vlan_name": "Consolas", "vlan_id": "4093", "flag": "d m          ", "port": "1"}, {"mac": "00:04:96:8b:90:66", "vlan_name": "Consolas", "vlan_id": "4093", "flag": "d m          ", "port": "1"}, {"mac": "00:04:96:8b:97:f4", "vlan_name": "Consolas", "vlan_id": "4093", "flag": "d m          ", "port": "1"}, {"mac": "00:04:96:8b:98:1b", "vlan_name": "Consolas", "vlan_id": "4093", "flag": "d m          ", "port": "1"}, {"mac": "00:04:96:8b:98:55", "vlan_name": "Consolas", "vlan_id": "4093", "flag": "d m          ", "port": "1"}, {"mac": "00:04:96:8f:bb:61", "vlan_name": "Consolas", "vlan_id": "4093", "flag": "d m          ", "port": "1"}, {"mac": "00:04:96:8f:bb:67", "vlan_name": "Consolas", "vlan_id": "4093", "flag": "d m          ", "port": "1"}, {"mac": "00:04:96:97:87:13", "vlan_name": "Consolas", "vlan_id": "4093", "flag": "d m          ", "port": "1"}, {"mac": "00:04:96:97:88:b9", "vlan_name": "Consolas", "vlan_id": "4093", "flag": "d m          ", "port": "1"}, {"mac": "00:04:96:97:8b:f8", "vlan_name": "Consolas", "vlan_id": "4093", "flag": "d m          ", "port": "1"}, {"mac": "00:04:96:97:8d:77", "vlan_name": "Consolas", "vlan_id": "4093", "flag": "d m          ", "port": "1"}, {"mac": "00:04:96:97:c4:f2", "vlan_name": "Consolas", "vlan_id": "4093", "flag": "d m          ", "port": "1"}, {"mac": "00:04:96:97:d3:3d", "vlan_name": "Consolas", "vlan_id": "4093", "flag": "d m          ", "port": "1"}, {"mac": "00:04:96:97:e5:fd", "vlan_name": "Consolas", "vlan_id": "4093", "flag": "d m          ", "port": "1"}, {"mac": "00:04:96:98:6e:ba", "vlan_name": "Consolas", "vlan_id": "4093", "flag": "d m          ", "port": "1"}, {"mac": "00:04:96:98:c9:48", "vlan_name": "Consolas", "vlan_id": "4093", "flag": "d m          ", "port": "1"}, {"mac": "00:04:96:98:cc:65", "vlan_name": "Consolas", "vlan_id": "4093", "flag": "d m          ", "port": "1"}, {"mac": "00:04:96:98:cc:ab", "vlan_name": "Consolas", "vlan_id": "4093", "flag": "d m          ", "port": "1"}, {"mac": "00:04:96:99:1c:46", "vlan_name": "Consolas", "vlan_id": "4093", "flag": "d m          ", "port": "1"}, {"mac": "00:04:96:99:1c:47", "vlan_name": "Consolas", "vlan_id": "4093", "flag": "d m          ", "port": "1"}, {"mac": "00:04:96:99:1c:49", "vlan_name": "Consolas", "vlan_id": "4093", "flag": "d m          ", "port": "1"}, {"mac": "00:04:96:99:64:a0", "vlan_name": "Consolas", "vlan_id": "4093", "flag": "d m          ", "port": "1"}, {"mac": "00:04:96:99:65:36", "vlan_name": "Consolas", "vlan_id": "4093", "flag": "d m          ", "port": "1"}, {"mac": "00:04:96:9b:42:ae", "vlan_name": "Consolas", "vlan_id": "4093", "flag": "d m          ", "port": "1"}, {"mac": "00:05:1e:72:94:74", "vlan_name": "Consolas", "vlan_id": "4093", "flag": "d m          ", "port": "1"}, {"mac": "00:11:25:41:94:6d", "vlan_name": "Consolas", "vlan_id": "4093", "flag": "d m          ", "port": "1"}, {"mac": "00:14:5e:0a:70:8e", "vlan_name": "Consolas", "vlan_id": "4093", "flag": "d m          ", "port": "1"}, {"mac": "00:1a:64:e3:74:27", "vlan_name": "Consolas", "vlan_id": "4093", "flag": "d m          ", "port": "11"}, {"mac": "00:1f:29:6d:90:41", "vlan_name": "Consolas", "vlan_id": "4093", "flag": "d m          ", "port": "1"}, {"mac": "00:1f:67:b0:43:34", "vlan_name": "Consolas", "vlan_id": "4093", "flag": "d m          ", "port": "1"}, {"mac": "00:21:5e:5e:1a:85", "vlan_name": "Consolas", "vlan_id": "4093", "flag": "d m          ", "port": "1"}, {"mac": "00:21:5e:5e:62:39", "vlan_name": "Consolas", "vlan_id": "4093", "flag": "d m          ", "port": "1"}, {"mac": "00:21:5e:cb:9f:49", "vlan_name": "Consolas", "vlan_id": "4093", "flag": "d m          ", "port": "1"}, {"mac": "00:22:64:f4:55:b2", "vlan_name": "Consolas", "vlan_id": "4093", "flag": "d m          ", "port": "10"}, {"mac": "00:24:81:76:2b:82", "vlan_name": "Consolas", "vlan_id": "4093", "flag": "d m          ", "port": "1"}, {"mac": "00:25:90:93:f2:be", "vlan_name": "Consolas", "vlan_id": "4093", "flag": "d m          ", "port": "1"}, {"mac": "00:26:55:26:37:ee", "vlan_name": "Consolas", "vlan_id": "4093", "flag": "d m          ", "port": "1"}, {"mac": "00:50:56:75:37:58", "vlan_name": "Consolas", "vlan_id": "4093", "flag": "d m          ", "port": "1"}, {"mac": "00:60:16:3a:01:73", "vlan_name": "Consolas", "vlan_id": "4093", "flag": "d m          ", "port": "1"}, {"mac": "00:60:16:3a:01:a1", "vlan_name": "Consolas", "vlan_id": "4093", "flag": "d m          ", "port": "1"}, {"mac": "00:e0:27:12:d6:28", "vlan_name": "Consolas", "vlan_id": "4093", "flag": "d m          ", "port": "1"}, {"mac": "00:e0:27:12:f0:ea", "vlan_name": "Consolas", "vlan_id": "4093", "flag": "d m          ", "port": "1"}, {"mac": "00:e0:ec:29:a7:c0", "vlan_name": "Consolas", "vlan_id": "4093", "flag": "d m          ", "port": "1"}, {"mac": "02:04:96:7e:13:cc", "vlan_name": "Consolas", "vlan_id": "4093", "flag": "d m          ", "port": "1"}, {"mac": "02:04:96:97:ca:f7", "vlan_name": "Consolas", "vlan_id": "4093", "flag": "d m          ", "port": "1"}, {"mac": "02:04:96:98:80:b5", "vlan_name": "Consolas", "vlan_id": "4093", "flag": "d m          ", "port": "1"}, {"mac": "02:04:96:98:fb:39", "vlan_name": "Consolas", "vlan_id": "4093", "flag": "d m          ", "port": "1"}, {"mac": "02:04:96:99:0c:87", "vlan_name": "Consolas", "vlan_id": "4093", "flag": "d m          ", "port": "1"}, {"mac": "02:04:96:99:59:3e", "vlan_name": "Consolas", "vlan_id": "4093", "flag": "d m          ", "port": "1"}, {"mac": "08:00:1b:00:4f:f8", "vlan_name": "Consolas", "vlan_id": "4093", "flag": "d m          ", "port": "1"}, {"mac": "08:94:ef:4d:f6:1a", "vlan_name": "Consolas", "vlan_id": "4093", "flag": "d m          ", "port": "1"}, {"mac": "0c:c4:7a:40:0f:99", "vlan_name": "Consolas", "vlan_id": "4093", "flag": "d m          ", "port": "1"}, {"mac": "0c:c4:7a:74:f6:c6", "vlan_name": "Consolas", "vlan_id": "4093", "flag": "d m          ", "port": "1"}, {"mac": "0c:c4:7a:97:de:90", "vlan_name": "Consolas", "vlan_id": "4093", "flag": "d m          ", "port": "1"}, {"mac": "0e:c4:7a:74:f7:a2", "vlan_name": "Consolas", "vlan_id": "4093", "flag": "d m          ", "port": "1"}, {"mac": "10:60:4b:a3:89:0b", "vlan_name": "Consolas", "vlan_id": "4093", "flag": "d m          ", "port": "1"}, {"mac": "10:60:4b:a3:b9:e1", "vlan_name": "Consolas", "vlan_id": "4093", "flag": "d m          ", "port": "1"}, {"mac": "10:60:4b:a3:bb:41", "vlan_name": "Consolas", "vlan_id": "4093", "flag": "d m          ", "port": "1"}, {"mac": "10:60:4b:a5:40:7b", "vlan_name": "Consolas", "vlan_id": "4093", "flag": "d m          ", "port": "1"}, {"mac": "1c:c1:de:78:1e:46", "vlan_name": "Consolas", "vlan_id": "4093", "flag": "d m          ", "port": "4"}, {"mac": "1c:c1:de:ea:c4:7a", "vlan_name": "Consolas", "vlan_id": "4093", "flag": "d m          ", "port": "12"}, {"mac": "34:40:b5:97:2b:85", "vlan_name": "Consolas", "vlan_id": "4093", "flag": "d m          ", "port": "1"}, {"mac": "34:40:b5:97:52:11", "vlan_name": "Consolas", "vlan_id": "4093", "flag": "d m          ", "port": "1"}, {"mac": "34:40:b5:98:a9:bd", "vlan_name": "Consolas", "vlan_id": "4093", "flag": "d m          ", "port": "1"}, {"mac": "34:40:b5:99:4e:21", "vlan_name": "Consolas", "vlan_id": "4093", "flag": "d m          ", "port": "1"}, {"mac": "34:40:b5:9a:33:f1", "vlan_name": "Consolas", "vlan_id": "4093", "flag": "d m          ", "port": "1"}, {"mac": "34:40:b5:9a:34:39", "vlan_name": "Consolas", "vlan_id": "4093", "flag": "d m          ", "port": "1"}, {"mac": "34:40:b5:9a:34:91", "vlan_name": "Consolas", "vlan_id": "4093", "flag": "d m          ", "port": "1"}, {"mac": "34:40:b5:9a:7a:8d", "vlan_name": "Consolas", "vlan_id": "4093", "flag": "d m          ", "port": "1"}, {"mac": "34:40:b5:a6:6b:62", "vlan_name": "Consolas", "vlan_id": "4093", "flag": "d m          ", "port": "1"}, {"mac": "34:40:b5:d4:c2:34", "vlan_name": "Consolas", "vlan_id": "4093", "flag": "d m          ", "port": "1"}, {"mac": "34:40:b5:f9:b0:fd", "vlan_name": "Consolas", "vlan_id": "4093", "flag": "d m          ", "port": "1"}, {"mac": "34:40:b5:fa:6e:4d", "vlan_name": "Consolas", "vlan_id": "4093", "flag": "d m          ", "port": "1"}, {"mac": "34:40:b5:fa:6f:55", "vlan_name": "Consolas", "vlan_id": "4093", "flag": "d m          ", "port": "1"}, {"mac": "34:40:b5:ff:1a:55", "vlan_name": "Consolas", "vlan_id": "4093", "flag": "d m          ", "port": "1"}, {"mac": "3c:4a:92:e3:f2:4f", "vlan_name": "Consolas", "vlan_id": "4093", "flag": "d m          ", "port": "1"}, {"mac": "40:f2:e9:00:4b:c1", "vlan_name": "Consolas", "vlan_id": "4093", "flag": "d m          ", "port": "1"}, {"mac": "40:f2:e9:07:00:5e", "vlan_name": "Consolas", "vlan_id": "4093", "flag": "d m          ", "port": "1"}, {"mac": "40:f2:e9:07:0e:76", "vlan_name": "Consolas", "vlan_id": "4093", "flag": "d m          ", "port": "1"}, {"mac": "40:f2:e9:07:b0:c6", "vlan_name": "Consolas", "vlan_id": "4093", "flag": "d m          ", "port": "1"}, {"mac": "40:f2:e9:0d:0d:88", "vlan_name": "Consolas", "vlan_id": "4093", "flag": "d m          ", "port": "1"}, {"mac": "40:f2:e9:11:51:d2", "vlan_name": "Consolas", "vlan_id": "4093", "flag": "d m          ", "port": "1"}, {"mac": "40:f2:e9:20:ab:e6", "vlan_name": "Consolas", "vlan_id": "4093", "flag": "d m          ", "port": "1"}, {"mac": "40:f2:e9:23:b7:ce", "vlan_name": "Consolas", "vlan_id": "4093", "flag": "d m          ", "port": "1"}, {"mac": "40:f2:e9:26:29:06", "vlan_name": "Consolas", "vlan_id": "4093", "flag": "d m          ", "port": "1"}, {"mac": "40:f2:e9:65:b6:c1", "vlan_name": "Consolas", "vlan_id": "4093", "flag": "d m          ", "port": "1"}, {"mac": "40:f2:e9:9b:1d:36", "vlan_name": "Consolas", "vlan_id": "4093", "flag": "d m          ", "port": "1"}, {"mac": "40:f2:e9:bf:1d:c2", "vlan_name": "Consolas", "vlan_id": "4093", "flag": "d m          ", "port": "1"}, {"mac": "40:f2:e9:bf:31:e0", "vlan_name": "Consolas", "vlan_id": "4093", "flag": "d m          ", "port": "1"}, {"mac": "40:f2:e9:bf:33:9c", "vlan_name": "Consolas", "vlan_id": "4093", "flag": "d m          ", "port": "1"}, {"mac": "40:f2:e9:c0:07:7d", "vlan_name": "Consolas", "vlan_id": "4093", "flag": "d m          ", "port": "1"}, {"mac": "40:f2:e9:c0:7d:35", "vlan_name": "Consolas", "vlan_id": "4093", "flag": "d m          ", "port": "1"}, {"mac": "40:f2:e9:c0:7d:81", "vlan_name": "Consolas", "vlan_id": "4093", "flag": "d m          ", "port": "1"}, {"mac": "40:f2:e9:c0:8c:08", "vlan_name": "Consolas", "vlan_id": "4093", "flag": "d m          ", "port": "1"}, {"mac": "40:f2:e9:c0:d4:24", "vlan_name": "Consolas", "vlan_id": "4093", "flag": "d m          ", "port": "1"}, {"mac": "40:f2:e9:d8:b7:36", "vlan_name": "Consolas", "vlan_id": "4093", "flag": "d m          ", "port": "1"}, {"mac": "40:f2:e9:f5:28:f4", "vlan_name": "Consolas", "vlan_id": "4093", "flag": "d m          ", "port": "1"}, {"mac": "50:eb:1a:11:d9:96", "vlan_name": "Consolas", "vlan_id": "4093", "flag": "d m          ", "port": "1"}, {"mac": "5c:f3:fc:0e:64:5d", "vlan_name": "Consolas", "vlan_id": "4093", "flag": "d m          ", "port": "1"}, {"mac": "5c:f3:fc:0e:71:c5", "vlan_name": "Consolas", "vlan_id": "4093", "flag": "d m          ", "port": "1"}, {"mac": "5c:f3:fc:4e:51:d2", "vlan_name": "Consolas", "vlan_id": "4093", "flag": "d m          ", "port": "1"}, {"mac": "5c:f3:fc:51:c1:05", "vlan_name": "Consolas", "vlan_id": "4093", "flag": "d m          ", "port": "23"}, {"mac": "5c:f3:fc:51:c4:b1", "vlan_name": "Consolas", "vlan_id": "4093", "flag": "d m          ", "port": "24"}, {"mac": "5c:f3:fc:51:c6:25", "vlan_name": "Consolas", "vlan_id": "4093", "flag": "d m          ", "port": "21"}, {"mac": "5c:f3:fc:51:c6:75", "vlan_name": "Consolas", "vlan_id": "4093", "flag": "d m          ", "port": "22"}, {"mac": "5c:f3:fc:51:c6:f9", "vlan_name": "Consolas", "vlan_id": "4093", "flag": "d m          ", "port": "18"}, {"mac": "5c:f3:fc:51:c7:8d", "vlan_name": "Consolas", "vlan_id": "4093", "flag": "d m          ", "port": "17"}, {"mac": "5c:f3:fc:51:cc:b1", "vlan_name": "Consolas", "vlan_id": "4093", "flag": "d m          ", "port": "3"}, {"mac": "5c:f3:fc:53:b9:09", "vlan_name": "Consolas", "vlan_id": "4093", "flag": "d m          ", "port": "1"}, {"mac": "5c:f3:fc:7e:10:49", "vlan_name": "Consolas", "vlan_id": "4093", "flag": "d m          ", "port": "1"}, {"mac": "5c:f3:fc:bb:25:15", "vlan_name": "Consolas", "vlan_id": "4093", "flag": "d m          ", "port": "1"}, {"mac": "5c:f3:fc:bb:2e:0d", "vlan_name": "Consolas", "vlan_id": "4093", "flag": "d m          ", "port": "1"}, {"mac": "5c:f3:fc:bc:32:ed", "vlan_name": "Consolas", "vlan_id": "4093", "flag": "d m          ", "port": "1"}, {"mac": "5c:f3:fc:da:25:51", "vlan_name": "Consolas", "vlan_id": "4093", "flag": "d m          ", "port": "1"}, {"mac": "5c:f3:fc:dd:8c:7d", "vlan_name": "Consolas", "vlan_id": "4093", "flag": "d m          ", "port": "1"}, {"mac": "5c:f3:fc:eb:a1:de", "vlan_name": "Consolas", "vlan_id": "4093", "flag": "d m          ", "port": "1"}, {"mac": "5c:f3:fc:eb:c2:68", "vlan_name": "Consolas", "vlan_id": "4093", "flag": "d m          ", "port": "1"}, {"mac": "64:31:50:50:eb:ca", "vlan_name": "Consolas", "vlan_id": "4093", "flag": "d m          ", "port": "1"}, {"mac": "6c:ae:8b:25:43:36", "vlan_name": "Consolas", "vlan_id": "4093", "flag": "d m          ", "port": "1"}, {"mac": "6c:ae:8b:28:11:ee", "vlan_name": "Consolas", "vlan_id": "4093", "flag": "d m          ", "port": "1"}, {"mac": "6c:ae:8b:29:ee:a6", "vlan_name": "Consolas", "vlan_id": "4093", "flag": "d m          ", "port": "1"}, {"mac": "6c:ae:8b:2e:a1:cd", "vlan_name": "Consolas", "vlan_id": "4093", "flag": "d m          ", "port": "1"}, {"mac": "6c:ae:8b:2e:a2:50", "vlan_name": "Consolas", "vlan_id": "4093", "flag": "d m          ", "port": "1"}, {"mac": "6c:ae:8b:2e:a2:68", "vlan_name": "Consolas", "vlan_id": "4093", "flag": "d m          ", "port": "1"}, {"mac": "6c:ae:8b:2e:a7:1c", "vlan_name": "Consolas", "vlan_id": "4093", "flag": "d m          ", "port": "1"}, {"mac": "6c:ae:8b:30:d9:34", "vlan_name": "Consolas", "vlan_id": "4093", "flag": "d m          ", "port": "1"}, {"mac": "6c:ae:8b:30:e9:e5", "vlan_name": "Consolas", "vlan_id": "4093", "flag": "d m          ", "port": "1"}, {"mac": "6c:ae:8b:30:ea:ed", "vlan_name": "Consolas", "vlan_id": "4093", "flag": "d m          ", "port": "1"}, {"mac": "6c:ae:8b:30:eb:d4", "vlan_name": "Consolas", "vlan_id": "4093", "flag": "d m          ", "port": "1"}, {"mac": "6c:ae:8b:30:f0:1d", "vlan_name": "Consolas", "vlan_id": "4093", "flag": "d m          ", "port": "1"}, {"mac": "6c:ae:8b:30:f2:94", "vlan_name": "Consolas", "vlan_id": "4093", "flag": "d m          ", "port": "1"}, {"mac": "6c:ae:8b:30:f4:01", "vlan_name": "Consolas", "vlan_id": "4093", "flag": "d m          ", "port": "1"}, {"mac": "6c:ae:8b:30:f8:31", "vlan_name": "Consolas", "vlan_id": "4093", "flag": "d m          ", "port": "1"}, {"mac": "6c:ae:8b:30:fc:50", "vlan_name": "Consolas", "vlan_id": "4093", "flag": "d m          ", "port": "1"}, {"mac": "6c:ae:8b:30:fd:99", "vlan_name": "Consolas", "vlan_id": "4093", "flag": "d m          ", "port": "1"}, {"mac": "6c:ae:8b:30:fd:b4", "vlan_name": "Consolas", "vlan_id": "4093", "flag": "d m          ", "port": "1"}, {"mac": "6c:ae:8b:30:fd:dc", "vlan_name": "Consolas", "vlan_id": "4093", "flag": "d m          ", "port": "1"}, {"mac": "6c:ae:8b:30:fe:c4", "vlan_name": "Consolas", "vlan_id": "4093", "flag": "d m          ", "port": "1"}, {"mac": "6c:ae:8b:32:00:c1", "vlan_name": "Consolas", "vlan_id": "4093", "flag": "d m          ", "port": "1"}, {"mac": "6c:ae:8b:32:05:8d", "vlan_name": "Consolas", "vlan_id": "4093", "flag": "d m          ", "port": "1"}, {"mac": "6c:ae:8b:32:6c:b1", "vlan_name": "Consolas", "vlan_id": "4093", "flag": "d m          ", "port": "1"}, {"mac": "6c:ae:8b:32:7b:8d", "vlan_name": "Consolas", "vlan_id": "4093", "flag": "d m          ", "port": "1"}, {"mac": "6c:ae:8b:32:d3:15", "vlan_name": "Consolas", "vlan_id": "4093", "flag": "d m          ", "port": "1"}, {"mac": "6c:ae:8b:32:d8:31", "vlan_name": "Consolas", "vlan_id": "4093", "flag": "d m          ", "port": "1"}, {"mac": "6c:ae:8b:32:db:f5", "vlan_name": "Consolas", "vlan_id": "4093", "flag": "d m          ", "port": "1"}, {"mac": "6c:ae:8b:35:67:cd", "vlan_name": "Consolas", "vlan_id": "4093", "flag": "d m          ", "port": "1"}, {"mac": "6c:ae:8b:35:68:f9", "vlan_name": "Consolas", "vlan_id": "4093", "flag": "d m          ", "port": "1"}, {"mac": "6c:ae:8b:35:6a:8d", "vlan_name": "Consolas", "vlan_id": "4093", "flag": "d m          ", "port": "1"}, {"mac": "6c:ae:8b:35:6a:cc", "vlan_name": "Consolas", "vlan_id": "4093", "flag": "d m          ", "port": "1"}, {"mac": "6c:ae:8b:35:6b:a5", "vlan_name": "Consolas", "vlan_id": "4093", "flag": "d m          ", "port": "1"}, {"mac": "6c:ae:8b:35:6d:a9", "vlan_name": "Consolas", "vlan_id": "4093", "flag": "d m          ", "port": "1"}, {"mac": "6c:ae:8b:35:6d:d5", "vlan_name": "Consolas", "vlan_id": "4093", "flag": "d m          ", "port": "1"}, {"mac": "6c:ae:8b:35:6e:b5", "vlan_name": "Consolas", "vlan_id": "4093", "flag": "d m          ", "port": "1"}, {"mac": "6c:ae:8b:35:6f:e5", "vlan_name": "Consolas", "vlan_id": "4093", "flag": "d m          ", "port": "1"}, {"mac": "6c:ae:8b:35:70:cd", "vlan_name": "Consolas", "vlan_id": "4093", "flag": "d m          ", "port": "1"}, {"mac": "6c:ae:8b:35:75:71", "vlan_name": "Consolas", "vlan_id": "4093", "flag": "d m          ", "port": "1"}, {"mac": "6c:ae:8b:35:76:9d", "vlan_name": "Consolas", "vlan_id": "4093", "flag": "d m          ", "port": "1"}, {"mac": "6c:ae:8b:35:95:68", "vlan_name": "Consolas", "vlan_id": "4093", "flag": "d m          ", "port": "1"}, {"mac": "6c:ae:8b:35:97:45", "vlan_name": "Consolas", "vlan_id": "4093", "flag": "d m          ", "port": "1"}, {"mac": "6c:ae:8b:35:a4:bd", "vlan_name": "Consolas", "vlan_id": "4093", "flag": "d m          ", "port": "1"}, {"mac": "6c:ae:8b:35:da:09", "vlan_name": "Consolas", "vlan_id": "4093", "flag": "d m          ", "port": "1"}, {"mac": "6c:ae:8b:35:f7:19", "vlan_name": "Consolas", "vlan_id": "4093", "flag": "d m          ", "port": "1"}, {"mac": "6c:ae:8b:3a:61:1e", "vlan_name": "Consolas", "vlan_id": "4093", "flag": "d m          ", "port": "1"}, {"mac": "6c:ae:8b:3b:fa:8e", "vlan_name": "Consolas", "vlan_id": "4093", "flag": "d m          ", "port": "1"}, {"mac": "6c:ae:8b:3d:2b:26", "vlan_name": "Consolas", "vlan_id": "4093", "flag": "d m          ", "port": "1"}, {"mac": "6c:ae:8b:3e:24:ce", "vlan_name": "Consolas", "vlan_id": "4093", "flag": "d m          ", "port": "1"}, {"mac": "6c:ae:8b:3e:30:26", "vlan_name": "Consolas", "vlan_id": "4093", "flag": "d m          ", "port": "1"}, {"mac": "6c:ae:8b:3e:38:5e", "vlan_name": "Consolas", "vlan_id": "4093", "flag": "d m          ", "port": "1"}, {"mac": "6c:ae:8b:4e:67:4e", "vlan_name": "Consolas", "vlan_id": "4093", "flag": "d m          ", "port": "1"}, {"mac": "6c:ae:8b:4f:fe:de", "vlan_name": "Consolas", "vlan_id": "4093", "flag": "d m          ", "port": "1"}, {"mac": "6c:ae:8b:51:11:c2", "vlan_name": "Consolas", "vlan_id": "4093", "flag": "d m          ", "port": "1"}, {"mac": "74:46:a0:73:44:c0", "vlan_name": "Consolas", "vlan_id": "4093", "flag": "d m          ", "port": "1"}, {"mac": "74:46:a0:73:54:18", "vlan_name": "Consolas", "vlan_id": "4093", "flag": "d m          ", "port": "1"}, {"mac": "78:e3:b5:0b:43:91", "vlan_name": "Consolas", "vlan_id": "4093", "flag": "d m          ", "port": "1"}, {"mac": "80:c1:6e:76:7f:57", "vlan_name": "Consolas", "vlan_id": "4093", "flag": "d m          ", "port": "1"}, {"mac": "80:c1:6e:77:97:94", "vlan_name": "Consolas", "vlan_id": "4093", "flag": "d m          ", "port": "1"}, {"mac": "80:c1:6e:77:a7:9a", "vlan_name": "Consolas", "vlan_id": "4093", "flag": "d m          ", "port": "1"}, {"mac": "98:4b:e1:61:d2:6f", "vlan_name": "Consolas", "vlan_id": "4093", "flag": "d m          ", "port": "1"}, {"mac": "98:4b:e1:7b:84:3a", "vlan_name": "Consolas", "vlan_id": "4093", "flag": "d m          ", "port": "1"}, {"mac": "98:be:94:21:fc:63", "vlan_name": "Consolas", "vlan_id": "4093", "flag": "d m          ", "port": "1"}, {"mac": "98:be:94:36:0f:3c", "vlan_name": "Consolas", "vlan_id": "4093", "flag": "d m          ", "port": "1"}, {"mac": "98:be:94:36:14:85", "vlan_name": "Consolas", "vlan_id": "4093", "flag": "d m          ", "port": "1"}, {"mac": "98:be:94:36:15:ad", "vlan_name": "Consolas", "vlan_id": "4093", "flag": "d m          ", "port": "1"}, {"mac": "98:be:94:36:1a:05", "vlan_name": "Consolas", "vlan_id": "4093", "flag": "d m          ", "port": "1"}, {"mac": "98:be:94:36:3a:34", "vlan_name": "Consolas", "vlan_id": "4093", "flag": "d m          ", "port": "1"}, {"mac": "98:be:94:36:3b:79", "vlan_name": "Consolas", "vlan_id": "4093", "flag": "d m          ", "port": "1"}, {"mac": "98:be:94:36:3b:84", "vlan_name": "Consolas", "vlan_id": "4093", "flag": "d m          ", "port": "1"}, {"mac": "98:be:94:36:50:58", "vlan_name": "Consolas", "vlan_id": "4093", "flag": "d m          ", "port": "1"}, {"mac": "98:be:94:36:53:64", "vlan_name": "Consolas", "vlan_id": "4093", "flag": "d m          ", "port": "1"}, {"mac": "98:be:94:44:cb:ee", "vlan_name": "Consolas", "vlan_id": "4093", "flag": "d m          ", "port": "1"}, {"mac": "98:be:94:44:cf:7c", "vlan_name": "Consolas", "vlan_id": "4093", "flag": "d m          ", "port": "1"}, {"mac": "98:be:94:44:cf:7d", "vlan_name": "Consolas", "vlan_id": "4093", "flag": "d m          ", "port": "1"}, {"mac": "98:be:94:49:13:36", "vlan_name": "Consolas", "vlan_id": "4093", "flag": "d m          ", "port": "1"}, {"mac": "9c:b6:54:7f:4e:5b", "vlan_name": "Consolas", "vlan_id": "4093", "flag": "d m          ", "port": "1"}, {"mac": "9c:b6:54:7f:de:4f", "vlan_name": "Consolas", "vlan_id": "4093", "flag": "d m          ", "port": "1"}, {"mac": "a4:5d:36:55:40:28", "vlan_name": "Consolas", "vlan_id": "4093", "flag": "d m          ", "port": "1"}, {"mac": "ac:1f:6b:45:68:5c", "vlan_name": "Consolas", "vlan_id": "4093", "flag": "d m          ", "port": "1"}, {"mac": "b4:99:ba:ff:22:84", "vlan_name": "Consolas", "vlan_id": "4093", "flag": "d m          ", "port": "15"}, {"mac": "c4:34:6b:ad:68:2c", "vlan_name": "Consolas", "vlan_id": "4093", "flag": "d m          ", "port": "1"}, {"mac": "c8:1f:66:c3:51:9e", "vlan_name": "Consolas", "vlan_id": "4093", "flag": "d m          ", "port": "1"}, {"mac": "d0:7e:28:ba:fa:22", "vlan_name": "Consolas", "vlan_id": "4093", "flag": "d m          ", "port": "1"}, {"mac": "d8:9d:67:67:6b:ac", "vlan_name": "Consolas", "vlan_id": "4093", "flag": "d m          ", "port": "1"}, {"mac": "d8:9d:67:67:89:89", "vlan_name": "Consolas", "vlan_id": "4093", "flag": "d m          ", "port": "1"}, {"mac": "d8:9d:67:67:ba:f9", "vlan_name": "Consolas", "vlan_id": "4093", "flag": "d m          ", "port": "1"}, {"mac": "d8:9d:67:67:ea:be", "vlan_name": "Consolas", "vlan_id": "4093", "flag": "d m          ", "port": "1"}, {"mac": "d8:9d:67:71:7a:ef", "vlan_name": "Consolas", "vlan_id": "4093", "flag": "d m          ", "port": "1"}, {"mac": "d8:9d:67:77:6f:3b", "vlan_name": "Consolas", "vlan_id": "4093", "flag": "d m          ", "port": "1"}, {"mac": "e4:1f:13:2a:bd:8d", "vlan_name": "Consolas", "vlan_id": "4093", "flag": "d m          ", "port": "20"}, {"mac": "e4:1f:13:4a:56:49", "vlan_name": "Consolas", "vlan_id": "4093", "flag": "d m          ", "port": "1"}, {"mac": "e4:1f:13:4b:b0:ec", "vlan_name": "Consolas", "vlan_id": "4093", "flag": "d m          ", "port": "1"}, {"mac": "e4:1f:13:5d:4e:41", "vlan_name": "Consolas", "vlan_id": "4093", "flag": "d m          ", "port": "1"}, {"mac": "e4:1f:13:5d:53:b1", "vlan_name": "Consolas", "vlan_id": "4093", "flag": "d m          ", "port": "1"}, {"mac": "e4:1f:13:64:38:c2", "vlan_name": "Consolas", "vlan_id": "4093", "flag": "d m          ", "port": "1"}, {"mac": "e4:1f:13:a7:3a:21", "vlan_name": "Consolas", "vlan_id": "4093", "flag": "d m          ", "port": "1"}, {"mac": "e4:1f:13:a7:3c:e1", "vlan_name": "Consolas", "vlan_id": "4093", "flag": "d m          ", "port": "9"}, {"mac": "e4:1f:13:a9:90:81", "vlan_name": "Consolas", "vlan_id": "4093", "flag": "d m          ", "port": "8"}, {"mac": "e4:1f:13:ab:4f:55", "vlan_name": "Consolas", "vlan_id": "4093", "flag": "d m          ", "port": "19"}, {"mac": "e4:1f:13:ab:6b:a9", "vlan_name": "Consolas", "vlan_id": "4093", "flag": "d m          ", "port": "13"}, {"mac": "e4:1f:13:ab:6b:d1", "vlan_name": "Consolas", "vlan_id": "4093", "flag": "d m          ", "port": "14"}, {"mac": "e4:1f:13:ab:e1:d1", "vlan_name": "Consolas", "vlan_id": "4093", "flag": "d m          ", "port": "1"}, {"mac": "e4:1f:13:ad:24:2d", "vlan_name": "Consolas", "vlan_id": "4093", "flag": "d m          ", "port": "1"}, {"mac": "e4:1f:13:ae:08:ad", "vlan_name": "Consolas", "vlan_id": "4093", "flag": "d m          ", "port": "1"}, {"mac": "e4:1f:13:b0:51:bd", "vlan_name": "Consolas", "vlan_id": "4093", "flag": "d m          ", "port": "1"}, {"mac": "e4:1f:13:b0:61:c5", "vlan_name": "Consolas", "vlan_id": "4093", "flag": "d m          ", "port": "1"}, {"mac": "e4:1f:13:d9:47:fd", "vlan_name": "Consolas", "vlan_id": "4093", "flag": "d m          ", "port": "1"}, {"mac": "e4:1f:13:e8:bb:09", "vlan_name": "Consolas", "vlan_id": "4093", "flag": "d m          ", "port": "1"}, {"mac": "e4:1f:13:e8:ca:11", "vlan_name": "Consolas", "vlan_id": "4093", "flag": "d m          ", "port": "6"}, {"mac": "e4:1f:13:e8:e4:e1", "vlan_name": "Consolas", "vlan_id": "4093", "flag": "d m          ", "port": "7"}, {"mac": "e4:1f:13:ec:1e:c6", "vlan_name": "Consolas", "vlan_id": "4093", "flag": "d m          ", "port": "1"}, {"mac": "e4:1f:13:ee:2b:f6", "vlan_name": "Consolas", "vlan_id": "4093", "flag": "d m          ", "port": "1"}, {"mac": "ec:b1:d7:86:99:e7", "vlan_name": "Consolas", "vlan_id": "4093", "flag": "d m          ", "port": "1"}, {"mac": "fc:15:b4:0e:80:00", "vlan_name": "Consolas", "vlan_id": "4093", "flag": "d m          ", "port": "1"}, {"mac": "fc:15:b4:11:8e:49", "vlan_name": "Consolas", "vlan_id": "4093", "flag": "d m          ", "port": "1"}, {"mac": "fc:15:b4:11:9e:44", "vlan_name": "Consolas", "vlan_id": "4093", "flag": "d m          ", "port": "1"}, {"mac": "fc:15:b4:12:81:ee", "vlan_name": "Consolas", "vlan_id": "4093", "flag": "d m          ", "port": "1"}, {"mac": "fc:15:b4:12:91:4f", "vlan_name": "Consolas", "vlan_id": "4093", "flag": "d m          ", "port": "1"}]