[{"port": "Port", "neighbor": "Neighbor", "neighbor_id": "Neighbor-ID", "remote_port": "Remote", "num_vlans": "Num"}, {"port": "16", "neighbor": "BF_En_DMZ", "neighbor_id": "00:00:00:04:96:52:73:07", "remote_port": "1:4", "num_vlans": "2"}, {"port": "22", "neighbor": "LV_RL32_CONS_19", "neighbor_id": "00:00:00:04:96:8b:98:1b", "remote_port": "1:24", "num_vlans": "3"}, {"port": "23", "neighbor": "LV_RQ35_Consola_22", "neighbor_id": "00:00:00:04:96:97:88:b9", "remote_port": "1:24", "num_vlans": "2"}, {"port": "24", "neighbor": "LV_RL29C_CONS_01", "neighbor_id": "00:00:00:04:96:36:8b:22", "remote_port": "1:18", "num_vlans": "2"}]