[{"mac": "00:00:5e:00:01:50", "vlan_name": "Entel_Internet", "vlan_id": "4091", "flag": "d m           ", "port": "10"}, {"mac": "00:00:87:d3:58:8c", "vlan_name": "Consola", "vlan_id": "4094", "flag": "d m           ", "port": "24"}, {"mac": "00:01:d7:c6:60:01", "vlan_name": "Consola", "vlan_id": "4094", "flag": "d m           ", "port": "24"}, {"mac": "00:01:d7:da:92:41", "vlan_name": "Consola", "vlan_id": "4094", "flag": "d m           ", "port": "24"}, {"mac": "00:01:d7:eb:28:81", "vlan_name": "Consola", "vlan_id": "4094", "flag": "d m           ", "port": "24"}, {"mac": "00:04:96:28:16:6b", "vlan_name": "Consola", "vlan_id": "4094", "flag": "d m           ", "port": "24"}, {"mac": "00:04:96:36:8b:1a", "vlan_name": "Consola", "vlan_id": "4094", "flag": "d m           ", "port": "24"}, {"mac": "00:04:96:36:8b:22", "vlan_name": "Consola", "vlan_id": "4094", "flag": "d m           ", "port": "24"}, {"mac": "00:04:96:36:c7:51", "vlan_name": "Consola", "vlan_id": "4094", "flag": "d m           ", "port": "24"}, {"mac": "00:04:96:36:f9:13", "vlan_name": "Consola", "vlan_id": "4094", "flag": "d m           ", "port": "24"}, {"mac": "00:04:96:36:fb:c7", "vlan_name": "Consola", "vlan_id": "4094", "flag": "d m           ", "port": "24"}, {"mac": "00:04:96:51:de:c5", "vlan_name": "Consola", "vlan_id": "4094", "flag": "d m           ", "port": "24"}, {"mac": "00:04:96:52:18:9a", "vlan_name": "Consola", "vlan_id": "4094", "flag": "d m           ", "port": "24"}, {"mac": "00:04:96:52:23:5b", "vlan_name": "Consola", "vlan_id": "4094", "flag": "d m           ", "port": "24"}, {"mac": "00:04:96:52:2c:c2", "vlan_name": "Consola", "vlan_id": "4094", "flag": "d m           ", "port": "24"}, {"mac": "00:04:96:52:43:06", "vlan_name": "Consola", "vlan_id": "4094", "flag": "d m           ", "port": "24"}, {"mac": "00:04:96:52:43:83", "vlan_name": "Consola", "vlan_id": "4094", "flag": "d m           ", "port": "24"}, {"mac": "00:04:96:52:43:d4", "vlan_name": "Consola", "vlan_id": "4094", "flag": "d m           ", "port": "24"}, {"mac": "00:04:96:52:73:07", "vlan_name": "BF_DMZ_Amunategui", "vlan_id": "3200", "flag": "d m           ", "port": "16"}, {"mac": "00:04:96:52:73:07", "vlan_name": "Entel_Internet", "vlan_id": "4091", "flag": "d m           ", "port": "16"}, {"mac": "00:04:96:6d:6c:ce", "vlan_name": "Consola", "vlan_id": "4094", "flag": "d m           ", "port": "24"}, {"mac": "00:04:96:7d:e8:9a", "vlan_name": "Consola", "vlan_id": "4094", "flag": "d m           ", "port": "24"}, {"mac": "00:04:96:7d:e8:a2", "vlan_name": "Consola", "vlan_id": "4094", "flag": "d m           ", "port": "24"}, {"mac": "00:04:96:7d:f8:91", "vlan_name": "Consola", "vlan_id": "4094", "flag": "d m           ", "port": "24"}, {"mac": "00:04:96:7e:03:87", "vlan_name": "Consola", "vlan_id": "4094", "flag": "d m           ", "port": "24"}, {"mac": "00:04:96:82:14:80", "vlan_name": "Consola", "vlan_id": "4094", "flag": "d m           ", "port": "24"}, {"mac": "00:04:96:82:1a:8a", "vlan_name": "Consola", "vlan_id": "4094", "flag": "d m           ", "port": "24"}, {"mac": "00:04:96:82:5a:4f", "vlan_name": "Consola", "vlan_id": "4094", "flag": "d m           ", "port": "24"}, {"mac": "00:04:96:82:5a:71", "vlan_name": "Consola", "vlan_id": "4094", "flag": "d m           ", "port": "24"}, {"mac": "00:04:96:82:60:03", "vlan_name": "Consola", "vlan_id": "4094", "flag": "d m           ", "port": "24"}, {"mac": "00:04:96:82:60:05", "vlan_name": "Consola", "vlan_id": "4094", "flag": "d m           ", "port": "24"}, {"mac": "00:04:96:82:60:4e", "vlan_name": "Consola", "vlan_id": "4094", "flag": "d m           ", "port": "24"}, {"mac": "00:04:96:82:60:50", "vlan_name": "Consola", "vlan_id": "4094", "flag": "d m           ", "port": "24"}, {"mac": "00:04:96:83:83:9b", "vlan_name": "Consola", "vlan_id": "4094", "flag": "d m           ", "port": "24"}, {"mac": "00:04:96:83:84:10", "vlan_name": "Consola", "vlan_id": "4094", "flag": "d m           ", "port": "23"}, {"mac": "00:04:96:83:84:10", "vlan_name": "Consolas3", "vlan_id": "1170", "flag": "d m           ", "port": "23"}, {"mac": "00:04:96:83:87:b0", "vlan_name": "Consola", "vlan_id": "4094", "flag": "d m           ", "port": "24"}, {"mac": "00:04:96:83:87:f3", "vlan_name": "Consola", "vlan_id": "4094", "flag": "d m           ", "port": "24"}, {"mac": "00:04:96:83:88:0f", "vlan_name": "Consola", "vlan_id": "4094", "flag": "d m           ", "port": "24"}, {"mac": "00:04:96:8b:8f:d6", "vlan_name": "Consola", "vlan_id": "4094", "flag": "d m           ", "port": "24"}, {"mac": "00:04:96:8b:90:00", "vlan_name": "Consola", "vlan_id": "4094", "flag": "d m           ", "port": "24"}, {"mac": "00:04:96:8b:90:05", "vlan_name": "Consola", "vlan_id": "4094", "flag": "d m           ", "port": "24"}, {"mac": "00:04:96:8b:90:17", "vlan_name": "Consola", "vlan_id": "4094", "flag": "d m           ", "port": "24"}, {"mac": "00:04:96:8b:90:66", "vlan_name": "Consola", "vlan_id": "4094", "flag": "d m           ", "port": "24"}, {"mac": "00:04:96:8b:97:f4", "vlan_name": "Consola", "vlan_id": "4094", "flag": "d m           ", "port": "24"}, {"mac": "00:04:96:8b:98:1b", "vlan_name": "Consola", "vlan_id": "4094", "flag": "d m           ", "port": "22"}, {"mac": "00:04:96:8b:98:1b", "vlan_name": "Consolas3", "vlan_id": "1170", "flag": "d m           ", "port": "22"}, {"mac": "00:04:96:8b:98:55", "vlan_name": "Consola", "vlan_id": "4094", "flag": "d m           ", "port": "24"}, {"mac": "00:04:96:8f:bb:61", "vlan_name": "Consola", "vlan_id": "4094", "flag": "d m           ", "port": "24"}, {"mac": "00:04:96:8f:bb:67", "vlan_name": "Consola", "vlan_id": "4094", "flag": "d m           ", "port": "24"}, {"mac": "00:04:96:97:87:17", "vlan_name": "Consola", "vlan_id": "4094", "flag": "d m           ", "port": "24"}, {"mac": "00:04:96:97:88:b9", "vlan_name": "Consola", "vlan_id": "4094", "flag": "d m           ", "port": "23"}, {"mac": "00:04:96:97:8b:f8", "vlan_name": "Consola", "vlan_id": "4094", "flag": "d m           ", "port": "23"}, {"mac": "00:04:96:97:8d:77", "vlan_name": "Consola", "vlan_id": "4094", "flag": "d m           ", "port": "24"}, {"mac": "00:04:96:97:c4:f2", "vlan_name": "Consola", "vlan_id": "4094", "flag": "d m           ", "port": "24"}, {"mac": "00:04:96:97:d3:3d", "vlan_name": "Consola", "vlan_id": "4094", "flag": "d m           ", "port": "24"}, {"mac": "00:04:96:97:d3:3d", "vlan_name": "Consolas3", "vlan_id": "1170", "flag": "d m           ", "port": "24"}, {"mac": "00:04:96:97:e5:fd", "vlan_name": "Consola", "vlan_id": "4094", "flag": "d m           ", "port": "24"}, {"mac": "00:04:96:98:5b:f3", "vlan_name": "Consola", "vlan_id": "4094", "flag": "d m           ", "port": "24"}, {"mac": "00:04:96:98:6e:ba", "vlan_name": "Consola", "vlan_id": "4094", "flag": "d m           ", "port": "24"}, {"mac": "00:04:96:98:c9:48", "vlan_name": "Consola", "vlan_id": "4094", "flag": "d m           ", "port": "22"}, {"mac": "00:04:96:98:cc:65", "vlan_name": "Consola", "vlan_id": "4094", "flag": "d m           ", "port": "24"}, {"mac": "00:04:96:98:cc:ab", "vlan_name": "Consola", "vlan_id": "4094", "flag": "d m           ", "port": "24"}, {"mac": "00:04:96:99:1c:46", "vlan_name": "Consola", "vlan_id": "4094", "flag": "d m           ", "port": "23"}, {"mac": "00:04:96:99:1c:47", "vlan_name": "Consola", "vlan_id": "4094", "flag": "d m           ", "port": "24"}, {"mac": "00:04:96:99:1c:49", "vlan_name": "Consola", "vlan_id": "4094", "flag": "d m           ", "port": "23"}, {"mac": "00:04:96:99:64:a0", "vlan_name": "Consola", "vlan_id": "4094", "flag": "d m           ", "port": "24"}, {"mac": "00:04:96:99:65:36", "vlan_name": "Consola", "vlan_id": "4094", "flag": "d m           ", "port": "24"}, {"mac": "00:04:96:9b:42:ae", "vlan_name": "Consola", "vlan_id": "4094", "flag": "d m           ", "port": "24"}, {"mac": "00:05:1e:37:1a:d0", "vlan_name": "Consola", "vlan_id": "4094", "flag": "d m           ", "port": "24"}, {"mac": "00:05:1e:56:4d:57", "vlan_name": "Consola", "vlan_id": "4094", "flag": "d m           ", "port": "24"}, {"mac": "00:05:1e:72:94:74", "vlan_name": "Consola", "vlan_id": "4094", "flag": "d m           ", "port": "24"}, {"mac": "00:05:1e:e2:22:68", "vlan_name": "Consola", "vlan_id": "4094", "flag": "d m           ", "port": "23"}, {"mac": "00:05:1e:e2:2f:28", "vlan_name": "Consola", "vlan_id": "4094", "flag": "d m           ", "port": "23"}, {"mac": "00:11:25:41:94:6d", "vlan_name": "Consola", "vlan_id": "4094", "flag": "d m           ", "port": "24"}, {"mac": "00:14:5e:0a:70:8e", "vlan_name": "Consola", "vlan_id": "4094", "flag": "d m           ", "port": "24"}, {"mac": "00:1e:0b:ca:0a:32", "vlan_name": "Consola", "vlan_id": "4094", "flag": "d m           ", "port": "24"}, {"mac": "00:1e:67:4b:5b:d4", "vlan_name": "Consola", "vlan_id": "4094", "flag": "d m           ", "port": "22"}, {"mac": "00:1e:67:5e:61:2c", "vlan_name": "Consolas3", "vlan_id": "1170", "flag": "d m           ", "port": "12"}, {"mac": "00:1f:29:6d:90:41", "vlan_name": "Consola", "vlan_id": "4094", "flag": "d m           ", "port": "24"}, {"mac": "00:1f:67:1f:a5:38", "vlan_name": "Consolas3", "vlan_id": "1170", "flag": "d m           ", "port": "23"}, {"mac": "00:1f:67:1f:a5:e8", "vlan_name": "Consolas3", "vlan_id": "1170", "flag": "d m           ", "port": "23"}, {"mac": "00:1f:67:b0:43:34", "vlan_name": "Consola", "vlan_id": "4094", "flag": "d m           ", "port": "24"}, {"mac": "00:21:5e:43:0f:36", "vlan_name": "Consola", "vlan_id": "4094", "flag": "d m           ", "port": "24"}, {"mac": "00:21:5e:5e:1a:85", "vlan_name": "Consola", "vlan_id": "4094", "flag": "d m           ", "port": "24"}, {"mac": "00:21:5e:5e:61:c9", "vlan_name": "Consola", "vlan_id": "4094", "flag": "d m           ", "port": "24"}, {"mac": "00:23:e9:33:ae:c1", "vlan_name": "Consola", "vlan_id": "4094", "flag": "d m           ", "port": "24"}, {"mac": "00:23:e9:40:74:01", "vlan_name": "Consola", "vlan_id": "4094", "flag": "d m           ", "port": "1"}, {"mac": "00:23:e9:88:18:81", "vlan_name": "Consola", "vlan_id": "4094", "flag": "d m           ", "port": "8"}, {"mac": "00:24:81:76:ca:7b", "vlan_name": "Consola", "vlan_id": "4094", "flag": "d m           ", "port": "24"}, {"mac": "00:25:90:5b:00:9c", "vlan_name": "Consola", "vlan_id": "4094", "flag": "d m           ", "port": "20"}, {"mac": "00:25:90:93:f2:be", "vlan_name": "Consola", "vlan_id": "4094", "flag": "d m           ", "port": "6"}, {"mac": "00:25:90:93:f3:3e", "vlan_name": "Consola", "vlan_id": "4094", "flag": "d m           ", "port": "5"}, {"mac": "00:26:55:26:37:ee", "vlan_name": "Consola", "vlan_id": "4094", "flag": "d m           ", "port": "24"}, {"mac": "00:50:56:71:4b:68", "vlan_name": "Consola", "vlan_id": "4094", "flag": "d m           ", "port": "24"}, {"mac": "00:60:16:3a:01:73", "vlan_name": "Consola", "vlan_id": "4094", "flag": "d m           ", "port": "24"}, {"mac": "00:60:16:3a:01:a1", "vlan_name": "Consola", "vlan_id": "4094", "flag": "d m           ", "port": "24"}, {"mac": "00:90:0b:34:4c:94", "vlan_name": "Consola", "vlan_id": "4094", "flag": "d m           ", "port": "13"}, {"mac": "00:90:0b:4b:40:0a", "vlan_name": "Consolas3", "vlan_id": "1170", "flag": "d m           ", "port": "22"}, {"mac": "00:a0:98:54:03:2c", "vlan_name": "Consola", "vlan_id": "4094", "flag": "d m           ", "port": "24"}, {"mac": "00:d0:83:0c:d8:9e", "vlan_name": "Consolas3", "vlan_id": "1170", "flag": "d m           ", "port": "22"}, {"mac": "00:e0:27:12:d6:28", "vlan_name": "Consola", "vlan_id": "4094", "flag": "d m           ", "port": "18"}, {"mac": "00:e0:27:12:f0:ea", "vlan_name": "Consola", "vlan_id": "4094", "flag": "d m           ", "port": "24"}, {"mac": "00:e0:ec:29:a4:50", "vlan_name": "Consola", "vlan_id": "4094", "flag": "d m           ", "port": "24"}, {"mac": "00:e0:ec:29:a4:85", "vlan_name": "Consolas3", "vlan_id": "1170", "flag": "d m           ", "port": "24"}, {"mac": "00:e0:ec:29:a6:20", "vlan_name": "Consola", "vlan_id": "4094", "flag": "d m           ", "port": "24"}, {"mac": "00:e0:ec:29:a6:7c", "vlan_name": "Consola", "vlan_id": "4094", "flag": "d m           ", "port": "24"}, {"mac": "00:e0:ec:29:a7:ec", "vlan_name": "Consola", "vlan_id": "4094", "flag": "d m           ", "port": "24"}, {"mac": "00:e0:ec:29:aa:4d", "vlan_name": "Consolas3", "vlan_id": "1170", "flag": "d m           ", "port": "24"}, {"mac": "00:e0:ec:29:aa:d1", "vlan_name": "Consolas3", "vlan_id": "1170", "flag": "d m           ", "port": "24"}, {"mac": "00:e0:ec:2f:5f:d1", "vlan_name": "Consolas3", "vlan_id": "1170", "flag": "d m           ", "port": "23"}, {"mac": "00:e0:ec:31:05:9d", "vlan_name": "Consolas3", "vlan_id": "1170", "flag": "d m           ", "port": "23"}, {"mac": "00:e0:ec:43:0a:dc", "vlan_name": "Consolas3", "vlan_id": "1170", "flag": "d m           ", "port": "24"}, {"mac": "00:e0:ec:43:0f:f4", "vlan_name": "Consolas3", "vlan_id": "1170", "flag": "d m           ", "port": "24"}, {"mac": "00:e0:ec:8b:55:06", "vlan_name": "Consola", "vlan_id": "4094", "flag": "d m           ", "port": "24"}, {"mac": "00:e0:ec:8b:55:9c", "vlan_name": "Consola", "vlan_id": "4094", "flag": "d m           ", "port": "24"}, {"mac": "00:fc:ba:e8:08:34", "vlan_name": "Consolas3", "vlan_id": "1170", "flag": "d m           ", "port": "24"}, {"mac": "02:04:96:7e:13:cc", "vlan_name": "Consola", "vlan_id": "4094", "flag": "d m           ", "port": "24"}, {"mac": "02:04:96:97:ca:f7", "vlan_name": "Consola", "vlan_id": "4094", "flag": "d m           ", "port": "24"}, {"mac": "02:04:96:98:80:b5", "vlan_name": "Consola", "vlan_id": "4094", "flag": "d m           ", "port": "24"}, {"mac": "02:04:96:98:fb:39", "vlan_name": "Consola", "vlan_id": "4094", "flag": "d m           ", "port": "24"}, {"mac": "02:04:96:99:0c:87", "vlan_name": "Consola", "vlan_id": "4094", "flag": "d m           ", "port": "24"}, {"mac": "02:04:96:99:59:3e", "vlan_name": "Consola", "vlan_id": "4094", "flag": "d m           ", "port": "24"}, {"mac": "02:04:96:9b:42:b4", "vlan_name": "Consolas3", "vlan_id": "1170", "flag": "d m           ", "port": "24"}, {"mac": "02:04:96:9b:42:c3", "vlan_name": "Consolas3", "vlan_id": "1170", "flag": "d m           ", "port": "24"}, {"mac": "02:04:96:9b:42:ca", "vlan_name": "Consolas3", "vlan_id": "1170", "flag": "d m           ", "port": "24"}, {"mac": "08:00:1b:00:4f:f8", "vlan_name": "Consola", "vlan_id": "4094", "flag": "d m           ", "port": "24"}, {"mac": "08:94:ef:5c:ac:9c", "vlan_name": "Consola", "vlan_id": "4094", "flag": "d m           ", "port": "24"}, {"mac": "08:94:ef:95:9a:5b", "vlan_name": "Consolas3", "vlan_id": "1170", "flag": "d m           ", "port": "24"}, {"mac": "0c:c4:7a:40:0f:99", "vlan_name": "Consola", "vlan_id": "4094", "flag": "d m           ", "port": "24"}, {"mac": "0c:c4:7a:74:f6:c6", "vlan_name": "Consola", "vlan_id": "4094", "flag": "d m           ", "port": "24"}, {"mac": "0c:c4:7a:7c:39:b5", "vlan_name": "Consolas3", "vlan_id": "1170", "flag": "d m           ", "port": "23"}, {"mac": "0c:c4:7a:97:78:0a", "vlan_name": "Consolas3", "vlan_id": "1170", "flag": "d m           ", "port": "22"}, {"mac": "0c:c4:7a:97:de:90", "vlan_name": "Consola", "vlan_id": "4094", "flag": "d m           ", "port": "24"}, {"mac": "0c:c4:7a:c5:5b:fd", "vlan_name": "Consolas3", "vlan_id": "1170", "flag": "d m           ", "port": "24"}, {"mac": "0e:c4:7a:74:f7:a2", "vlan_name": "Consola", "vlan_id": "4094", "flag": "d m           ", "port": "24"}, {"mac": "0e:c4:7a:7c:3c:d2", "vlan_name": "Consolas3", "vlan_id": "1170", "flag": "d m           ", "port": "23"}, {"mac": "0e:c4:7a:c5:61:c8", "vlan_name": "Consolas3", "vlan_id": "1170", "flag": "d m           ", "port": "24"}, {"mac": "10:60:4b:a3:89:0b", "vlan_name": "Consola", "vlan_id": "4094", "flag": "d m           ", "port": "24"}, {"mac": "10:60:4b:a3:b9:e1", "vlan_name": "Consola", "vlan_id": "4094", "flag": "d m           ", "port": "24"}, {"mac": "10:60:4b:a3:bb:41", "vlan_name": "Consola", "vlan_id": "4094", "flag": "d m           ", "port": "24"}, {"mac": "10:60:4b:a5:40:7b", "vlan_name": "Consola", "vlan_id": "4094", "flag": "d m           ", "port": "24"}, {"mac": "10:98:36:98:0f:38", "vlan_name": "Consolas3", "vlan_id": "1170", "flag": "d m           ", "port": "23"}, {"mac": "10:98:36:98:0f:93", "vlan_name": "Consolas3", "vlan_id": "1170", "flag": "d m           ", "port": "23"}, {"mac": "14:18:77:47:0d:82", "vlan_name": "Consola", "vlan_id": "4094", "flag": "d m           ", "port": "24"}, {"mac": "14:18:77:59:33:4b", "vlan_name": "Consolas3", "vlan_id": "1170", "flag": "d m           ", "port": "24"}, {"mac": "18:66:da:72:cc:6f", "vlan_name": "Consolas3", "vlan_id": "1170", "flag": "d m           ", "port": "24"}, {"mac": "28:c0:da:80:42:8e", "vlan_name": "Entel_Internet", "vlan_id": "4091", "flag": "d m           ", "port": "10"}, {"mac": "2c:27:d7:16:05:e0", "vlan_name": "Consola", "vlan_id": "4094", "flag": "d m           ", "port": "24"}, {"mac": "34:40:b5:97:4b:b5", "vlan_name": "Consola", "vlan_id": "4094", "flag": "d m           ", "port": "24"}, {"mac": "34:40:b5:97:52:01", "vlan_name": "Consola", "vlan_id": "4094", "flag": "d m           ", "port": "24"}, {"mac": "34:40:b5:97:52:11", "vlan_name": "Consola", "vlan_id": "4094", "flag": "d m           ", "port": "24"}, {"mac": "34:40:b5:98:a9:bd", "vlan_name": "Consola", "vlan_id": "4094", "flag": "d m           ", "port": "24"}, {"mac": "34:40:b5:99:4e:21", "vlan_name": "Consola", "vlan_id": "4094", "flag": "d m           ", "port": "24"}, {"mac": "34:40:b5:9a:34:39", "vlan_name": "Consola", "vlan_id": "4094", "flag": "d m           ", "port": "24"}, {"mac": "34:40:b5:9a:34:45", "vlan_name": "Consola", "vlan_id": "4094", "flag": "d m           ", "port": "24"}, {"mac": "34:40:b5:9a:6d:8d", "vlan_name": "Consola", "vlan_id": "4094", "flag": "d m           ", "port": "24"}, {"mac": "34:40:b5:9a:76:d9", "vlan_name": "Consola", "vlan_id": "4094", "flag": "d m           ", "port": "24"}, {"mac": "34:40:b5:9a:77:c9", "vlan_name": "Consola", "vlan_id": "4094", "flag": "d m           ", "port": "24"}, {"mac": "34:40:b5:9b:d8:55", "vlan_name": "Consola", "vlan_id": "4094", "flag": "d m           ", "port": "24"}, {"mac": "34:40:b5:a6:6b:62", "vlan_name": "Consola", "vlan_id": "4094", "flag": "d m           ", "port": "24"}, {"mac": "34:40:b5:af:95:25", "vlan_name": "Consola", "vlan_id": "4094", "flag": "d m           ", "port": "24"}, {"mac": "34:40:b5:d4:c2:34", "vlan_name": "Consola", "vlan_id": "4094", "flag": "d m           ", "port": "24"}, {"mac": "34:40:b5:f9:b0:fd", "vlan_name": "Consola", "vlan_id": "4094", "flag": "d m           ", "port": "24"}, {"mac": "34:40:b5:fa:6f:55", "vlan_name": "Consola", "vlan_id": "4094", "flag": "d m           ", "port": "24"}, {"mac": "34:40:b5:fb:ec:d1", "vlan_name": "Consola", "vlan_id": "4094", "flag": "d m           ", "port": "24"}, {"mac": "3c:4a:92:e3:f2:4f", "vlan_name": "Consola", "vlan_id": "4094", "flag": "d m           ", "port": "24"}, {"mac": "40:f2:e9:00:4b:c1", "vlan_name": "Consola", "vlan_id": "4094", "flag": "d m           ", "port": "24"}, {"mac": "40:f2:e9:07:00:5e", "vlan_name": "Consola", "vlan_id": "4094", "flag": "d m           ", "port": "24"}, {"mac": "40:f2:e9:07:11:06", "vlan_name": "Consola", "vlan_id": "4094", "flag": "d m           ", "port": "24"}, {"mac": "40:f2:e9:07:de:96", "vlan_name": "Consola", "vlan_id": "4094", "flag": "d m           ", "port": "24"}, {"mac": "40:f2:e9:0b:b5:d0", "vlan_name": "Consola", "vlan_id": "4094", "flag": "d m           ", "port": "24"}, {"mac": "40:f2:e9:0c:4d:78", "vlan_name": "Consola", "vlan_id": "4094", "flag": "d m           ", "port": "24"}, {"mac": "40:f2:e9:23:c8:86", "vlan_name": "Consola", "vlan_id": "4094", "flag": "d m           ", "port": "24"}, {"mac": "40:f2:e9:bf:1d:c2", "vlan_name": "Consola", "vlan_id": "4094", "flag": "d m           ", "port": "24"}, {"mac": "40:f2:e9:bf:2a:de", "vlan_name": "Consola", "vlan_id": "4094", "flag": "d m           ", "port": "24"}, {"mac": "40:f2:e9:bf:33:9c", "vlan_name": "Consola", "vlan_id": "4094", "flag": "d m           ", "port": "24"}, {"mac": "40:f2:e9:c0:07:7d", "vlan_name": "Consola", "vlan_id": "4094", "flag": "d m           ", "port": "24"}, {"mac": "40:f2:e9:c0:08:dd", "vlan_name": "Consola", "vlan_id": "4094", "flag": "d m           ", "port": "24"}, {"mac": "40:f2:e9:c0:27:01", "vlan_name": "Consola", "vlan_id": "4094", "flag": "d m           ", "port": "24"}, {"mac": "40:f2:e9:c0:2b:91", "vlan_name": "Consola", "vlan_id": "4094", "flag": "d m           ", "port": "24"}, {"mac": "40:f2:e9:c0:53:d9", "vlan_name": "Consola", "vlan_id": "4094", "flag": "d m           ", "port": "24"}, {"mac": "40:f2:e9:c0:57:74", "vlan_name": "Consolas3", "vlan_id": "1170", "flag": "d m           ", "port": "24"}, {"mac": "40:f2:e9:c0:58:30", "vlan_name": "Consolas3", "vlan_id": "1170", "flag": "d m           ", "port": "24"}, {"mac": "40:f2:e9:c0:7d:35", "vlan_name": "Consola", "vlan_id": "4094", "flag": "d m           ", "port": "24"}, {"mac": "40:f2:e9:c0:7d:81", "vlan_name": "Consola", "vlan_id": "4094", "flag": "d m           ", "port": "24"}, {"mac": "40:f2:e9:c0:8c:08", "vlan_name": "Consola", "vlan_id": "4094", "flag": "d m           ", "port": "24"}, {"mac": "40:f2:e9:c0:bc:25", "vlan_name": "Consola", "vlan_id": "4094", "flag": "d m           ", "port": "24"}, {"mac": "40:f2:e9:c0:d4:24", "vlan_name": "Consola", "vlan_id": "4094", "flag": "d m           ", "port": "24"}, {"mac": "40:f2:e9:c0:d7:71", "vlan_name": "Consolas3", "vlan_id": "1170", "flag": "d m           ", "port": "24"}, {"mac": "40:f2:e9:c0:db:25", "vlan_name": "Consola", "vlan_id": "4094", "flag": "d m           ", "port": "24"}, {"mac": "40:f2:e9:c0:de:15", "vlan_name": "Consolas3", "vlan_id": "1170", "flag": "d m           ", "port": "24"}, {"mac": "40:f2:e9:c0:de:bd", "vlan_name": "Consolas3", "vlan_id": "1170", "flag": "d m           ", "port": "24"}, {"mac": "40:f2:e9:c0:ec:ed", "vlan_name": "Consola", "vlan_id": "4094", "flag": "d m           ", "port": "24"}, {"mac": "40:f2:e9:cc:26:26", "vlan_name": "Consola", "vlan_id": "4094", "flag": "d m           ", "port": "24"}, {"mac": "40:f2:e9:d8:b7:36", "vlan_name": "Consola", "vlan_id": "4094", "flag": "d m           ", "port": "24"}, {"mac": "40:f2:e9:d8:bc:36", "vlan_name": "Consola", "vlan_id": "4094", "flag": "d m           ", "port": "24"}, {"mac": "40:f2:e9:f5:28:f4", "vlan_name": "Consola", "vlan_id": "4094", "flag": "d m           ", "port": "24"}, {"mac": "40:f2:e9:f5:28:f6", "vlan_name": "Consola", "vlan_id": "4094", "flag": "d m           ", "port": "24"}, {"mac": "44:a8:42:15:85:47", "vlan_name": "Consolas3", "vlan_id": "1170", "flag": "d m           ", "port": "24"}, {"mac": "44:a8:42:21:14:df", "vlan_name": "Consolas3", "vlan_id": "1170", "flag": "d m           ", "port": "23"}, {"mac": "44:a8:42:3b:c6:e7", "vlan_name": "Consolas3", "vlan_id": "1170", "flag": "d m           ", "port": "23"}, {"mac": "44:a8:42:3b:d8:ec", "vlan_name": "Consolas3", "vlan_id": "1170", "flag": "d m           ", "port": "24"}, {"mac": "50:eb:1a:0c:d2:8c", "vlan_name": "Consola", "vlan_id": "4094", "flag": "d m           ", "port": "9"}, {"mac": "50:eb:1a:11:d9:96", "vlan_name": "Consola", "vlan_id": "4094", "flag": "d m           ", "port": "2"}, {"mac": "50:eb:1a:9e:ff:eb", "vlan_name": "Consolas3", "vlan_id": "1170", "flag": "d m           ", "port": "23"}, {"mac": "58:8a:5a:86:97:1c", "vlan_name": "Consolas3", "vlan_id": "1170", "flag": "d m           ", "port": "24"}, {"mac": "5c:f3:fc:0a:87:35", "vlan_name": "Consola", "vlan_id": "4094", "flag": "d m           ", "port": "24"}, {"mac": "5c:f3:fc:0a:8d:c1", "vlan_name": "Consola", "vlan_id": "4094", "flag": "d m           ", "port": "24"}, {"mac": "5c:f3:fc:0e:71:c5", "vlan_name": "Consola", "vlan_id": "4094", "flag": "d m           ", "port": "24"}, {"mac": "5c:f3:fc:4e:51:d2", "vlan_name": "Consola", "vlan_id": "4094", "flag": "d m           ", "port": "24"}, {"mac": "5c:f3:fc:51:c4:b1", "vlan_name": "Consola", "vlan_id": "4094", "flag": "d m           ", "port": "24"}, {"mac": "5c:f3:fc:51:c6:25", "vlan_name": "Consola", "vlan_id": "4094", "flag": "d m           ", "port": "24"}, {"mac": "5c:f3:fc:51:c6:75", "vlan_name": "Consola", "vlan_id": "4094", "flag": "d m           ", "port": "24"}, {"mac": "5c:f3:fc:51:c6:f9", "vlan_name": "Consola", "vlan_id": "4094", "flag": "d m           ", "port": "24"}, {"mac": "5c:f3:fc:bb:18:95", "vlan_name": "Consola", "vlan_id": "4094", "flag": "d m           ", "port": "24"}, {"mac": "5c:f3:fc:bb:25:15", "vlan_name": "Consola", "vlan_id": "4094", "flag": "d m           ", "port": "24"}, {"mac": "5c:f3:fc:bc:32:ed", "vlan_name": "Consola", "vlan_id": "4094", "flag": "d m           ", "port": "24"}, {"mac": "5c:f3:fc:da:41:39", "vlan_name": "Consola", "vlan_id": "4094", "flag": "d m           ", "port": "24"}, {"mac": "5c:f3:fc:dc:ec:61", "vlan_name": "Consola", "vlan_id": "4094", "flag": "d m           ", "port": "23"}, {"mac": "5c:f3:fc:dd:8c:7d", "vlan_name": "Consola", "vlan_id": "4094", "flag": "d m           ", "port": "24"}, {"mac": "5c:f3:fd:36:0c:39", "vlan_name": "Consola", "vlan_id": "4094", "flag": "d m           ", "port": "24"}, {"mac": "64:00:6a:c4:ac:1c", "vlan_name": "Consola", "vlan_id": "4094", "flag": "d m           ", "port": "24"}, {"mac": "64:00:6a:c4:ad:36", "vlan_name": "Consola", "vlan_id": "4094", "flag": "d m           ", "port": "23"}, {"mac": "64:00:6a:c4:ad:4c", "vlan_name": "Consola", "vlan_id": "4094", "flag": "d m           ", "port": "23"}, {"mac": "64:31:50:4d:02:a9", "vlan_name": "Consola", "vlan_id": "4094", "flag": "d m           ", "port": "24"}, {"mac": "6c:ae:8b:1c:80:ee", "vlan_name": "Consola", "vlan_id": "4094", "flag": "d m           ", "port": "24"}, {"mac": "6c:ae:8b:25:43:36", "vlan_name": "Consola", "vlan_id": "4094", "flag": "d m           ", "port": "24"}, {"mac": "6c:ae:8b:2e:a1:cd", "vlan_name": "Consola", "vlan_id": "4094", "flag": "d m           ", "port": "24"}, {"mac": "6c:ae:8b:2e:a2:68", "vlan_name": "Consola", "vlan_id": "4094", "flag": "d m           ", "port": "24"}, {"mac": "6c:ae:8b:2e:a7:1c", "vlan_name": "Consola", "vlan_id": "4094", "flag": "d m           ", "port": "24"}, {"mac": "6c:ae:8b:30:d9:34", "vlan_name": "Consola", "vlan_id": "4094", "flag": "d m           ", "port": "24"}, {"mac": "6c:ae:8b:30:e7:5d", "vlan_name": "Consola", "vlan_id": "4094", "flag": "d m           ", "port": "24"}, {"mac": "6c:ae:8b:30:e9:e5", "vlan_name": "Consola", "vlan_id": "4094", "flag": "d m           ", "port": "24"}, {"mac": "6c:ae:8b:30:f0:1d", "vlan_name": "Consola", "vlan_id": "4094", "flag": "d m           ", "port": "24"}, {"mac": "6c:ae:8b:30:f2:f0", "vlan_name": "Consola", "vlan_id": "4094", "flag": "d m           ", "port": "24"}, {"mac": "6c:ae:8b:30:f4:c1", "vlan_name": "Consola", "vlan_id": "4094", "flag": "d m           ", "port": "24"}, {"mac": "6c:ae:8b:30:f8:31", "vlan_name": "Consola", "vlan_id": "4094", "flag": "d m           ", "port": "24"}, {"mac": "6c:ae:8b:30:f9:e1", "vlan_name": "Consola", "vlan_id": "4094", "flag": "d m           ", "port": "24"}, {"mac": "6c:ae:8b:30:fa:d4", "vlan_name": "Consola", "vlan_id": "4094", "flag": "d m           ", "port": "24"}, {"mac": "6c:ae:8b:30:fc:50", "vlan_name": "Consola", "vlan_id": "4094", "flag": "d m           ", "port": "24"}, {"mac": "6c:ae:8b:30:fd:05", "vlan_name": "Consola", "vlan_id": "4094", "flag": "d m           ", "port": "24"}, {"mac": "6c:ae:8b:30:fd:99", "vlan_name": "Consola", "vlan_id": "4094", "flag": "d m           ", "port": "24"}, {"mac": "6c:ae:8b:30:fd:dc", "vlan_name": "Consola", "vlan_id": "4094", "flag": "d m           ", "port": "24"}, {"mac": "6c:ae:8b:30:fe:1c", "vlan_name": "Consola", "vlan_id": "4094", "flag": "d m           ", "port": "24"}, {"mac": "6c:ae:8b:30:fe:c4", "vlan_name": "Consola", "vlan_id": "4094", "flag": "d m           ", "port": "24"}, {"mac": "6c:ae:8b:32:00:c1", "vlan_name": "Consola", "vlan_id": "4094", "flag": "d m           ", "port": "24"}, {"mac": "6c:ae:8b:32:03:dd", "vlan_name": "Consola", "vlan_id": "4094", "flag": "d m           ", "port": "24"}, {"mac": "6c:ae:8b:32:05:8d", "vlan_name": "Consola", "vlan_id": "4094", "flag": "d m           ", "port": "24"}, {"mac": "6c:ae:8b:32:16:f0", "vlan_name": "Consolas3", "vlan_id": "1170", "flag": "d m           ", "port": "24"}, {"mac": "6c:ae:8b:32:6c:b1", "vlan_name": "Consola", "vlan_id": "4094", "flag": "d m           ", "port": "24"}, {"mac": "6c:ae:8b:32:6d:7d", "vlan_name": "Consola", "vlan_id": "4094", "flag": "d m           ", "port": "24"}, {"mac": "6c:ae:8b:32:74:65", "vlan_name": "Consola", "vlan_id": "4094", "flag": "d m           ", "port": "24"}, {"mac": "6c:ae:8b:32:7b:8d", "vlan_name": "Consola", "vlan_id": "4094", "flag": "d m           ", "port": "24"}, {"mac": "6c:ae:8b:32:8f:b9", "vlan_name": "Consola", "vlan_id": "4094", "flag": "d m           ", "port": "24"}, {"mac": "6c:ae:8b:32:d3:15", "vlan_name": "Consola", "vlan_id": "4094", "flag": "d m           ", "port": "24"}, {"mac": "6c:ae:8b:32:d8:31", "vlan_name": "Consola", "vlan_id": "4094", "flag": "d m           ", "port": "24"}, {"mac": "6c:ae:8b:32:da:cd", "vlan_name": "Consola", "vlan_id": "4094", "flag": "d m           ", "port": "24"}, {"mac": "6c:ae:8b:32:db:f5", "vlan_name": "Consola", "vlan_id": "4094", "flag": "d m           ", "port": "24"}, {"mac": "6c:ae:8b:35:19:65", "vlan_name": "Consola", "vlan_id": "4094", "flag": "d m           ", "port": "24"}, {"mac": "6c:ae:8b:35:19:69", "vlan_name": "Consola", "vlan_id": "4094", "flag": "d m           ", "port": "24"}, {"mac": "6c:ae:8b:35:68:f9", "vlan_name": "Consola", "vlan_id": "4094", "flag": "d m           ", "port": "24"}, {"mac": "6c:ae:8b:35:69:bd", "vlan_name": "Consola", "vlan_id": "4094", "flag": "d m           ", "port": "24"}, {"mac": "6c:ae:8b:35:6a:8d", "vlan_name": "Consola", "vlan_id": "4094", "flag": "d m           ", "port": "24"}, {"mac": "6c:ae:8b:35:6a:cc", "vlan_name": "Consola", "vlan_id": "4094", "flag": "d m           ", "port": "24"}, {"mac": "6c:ae:8b:35:6b:21", "vlan_name": "Consola", "vlan_id": "4094", "flag": "d m           ", "port": "24"}, {"mac": "6c:ae:8b:35:6c:dd", "vlan_name": "Consola", "vlan_id": "4094", "flag": "d m           ", "port": "24"}, {"mac": "6c:ae:8b:35:6e:b5", "vlan_name": "Consola", "vlan_id": "4094", "flag": "d m           ", "port": "24"}, {"mac": "6c:ae:8b:35:6f:d1", "vlan_name": "Consola", "vlan_id": "4094", "flag": "d m           ", "port": "24"}, {"mac": "6c:ae:8b:35:6f:e5", "vlan_name": "Consola", "vlan_id": "4094", "flag": "d m           ", "port": "24"}, {"mac": "6c:ae:8b:35:70:09", "vlan_name": "Consola", "vlan_id": "4094", "flag": "d m           ", "port": "24"}, {"mac": "6c:ae:8b:35:70:cd", "vlan_name": "Consola", "vlan_id": "4094", "flag": "d m           ", "port": "24"}, {"mac": "6c:ae:8b:35:71:e9", "vlan_name": "Consola", "vlan_id": "4094", "flag": "d m           ", "port": "24"}, {"mac": "6c:ae:8b:35:75:71", "vlan_name": "Consola", "vlan_id": "4094", "flag": "d m           ", "port": "24"}, {"mac": "6c:ae:8b:35:76:11", "vlan_name": "Consola", "vlan_id": "4094", "flag": "d m           ", "port": "24"}, {"mac": "6c:ae:8b:35:97:45", "vlan_name": "Consola", "vlan_id": "4094", "flag": "d m           ", "port": "24"}, {"mac": "6c:ae:8b:35:9c:98", "vlan_name": "Consola", "vlan_id": "4094", "flag": "d m           ", "port": "24"}, {"mac": "6c:ae:8b:35:b3:54", "vlan_name": "Consolas3", "vlan_id": "1170", "flag": "d m           ", "port": "24"}, {"mac": "6c:ae:8b:35:b4:60", "vlan_name": "Consolas3", "vlan_id": "1170", "flag": "d m           ", "port": "24"}, {"mac": "6c:ae:8b:35:d7:f5", "vlan_name": "Consola", "vlan_id": "4094", "flag": "d m           ", "port": "24"}, {"mac": "6c:ae:8b:35:da:09", "vlan_name": "Consola", "vlan_id": "4094", "flag": "d m           ", "port": "24"}, {"mac": "6c:ae:8b:35:f7:19", "vlan_name": "Consola", "vlan_id": "4094", "flag": "d m           ", "port": "24"}, {"mac": "6c:ae:8b:35:fc:a0", "vlan_name": "Consola", "vlan_id": "4094", "flag": "d m           ", "port": "24"}, {"mac": "6c:ae:8b:41:c8:3e", "vlan_name": "Consola", "vlan_id": "4094", "flag": "d m           ", "port": "24"}, {"mac": "6c:ae:8b:4e:67:4e", "vlan_name": "Consola", "vlan_id": "4094", "flag": "d m           ", "port": "24"}, {"mac": "6c:ae:8b:51:11:c2", "vlan_name": "Consola", "vlan_id": "4094", "flag": "d m           ", "port": "24"}, {"mac": "6c:ae:8b:51:11:c6", "vlan_name": "Consola", "vlan_id": "4094", "flag": "d m           ", "port": "24"}, {"mac": "6c:ae:8b:61:0c:9e", "vlan_name": "Consola", "vlan_id": "4094", "flag": "d m           ", "port": "24"}, {"mac": "6c:ae:8b:61:69:1e", "vlan_name": "Consola", "vlan_id": "4094", "flag": "d m           ", "port": "24"}, {"mac": "6c:ae:8b:63:f8:d6", "vlan_name": "Consola", "vlan_id": "4094", "flag": "d m           ", "port": "24"}, {"mac": "70:4c:a5:5d:f2:81", "vlan_name": "Entel_Internet", "vlan_id": "4091", "flag": "d m           ", "port": "16"}, {"mac": "74:46:a0:73:54:18", "vlan_name": "Consola", "vlan_id": "4094", "flag": "d m           ", "port": "24"}, {"mac": "74:46:a0:73:84:2a", "vlan_name": "Consola", "vlan_id": "4094", "flag": "d m           ", "port": "24"}, {"mac": "74:46:a0:73:ec:de", "vlan_name": "Consola", "vlan_id": "4094", "flag": "d m           ", "port": "24"}, {"mac": "78:e3:b5:0b:43:91", "vlan_name": "Consola", "vlan_id": "4094", "flag": "d m           ", "port": "24"}, {"mac": "7c:d3:0a:5e:94:e5", "vlan_name": "Consola", "vlan_id": "4094", "flag": "d m           ", "port": "22"}, {"mac": "84:b8:02:2a:3c:22", "vlan_name": "Consola", "vlan_id": "4094", "flag": "d m           ", "port": "17"}, {"mac": "88:e0:f3:2c:1b:06", "vlan_name": "Entel_Internet", "vlan_id": "4091", "flag": "d m           ", "port": "16"}, {"mac": "90:6c:ac:6a:57:44", "vlan_name": "Consolas3", "vlan_id": "1170", "flag": "d m           ", "port": "22"}, {"mac": "98:4b:e1:61:d2:6f", "vlan_name": "Consola", "vlan_id": "4094", "flag": "d m           ", "port": "24"}, {"mac": "98:4b:e1:7b:84:42", "vlan_name": "Consola", "vlan_id": "4094", "flag": "d m           ", "port": "24"}, {"mac": "98:4b:e1:7b:96:03", "vlan_name": "Consola", "vlan_id": "4094", "flag": "d m           ", "port": "24"}, {"mac": "98:4b:e1:7b:e4:ad", "vlan_name": "Consola", "vlan_id": "4094", "flag": "d m           ", "port": "24"}, {"mac": "98:be:94:21:fc:63", "vlan_name": "Consola", "vlan_id": "4094", "flag": "d m           ", "port": "24"}, {"mac": "98:be:94:36:02:69", "vlan_name": "Consolas3", "vlan_id": "1170", "flag": "d m           ", "port": "24"}, {"mac": "98:be:94:36:13:f5", "vlan_name": "Consola", "vlan_id": "4094", "flag": "d m           ", "port": "24"}, {"mac": "98:be:94:36:15:59", "vlan_name": "Consola", "vlan_id": "4094", "flag": "d m           ", "port": "24"}, {"mac": "98:be:94:36:18:a8", "vlan_name": "Consola", "vlan_id": "4094", "flag": "d m           ", "port": "24"}, {"mac": "98:be:94:36:1a:05", "vlan_name": "Consola", "vlan_id": "4094", "flag": "d m           ", "port": "24"}, {"mac": "98:be:94:36:1a:65", "vlan_name": "Consola", "vlan_id": "4094", "flag": "d m           ", "port": "24"}, {"mac": "98:be:94:36:3a:34", "vlan_name": "Consola", "vlan_id": "4094", "flag": "d m           ", "port": "24"}, {"mac": "98:be:94:36:3b:45", "vlan_name": "Consola", "vlan_id": "4094", "flag": "d m           ", "port": "24"}, {"mac": "98:be:94:36:3b:79", "vlan_name": "Consola", "vlan_id": "4094", "flag": "d m           ", "port": "24"}, {"mac": "98:be:94:36:3f:71", "vlan_name": "Consolas3", "vlan_id": "1170", "flag": "d m           ", "port": "24"}, {"mac": "98:be:94:36:41:2d", "vlan_name": "Consola", "vlan_id": "4094", "flag": "d m           ", "port": "24"}, {"mac": "98:be:94:36:46:61", "vlan_name": "Consola", "vlan_id": "4094", "flag": "d m           ", "port": "24"}, {"mac": "98:be:94:36:50:3d", "vlan_name": "Consola", "vlan_id": "4094", "flag": "d m           ", "port": "24"}, {"mac": "98:be:94:36:53:64", "vlan_name": "Consola", "vlan_id": "4094", "flag": "d m           ", "port": "24"}, {"mac": "98:be:94:36:54:a9", "vlan_name": "Consolas3", "vlan_id": "1170", "flag": "d m           ", "port": "24"}, {"mac": "98:be:94:36:65:54", "vlan_name": "Consola", "vlan_id": "4094", "flag": "d m           ", "port": "24"}, {"mac": "98:be:94:36:85:a5", "vlan_name": "Consolas3", "vlan_id": "1170", "flag": "d m           ", "port": "24"}, {"mac": "98:be:94:36:87:0d", "vlan_name": "Consolas3", "vlan_id": "1170", "flag": "d m           ", "port": "24"}, {"mac": "98:be:94:3b:7d:3d", "vlan_name": "Consola", "vlan_id": "4094", "flag": "d m           ", "port": "24"}, {"mac": "98:be:94:44:cb:ec", "vlan_name": "Consola", "vlan_id": "4094", "flag": "d m           ", "port": "24"}, {"mac": "98:be:94:44:cb:ed", "vlan_name": "Consola", "vlan_id": "4094", "flag": "d m           ", "port": "24"}, {"mac": "98:be:94:44:cf:7c", "vlan_name": "Consola", "vlan_id": "4094", "flag": "d m           ", "port": "24"}, {"mac": "98:be:94:44:cf:7d", "vlan_name": "Consola", "vlan_id": "4094", "flag": "d m           ", "port": "24"}, {"mac": "9c:8e:99:19:3c:5c", "vlan_name": "Consola", "vlan_id": "4094", "flag": "d m           ", "port": "24"}, {"mac": "9c:b6:54:7f:4e:5b", "vlan_name": "Consola", "vlan_id": "4094", "flag": "d m           ", "port": "24"}, {"mac": "9c:b6:54:7f:de:4f", "vlan_name": "Consola", "vlan_id": "4094", "flag": "d m           ", "port": "24"}, {"mac": "a4:5d:36:55:40:28", "vlan_name": "Consola", "vlan_id": "4094", "flag": "d m           ", "port": "24"}, {"mac": "ac:1f:6b:45:68:5c", "vlan_name": "Consola", "vlan_id": "4094", "flag": "d m           ", "port": "24"}, {"mac": "ac:1f:6b:63:49:ec", "vlan_name": "Consolas3", "vlan_id": "1170", "flag": "d m           ", "port": "24"}, {"mac": "b4:b5:2f:ed:87:aa", "vlan_name": "Consola", "vlan_id": "4094", "flag": "d m           ", "port": "24"}, {"mac": "b4:b5:2f:ef:34:e0", "vlan_name": "Consola", "vlan_id": "4094", "flag": "d m           ", "port": "24"}, {"mac": "b4:de:31:72:24:30", "vlan_name": "Consola", "vlan_id": "4094", "flag": "d m           ", "port": "22"}, {"mac": "b4:de:31:ad:20:28", "vlan_name": "Consola", "vlan_id": "4094", "flag": "d m           ", "port": "23"}, {"mac": "b4:de:31:ad:28:53", "vlan_name": "Entel_Internet", "vlan_id": "4091", "flag": "d m           ", "port": "16"}, {"mac": "b4:de:31:c5:8c:9c", "vlan_name": "Entel_Internet", "vlan_id": "4091", "flag": "d m           ", "port": "16"}, {"mac": "c4:34:6b:ad:68:2c", "vlan_name": "Consola", "vlan_id": "4094", "flag": "d m           ", "port": "24"}, {"mac": "c8:1f:66:c3:51:9e", "vlan_name": "Consola", "vlan_id": "4094", "flag": "d m           ", "port": "24"}, {"mac": "cc:16:7e:75:89:99", "vlan_name": "Entel_Internet", "vlan_id": "4091", "flag": "d m           ", "port": "10"}, {"mac": "d0:43:1e:f3:c9:ee", "vlan_name": "Consolas3", "vlan_id": "1170", "flag": "d m           ", "port": "23"}, {"mac": "d0:7e:28:ba:fa:22", "vlan_name": "Consola", "vlan_id": "4094", "flag": "d m           ", "port": "19"}, {"mac": "d0:7e:28:d2:03:e7", "vlan_name": "Consola", "vlan_id": "4094", "flag": "d m           ", "port": "4"}, {"mac": "d0:7e:28:d2:03:ec", "vlan_name": "BF_DMZ_Amunategui", "vlan_id": "3200", "flag": "d m           ", "port": "10"}, {"mac": "d0:7e:28:d2:03:f6", "vlan_name": "Entel_Internet", "vlan_id": "4091", "flag": "d m           ", "port": "10"}, {"mac": "d0:7e:28:d2:04:16", "vlan_name": "Entel_Internet", "vlan_id": "4091", "flag": "d m           ", "port": "10"}, {"mac": "d0:94:66:0a:90:52", "vlan_name": "Consolas3", "vlan_id": "1170", "flag": "d m           ", "port": "24"}, {"mac": "d4:f4:be:9e:15:24", "vlan_name": "Entel_Internet", "vlan_id": "4091", "flag": "d m           ", "port": "10"}, {"mac": "d8:9d:67:65:c5:8e", "vlan_name": "Consola", "vlan_id": "4094", "flag": "d m           ", "port": "24"}, {"mac": "d8:9d:67:67:3b:69", "vlan_name": "Consola", "vlan_id": "4094", "flag": "d m           ", "port": "24"}, {"mac": "d8:9d:67:67:6b:ac", "vlan_name": "Consola", "vlan_id": "4094", "flag": "d m           ", "port": "24"}, {"mac": "d8:9d:67:67:89:8c", "vlan_name": "Consola", "vlan_id": "4094", "flag": "d m           ", "port": "24"}, {"mac": "d8:9d:67:67:89:cb", "vlan_name": "Consola", "vlan_id": "4094", "flag": "d m           ", "port": "24"}, {"mac": "d8:9d:67:67:ba:e5", "vlan_name": "Consola", "vlan_id": "4094", "flag": "d m           ", "port": "24"}, {"mac": "d8:9d:67:67:ea:be", "vlan_name": "Consola", "vlan_id": "4094", "flag": "d m           ", "port": "24"}, {"mac": "d8:9d:67:71:7a:ef", "vlan_name": "Consola", "vlan_id": "4094", "flag": "d m           ", "port": "24"}, {"mac": "d8:9d:67:77:6f:3b", "vlan_name": "Consola", "vlan_id": "4094", "flag": "d m           ", "port": "24"}, {"mac": "dc:f7:19:ca:a5:3b", "vlan_name": "Entel_Internet", "vlan_id": "4091", "flag": "d m           ", "port": "10"}, {"mac": "dc:f7:19:ca:a5:46", "vlan_name": "Entel_Internet", "vlan_id": "4091", "flag": "d m           ", "port": "10"}, {"mac": "dc:f7:19:cb:8c:46", "vlan_name": "Entel_Internet", "vlan_id": "4091", "flag": "d m           ", "port": "10"}, {"mac": "e0:07:1b:fa:94:1a", "vlan_name": "Consola", "vlan_id": "4094", "flag": "d m           ", "port": "24"}, {"mac": "e4:1f:13:25:91:91", "vlan_name": "Consola", "vlan_id": "4094", "flag": "d m           ", "port": "24"}, {"mac": "e4:1f:13:26:d2:89", "vlan_name": "Consola", "vlan_id": "4094", "flag": "d m           ", "port": "24"}, {"mac": "e4:1f:13:31:66:e8", "vlan_name": "Consolas3", "vlan_id": "1170", "flag": "d m           ", "port": "24"}, {"mac": "e4:1f:13:4a:55:c5", "vlan_name": "Consola", "vlan_id": "4094", "flag": "d m           ", "port": "24"}, {"mac": "e4:1f:13:4a:56:49", "vlan_name": "Consola", "vlan_id": "4094", "flag": "d m           ", "port": "24"}, {"mac": "e4:1f:13:4a:fa:bd", "vlan_name": "Consola", "vlan_id": "4094", "flag": "d m           ", "port": "24"}, {"mac": "e4:1f:13:4b:b0:ec", "vlan_name": "Consola", "vlan_id": "4094", "flag": "d m           ", "port": "24"}, {"mac": "e4:1f:13:52:c5:c5", "vlan_name": "Consola", "vlan_id": "4094", "flag": "d m           ", "port": "24"}, {"mac": "e4:1f:13:64:38:c2", "vlan_name": "Consola", "vlan_id": "4094", "flag": "d m           ", "port": "24"}, {"mac": "e4:1f:13:97:bf:ee", "vlan_name": "Consola", "vlan_id": "4094", "flag": "d m           ", "port": "24"}, {"mac": "e4:1f:13:a7:3b:9d", "vlan_name": "Consola", "vlan_id": "4094", "flag": "d m           ", "port": "24"}, {"mac": "e4:1f:13:a7:a3:4d", "vlan_name": "Consola", "vlan_id": "4094", "flag": "d m           ", "port": "24"}, {"mac": "e4:1f:13:aa:70:0d", "vlan_name": "Consola", "vlan_id": "4094", "flag": "d m           ", "port": "24"}, {"mac": "e4:1f:13:ab:4f:55", "vlan_name": "Consola", "vlan_id": "4094", "flag": "d m           ", "port": "24"}, {"mac": "e4:1f:13:ab:6b:d1", "vlan_name": "Consola", "vlan_id": "4094", "flag": "d m           ", "port": "24"}, {"mac": "e4:1f:13:ab:71:c5", "vlan_name": "Consola", "vlan_id": "4094", "flag": "d m           ", "port": "24"}, {"mac": "e4:1f:13:ab:e1:d1", "vlan_name": "Consola", "vlan_id": "4094", "flag": "d m           ", "port": "24"}, {"mac": "e4:1f:13:ae:3a:ed", "vlan_name": "Consola", "vlan_id": "4094", "flag": "d m           ", "port": "24"}, {"mac": "e4:1f:13:af:0a:95", "vlan_name": "Consola", "vlan_id": "4094", "flag": "d m           ", "port": "24"}, {"mac": "e4:1f:13:b2:07:21", "vlan_name": "Consola", "vlan_id": "4094", "flag": "d m           ", "port": "23"}, {"mac": "e4:1f:13:e8:ca:11", "vlan_name": "Consola", "vlan_id": "4094", "flag": "d m           ", "port": "24"}, {"mac": "e4:1f:13:ec:30:66", "vlan_name": "Consola", "vlan_id": "4094", "flag": "d m           ", "port": "24"}, {"mac": "e4:1f:13:ee:2b:f6", "vlan_name": "Consola", "vlan_id": "4094", "flag": "d m           ", "port": "24"}, {"mac": "ec:b1:d7:86:99:69", "vlan_name": "Consola", "vlan_id": "4094", "flag": "d m           ", "port": "24"}, {"mac": "f0:92:1c:11:ea:20", "vlan_name": "Consola", "vlan_id": "4094", "flag": "d m           ", "port": "24"}, {"mac": "f8:b1:56:7e:08:31", "vlan_name": "Consolas3", "vlan_id": "1170", "flag": "d m           ", "port": "23"}, {"mac": "fc:15:b4:0e:80:00", "vlan_name": "Consola", "vlan_id": "4094", "flag": "d m           ", "port": "24"}, {"mac": "fc:15:b4:11:8e:49", "vlan_name": "Consola", "vlan_id": "4094", "flag": "d m           ", "port": "24"}, {"mac": "fc:15:b4:11:8e:69", "vlan_name": "Consola", "vlan_id": "4094", "flag": "d m           ", "port": "24"}, {"mac": "fc:15:b4:11:8e:b6", "vlan_name": "Consola", "vlan_id": "4094", "flag": "d m           ", "port": "24"}, {"mac": "fc:15:b4:11:8e:ed", "vlan_name": "Consola", "vlan_id": "4094", "flag": "d m           ", "port": "24"}, {"mac": "fc:15:b4:11:9e:0d", "vlan_name": "Consola", "vlan_id": "4094", "flag": "d m           ", "port": "24"}, {"mac": "fc:15:b4:11:9e:44", "vlan_name": "Consola", "vlan_id": "4094", "flag": "d m           ", "port": "24"}, {"mac": "fc:15:b4:11:9e:79", "vlan_name": "Consola", "vlan_id": "4094", "flag": "d m           ", "port": "24"}, {"mac": "fc:15:b4:11:ae:ad", "vlan_name": "Consola", "vlan_id": "4094", "flag": "d m           ", "port": "24"}, {"mac": "fc:15:b4:12:91:40", "vlan_name": "Consola", "vlan_id": "4094", "flag": "d m           ", "port": "24"}, {"mac": "fc:15:b4:12:a1:66", "vlan_name": "Consola", "vlan_id": "4094", "flag": "d m           ", "port": "24"}, {"mac": "fc:15:b4:fa:48:30", "vlan_name": "Consola", "vlan_id": "4094", "flag": "d m           ", "port": "24"}]