[{"mac": "00:00:5e:00:01:62", "vlan_name": "ser_balanceados", "vlan_id": "98", "flag": "d m          ", "port": "1"}, {"mac": "00:04:96:28:1a:fe", "vlan_name": "ser_balanceados", "vlan_id": "98", "flag": "d m          ", "port": "1"}, {"mac": "00:04:96:37:1d:f6", "vlan_name": "ser_balanceados", "vlan_id": "98", "flag": "d m          ", "port": "1"}, {"mac": "00:04:96:51:ef:9a", "vlan_name": "ser_balanceados", "vlan_id": "98", "flag": "d m          ", "port": "1"}, {"mac": "00:04:96:51:ef:9a", "vlan_name": "Servidores_BalInt", "vlan_id": "4093", "flag": "d m          ", "port": "21"}, {"mac": "00:04:96:52:18:50", "vlan_name": "ser_balanceados", "vlan_id": "98", "flag": "d m          ", "port": "1"}, {"mac": "00:04:96:52:18:50", "vlan_name": "Servidores_BalInt", "vlan_id": "4093", "flag": "d m          ", "port": "21"}, {"mac": "00:04:96:52:23:5b", "vlan_name": "ser_balanceados", "vlan_id": "98", "flag": "d m          ", "port": "1"}, {"mac": "00:04:96:52:23:5b", "vlan_name": "Servidores_BalInt", "vlan_id": "4093", "flag": "d m          ", "port": "21"}, {"mac": "00:04:96:82:5a:71", "vlan_name": "Servidores_BalInt", "vlan_id": "4093", "flag": "d m          ", "port": "21"}, {"mac": "00:0a:f7:13:19:fc", "vlan_name": "Servidores_BalInt", "vlan_id": "4093", "flag": "d m          ", "port": "21"}, {"mac": "00:10:18:57:fe:22", "vlan_name": "Servidores_BalInt", "vlan_id": "4093", "flag": "d m          ", "port": "11"}, {"mac": "00:14:5e:15:cd:bd", "vlan_name": "ser_balanceados", "vlan_id": "98", "flag": "d m          ", "port": "1"}, {"mac": "00:14:5e:7f:50:66", "vlan_name": "ser_balanceados", "vlan_id": "98", "flag": "d m          ", "port": "4"}, {"mac": "00:14:5e:7f:50:67", "vlan_name": "Servidores_BalInt", "vlan_id": "4093", "flag": "d m          ", "port": "14"}, {"mac": "00:14:5e:de:74:b8", "vlan_name": "ser_balanceados", "vlan_id": "98", "flag": "d m          ", "port": "2"}, {"mac": "00:14:5e:de:74:bc", "vlan_name": "ser_balanceados", "vlan_id": "98", "flag": "d m          ", "port": "2"}, {"mac": "00:1a:64:2b:9a:db", "vlan_name": "ser_balanceados", "vlan_id": "98", "flag": "d m          ", "port": "1"}, {"mac": "00:1a:64:77:e8:60", "vlan_name": "ser_balanceados", "vlan_id": "98", "flag": "d m          ", "port": "1"}, {"mac": "00:1a:64:79:be:f8", "vlan_name": "ser_balanceados", "vlan_id": "98", "flag": "d m          ", "port": "1"}, {"mac": "00:1a:64:91:da:4a", "vlan_name": "ser_balanceados", "vlan_id": "98", "flag": "d m          ", "port": "1"}, {"mac": "00:1a:64:96:73:dd", "vlan_name": "ser_balanceados", "vlan_id": "98", "flag": "d m          ", "port": "3"}, {"mac": "00:1a:64:96:73:df", "vlan_name": "Servidores_BalInt", "vlan_id": "4093", "flag": "d m          ", "port": "18"}, {"mac": "00:1a:64:99:0b:a8", "vlan_name": "ser_balanceados", "vlan_id": "98", "flag": "d m          ", "port": "5"}, {"mac": "00:1a:64:99:0b:aa", "vlan_name": "Servidores_BalInt", "vlan_id": "4093", "flag": "d m          ", "port": "17"}, {"mac": "00:1a:64:99:21:2c", "vlan_name": "ser_balanceados", "vlan_id": "98", "flag": "d m          ", "port": "6"}, {"mac": "00:1a:64:9a:1c:f8", "vlan_name": "ser_balanceados", "vlan_id": "98", "flag": "d m          ", "port": "3"}, {"mac": "00:1a:64:9a:42:ea", "vlan_name": "ser_balanceados", "vlan_id": "98", "flag": "d m          ", "port": "5"}, {"mac": "00:1a:64:9a:48:4b", "vlan_name": "ser_balanceados", "vlan_id": "98", "flag": "d m          ", "port": "6"}, {"mac": "00:1a:64:9a:5e:71", "vlan_name": "ser_balanceados", "vlan_id": "98", "flag": "d m          ", "port": "1"}, {"mac": "00:23:e9:40:74:05", "vlan_name": "Servidores_BalInt", "vlan_id": "4093", "flag": "d m          ", "port": "21"}, {"mac": "00:23:e9:6e:53:04", "vlan_name": "ser_balanceados", "vlan_id": "98", "flag": "d m          ", "port": "1"}, {"mac": "00:23:e9:ca:c6:1f", "vlan_name": "ser_balanceados", "vlan_id": "98", "flag": "d m          ", "port": "1"}, {"mac": "00:25:03:38:be:00", "vlan_name": "Servidores_BalInt", "vlan_id": "4093", "flag": "d m          ", "port": "11"}, {"mac": "00:50:56:90:40:df", "vlan_name": "Servidores_BalInt", "vlan_id": "4093", "flag": "d m          ", "port": "21"}, {"mac": "00:50:56:90:41:d4", "vlan_name": "Servidores_BalInt", "vlan_id": "4093", "flag": "d m          ", "port": "21"}, {"mac": "00:50:56:90:41:d6", "vlan_name": "Servidores_BalInt", "vlan_id": "4093", "flag": "d m          ", "port": "21"}, {"mac": "00:50:56:90:55:8d", "vlan_name": "Servidores_BalInt", "vlan_id": "4093", "flag": "d m          ", "port": "21"}, {"mac": "00:50:56:9c:06:df", "vlan_name": "Servidores_BalInt", "vlan_id": "4093", "flag": "d m          ", "port": "21"}, {"mac": "00:50:56:9c:22:0f", "vlan_name": "Servidores_BalInt", "vlan_id": "4093", "flag": "d m          ", "port": "21"}, {"mac": "00:50:56:9c:2a:c2", "vlan_name": "Servidores_BalInt", "vlan_id": "4093", "flag": "d m          ", "port": "21"}, {"mac": "00:50:56:9c:39:ec", "vlan_name": "Servidores_BalInt", "vlan_id": "4093", "flag": "d m          ", "port": "21"}, {"mac": "00:50:56:9c:79:b3", "vlan_name": "Servidores_BalInt", "vlan_id": "4093", "flag": "d m          ", "port": "21"}, {"mac": "00:50:56:9c:7d:20", "vlan_name": "Servidores_BalInt", "vlan_id": "4093", "flag": "d m          ", "port": "21"}, {"mac": "00:50:56:9c:7f:33", "vlan_name": "Servidores_BalInt", "vlan_id": "4093", "flag": "d m          ", "port": "21"}, {"mac": "00:50:56:a4:04:82", "vlan_name": "ser_balanceados", "vlan_id": "98", "flag": "d m          ", "port": "1"}, {"mac": "00:50:56:a4:59:d4", "vlan_name": "ser_balanceados", "vlan_id": "98", "flag": "d m          ", "port": "1"}, {"mac": "00:50:56:a4:96:ba", "vlan_name": "ser_balanceados", "vlan_id": "98", "flag": "d m          ", "port": "1"}, {"mac": "00:50:56:a4:f5:2b", "vlan_name": "ser_balanceados", "vlan_id": "98", "flag": "d m          ", "port": "1"}, {"mac": "00:50:56:b3:0c:a6", "vlan_name": "Servidores_BalInt", "vlan_id": "4093", "flag": "d m          ", "port": "21"}, {"mac": "00:50:56:b3:35:c8", "vlan_name": "Servidores_BalInt", "vlan_id": "4093", "flag": "d m          ", "port": "21"}, {"mac": "00:62:ec:b3:e8:f2", "vlan_name": "ser_balanceados", "vlan_id": "98", "flag": "d m          ", "port": "1"}, {"mac": "02:01:30:10:3a:12", "vlan_name": "ser_balanceados", "vlan_id": "98", "flag": "d m          ", "port": "1"}, {"mac": "40:f2:e9:20:ab:e3", "vlan_name": "Servidores_BalInt", "vlan_id": "4093", "flag": "d m          ", "port": "21"}, {"mac": "40:f2:e9:c3:f9:f9", "vlan_name": "Servidores_BalInt", "vlan_id": "4093", "flag": "d m          ", "port": "21"}, {"mac": "40:f2:e9:c3:f9:fd", "vlan_name": "Servidores_BalInt", "vlan_id": "4093", "flag": "d m          ", "port": "21"}, {"mac": "5c:f3:fc:21:d7:be", "vlan_name": "Servidores_BalInt", "vlan_id": "4093", "flag": "d m          ", "port": "10"}, {"mac": "5c:f3:fc:b9:26:b6", "vlan_name": "Servidores_BalInt", "vlan_id": "4093", "flag": "d m          ", "port": "21"}, {"mac": "6c:ae:8b:31:ab:51", "vlan_name": "Servidores_BalInt", "vlan_id": "4093", "flag": "d m          ", "port": "21"}, {"mac": "b4:de:31:ad:28:75", "vlan_name": "Servidores_BalInt", "vlan_id": "4093", "flag": "d m          ", "port": "21"}, {"mac": "b4:de:31:c5:8b:a9", "vlan_name": "ser_balanceados", "vlan_id": "98", "flag": "d m          ", "port": "1"}, {"mac": "b4:de:31:c5:8c:bf", "vlan_name": "Servidores_BalInt", "vlan_id": "4093", "flag": "d m          ", "port": "21"}, {"mac": "c4:34:6b:fe:9d:2e", "vlan_name": "Servidores_BalInt", "vlan_id": "4093", "flag": "d m          ", "port": "21"}, {"mac": "c4:34:6b:fe:9d:7e", "vlan_name": "Servidores_BalInt", "vlan_id": "4093", "flag": "d m          ", "port": "21"}, {"mac": "c4:34:6b:fe:cb:96", "vlan_name": "Servidores_BalInt", "vlan_id": "4093", "flag": "d m          ", "port": "21"}, {"mac": "cc:16:7e:fa:31:94", "vlan_name": "ser_balanceados", "vlan_id": "98", "flag": "d m          ", "port": "1"}, {"mac": "dc:c6:52:00:20:00", "vlan_name": "ser_balanceados", "vlan_id": "98", "flag": "d m          ", "port": "1"}, {"mac": "e4:1f:13:64:43:86", "vlan_name": "Servidores_BalInt", "vlan_id": "4093", "flag": "d m          ", "port": "9"}, {"mac": "e4:1f:13:b8:6b:a8", "vlan_name": "ser_balanceados", "vlan_id": "98", "flag": "d m          ", "port": "1"}, {"mac": "e4:1f:13:b8:6b:d0", "vlan_name": "ser_balanceados", "vlan_id": "98", "flag": "d m          ", "port": "1"}]