[{"port": "Port", "neighbor": "Neighbor", "neighbor_id": "Neighbor-ID", "remote_port": "Remote", "num_vlans": "Num"}, {"port": "6", "neighbor": "LV_RL13_Switch_HMC_16", "neighbor_id": "00:00:00:04:96:52:43:83", "remote_port": "1:26", "num_vlans": "1"}, {"port": "10", "neighbor": "LV_RO13C_HMC03", "neighbor_id": "00:00:00:04:96:8b:90:17", "remote_port": "1:1", "num_vlans": "1"}, {"port": "11", "neighbor": "RACK_1-2-3-004_CDLV", "neighbor_id": "00:00:00:04:96:8b:90:05", "remote_port": "1:1", "num_vlans": "1"}, {"port": "12", "neighbor": "LV_RO13C_HMC03", "neighbor_id": "00:00:00:04:96:8b:90:17", "remote_port": "1:24", "num_vlans": "1"}, {"port": "13", "neighbor": "RACK_1-2-3-004_CDLV", "neighbor_id": "00:00:00:04:96:8b:90:05", "remote_port": "1:24", "num_vlans": "1"}]