[{"mac": "00:09:6b:75:41:94", "vlan_name": "HMC2", "vlan_id": "4094", "flag": "d m           ", "port": "13"}, {"mac": "00:09:6b:75:55:10", "vlan_name": "HMC2", "vlan_id": "4094", "flag": "d m           ", "port": "21"}, {"mac": "00:09:6b:75:98:fa", "vlan_name": "HMC2", "vlan_id": "4094", "flag": "d m           ", "port": "20"}, {"mac": "00:11:25:41:94:6c", "vlan_name": "HMC2", "vlan_id": "4094", "flag": "d m           ", "port": "26"}, {"mac": "00:11:25:7d:1b:de", "vlan_name": "HMC2", "vlan_id": "4094", "flag": "d m           ", "port": "16"}, {"mac": "00:14:5e:d2:e5:00", "vlan_name": "HMC2", "vlan_id": "4094", "flag": "d m           ", "port": "13"}, {"mac": "00:14:5e:d2:ff:74", "vlan_name": "HMC1", "vlan_id": "4093", "flag": "d m           ", "port": "14"}, {"mac": "00:14:5e:e3:82:a1", "vlan_name": "HMC2", "vlan_id": "4094", "flag": "d m           ", "port": "22"}, {"mac": "00:1a:64:cd:02:ae", "vlan_name": "HMC2", "vlan_id": "4094", "flag": "d m           ", "port": "23"}, {"mac": "00:1a:64:cd:02:ce", "vlan_name": "HMC2", "vlan_id": "4094", "flag": "d m           ", "port": "24"}, {"mac": "00:1a:64:cd:6c:f6", "vlan_name": "HMC2", "vlan_id": "4094", "flag": "d m           ", "port": "19"}, {"mac": "00:21:5e:44:39:12", "vlan_name": "HMC1", "vlan_id": "4093", "flag": "d m           ", "port": "15"}, {"mac": "00:21:5e:44:39:13", "vlan_name": "HMC2", "vlan_id": "4094", "flag": "d m           ", "port": "17"}, {"mac": "5c:f3:fc:00:00:b1", "vlan_name": "HMC1", "vlan_id": "4093", "flag": "d m           ", "port": "5"}, {"mac": "5c:f3:fc:00:c7:52", "vlan_name": "HMC1", "vlan_id": "4093", "flag": "d m           ", "port": "6"}, {"mac": "5c:f3:fc:00:cf:66", "vlan_name": "HMC1", "vlan_id": "4093", "flag": "d m           ", "port": "6"}, {"mac": "5c:f3:fc:00:d0:d4", "vlan_name": "HMC1", "vlan_id": "4093", "flag": "d m           ", "port": "6"}, {"mac": "5c:f3:fc:00:d0:ea", "vlan_name": "HMC1", "vlan_id": "4093", "flag": "d m           ", "port": "6"}, {"mac": "5c:f3:fc:2f:cb:3c", "vlan_name": "HMC1", "vlan_id": "4093", "flag": "d m           ", "port": "9"}, {"mac": "5c:f3:fc:3a:40:e8", "vlan_name": "HMC1", "vlan_id": "4093", "flag": "d m           ", "port": "6"}, {"mac": "5c:f3:fc:4e:51:d0", "vlan_name": "HMC1", "vlan_id": "4093", "flag": "d m           ", "port": "25"}, {"mac": "e4:1f:13:6f:48:60", "vlan_name": "HMC1", "vlan_id": "4093", "flag": "d m           ", "port": "1"}, {"mac": "e4:1f:13:6f:6c:bc", "vlan_name": "HMC1", "vlan_id": "4093", "flag": "d m           ", "port": "10"}, {"mac": "e4:1f:13:6f:75:ee", "vlan_name": "HMC1", "vlan_id": "4093", "flag": "d m           ", "port": "2"}, {"mac": "e4:1f:13:6f:76:00", "vlan_name": "HMC1", "vlan_id": "4093", "flag": "d m           ", "port": "4"}, {"mac": "e4:1f:13:6f:aa:a4", "vlan_name": "HMC1", "vlan_id": "4093", "flag": "d m           ", "port": "7"}, {"mac": "e4:1f:13:6f:b2:16", "vlan_name": "HMC1", "vlan_id": "4093", "flag": "d m           ", "port": "10"}, {"mac": "e4:1f:13:6f:d4:4a", "vlan_name": "HMC1", "vlan_id": "4093", "flag": "d m           ", "port": "8"}, {"mac": "e4:1f:13:8e:15:1c", "vlan_name": "HMC1", "vlan_id": "4093", "flag": "d m           ", "port": "6"}]