[{"port": "Port", "neighbor": "Neighbor", "neighbor_id": "Neighbor-ID", "remote_port": "Remote", "num_vlans": "Num"}, {"port": "1:26", "neighbor": "LV_RL27_CORE_01", "neighbor_id": "00:00:00:04:96:43:e3:10", "remote_port": "4:1", "num_vlans": "13"}, {"port": "3:4", "neighbor": "LV_RG28C_DMZ_02", "neighbor_id": "00:00:00:04:96:98:0d:ec", "remote_port": "1:24", "num_vlans": "0"}, {"port": "3:7", "neighbor": "CDLV_RG30_SW_VISA", "neighbor_id": "00:00:00:04:96:98:0d:4e", "remote_port": "1:24", "num_vlans": "0"}]