[{"mac": "00:00:5e:00:01:3c", "vlan_name": "A7_BF-PE", "vlan_id": "160", "flag": "d m           ", "port": "1:1"}, {"mac": "00:00:5e:00:01:3c", "vlan_name": "A7_CMR-CL", "vlan_id": "161", "flag": "d m           ", "port": "1:1"}, {"mac": "00:04:96:43:bc:80", "vlan_name": "A7_BF-PE", "vlan_id": "160", "flag": "d m           ", "port": "1:1"}, {"mac": "00:04:96:43:bc:80", "vlan_name": "A7_CMR-CL", "vlan_id": "161", "flag": "d m           ", "port": "1:1"}, {"mac": "00:04:96:43:e3:10", "vlan_name": "A7_BF-PE", "vlan_id": "160", "flag": "d m           ", "port": "1:1"}, {"mac": "00:04:96:43:e3:10", "vlan_name": "A7_CMR-CL", "vlan_id": "161", "flag": "d m           ", "port": "1:1"}, {"mac": "00:04:96:98:80:b2", "vlan_name": "A7_BF-PE", "vlan_id": "160", "flag": "d m           ", "port": "1:1"}, {"mac": "00:04:96:98:80:b2", "vlan_name": "A7_CMR-CL", "vlan_id": "161", "flag": "d m           ", "port": "1:1"}, {"mac": "00:04:96:9a:73:d6", "vlan_name": "A7_BF-PE", "vlan_id": "160", "flag": "d m           ", "port": "1:1"}, {"mac": "00:04:96:9a:73:d6", "vlan_name": "A7_CMR-CL", "vlan_id": "161", "flag": "d m           ", "port": "1:1"}, {"mac": "00:62:ec:b3:e8:f2", "vlan_name": "A7_BF-PE", "vlan_id": "160", "flag": "d m           ", "port": "1:1"}, {"mac": "00:62:ec:b3:e8:f2", "vlan_name": "A7_CMR-CL", "vlan_id": "161", "flag": "d m           ", "port": "1:1"}, {"mac": "40:f2:e9:5c:53:61", "vlan_name": "A7_BF-PE", "vlan_id": "160", "flag": "d m           ", "port": "1:6"}, {"mac": "40:f2:e9:5c:66:d2", "vlan_name": "A7_BF-PE", "vlan_id": "160", "flag": "d m           ", "port": "1:1"}, {"mac": "40:f2:e9:5c:67:f2", "vlan_name": "A7_BF-PE", "vlan_id": "160", "flag": "d m           ", "port": "1:1"}, {"mac": "8c:60:4f:e8:6c:c4", "vlan_name": "A7_BF-PE", "vlan_id": "160", "flag": "d m           ", "port": "1:1"}, {"mac": "8c:60:4f:e8:6c:c4", "vlan_name": "A7_CMR-CL", "vlan_id": "161", "flag": "d m           ", "port": "1:1"}, {"mac": "8c:60:4f:e8:8d:c4", "vlan_name": "A7_BF-PE", "vlan_id": "160", "flag": "d m           ", "port": "1:1"}, {"mac": "8c:60:4f:e8:8d:c4", "vlan_name": "A7_CMR-CL", "vlan_id": "161", "flag": "d m           ", "port": "1:1"}, {"mac": "98:be:94:00:99:c0", "vlan_name": "A7_CMR-CL", "vlan_id": "161", "flag": "d m           ", "port": "2:2"}, {"mac": "98:be:94:00:ac:18", "vlan_name": "A7_CMR-CL", "vlan_id": "161", "flag": "d m           ", "port": "1:1"}, {"mac": "cc:16:7e:fa:31:94", "vlan_name": "A7_BF-PE", "vlan_id": "160", "flag": "d m           ", "port": "1:1"}, {"mac": "cc:16:7e:fa:31:94", "vlan_name": "A7_CMR-CL", "vlan_id": "161", "flag": "d m           ", "port": "1:1"}]