[{"mac": "00:01:d7:eb:28:81", "vlan_name": "Consola", "vlan_id": "4094", "flag": "d m           ", "port": "24"}, {"mac": "00:04:96:28:16:6b", "vlan_name": "Consola", "vlan_id": "4094", "flag": "d m           ", "port": "24"}, {"mac": "00:04:96:36:8b:1a", "vlan_name": "Consola", "vlan_id": "4094", "flag": "d m           ", "port": "24"}, {"mac": "00:04:96:36:8b:22", "vlan_name": "Consola", "vlan_id": "4094", "flag": "d m           ", "port": "24"}, {"mac": "00:04:96:36:c7:51", "vlan_name": "Consola", "vlan_id": "4094", "flag": "d m           ", "port": "24"}, {"mac": "00:04:96:36:f9:13", "vlan_name": "Consola", "vlan_id": "4094", "flag": "d m           ", "port": "24"}, {"mac": "00:04:96:36:fb:c7", "vlan_name": "Consola", "vlan_id": "4094", "flag": "d m           ", "port": "24"}, {"mac": "00:04:96:51:de:aa", "vlan_name": "Consola", "vlan_id": "4094", "flag": "d m           ", "port": "24"}, {"mac": "00:04:96:51:de:c5", "vlan_name": "Consola", "vlan_id": "4094", "flag": "d m           ", "port": "24"}, {"mac": "00:04:96:52:18:9a", "vlan_name": "Consola", "vlan_id": "4094", "flag": "d m           ", "port": "24"}, {"mac": "00:04:96:52:23:5b", "vlan_name": "Consola", "vlan_id": "4094", "flag": "d m           ", "port": "24"}, {"mac": "00:04:96:52:2c:c2", "vlan_name": "Consola", "vlan_id": "4094", "flag": "d m           ", "port": "24"}, {"mac": "00:04:96:52:43:06", "vlan_name": "Consola", "vlan_id": "4094", "flag": "d m           ", "port": "24"}, {"mac": "00:04:96:52:43:83", "vlan_name": "Consola", "vlan_id": "4094", "flag": "d m           ", "port": "24"}, {"mac": "00:04:96:52:43:d4", "vlan_name": "Consola", "vlan_id": "4094", "flag": "d m           ", "port": "24"}, {"mac": "00:04:96:6d:6c:ce", "vlan_name": "Consola", "vlan_id": "4094", "flag": "d m           ", "port": "24"}, {"mac": "00:04:96:7d:e8:9a", "vlan_name": "Consola", "vlan_id": "4094", "flag": "d m           ", "port": "24"}, {"mac": "00:04:96:7d:e8:a2", "vlan_name": "Consola", "vlan_id": "4094", "flag": "d m           ", "port": "24"}, {"mac": "00:04:96:7d:f8:91", "vlan_name": "Consola", "vlan_id": "4094", "flag": "d m           ", "port": "24"}, {"mac": "00:04:96:7e:03:87", "vlan_name": "Consola", "vlan_id": "4094", "flag": "d m           ", "port": "24"}, {"mac": "00:04:96:82:14:54", "vlan_name": "Consola", "vlan_id": "4094", "flag": "d m           ", "port": "24"}, {"mac": "00:04:96:82:1a:8a", "vlan_name": "Consola", "vlan_id": "4094", "flag": "d m           ", "port": "24"}, {"mac": "00:04:96:82:5a:4f", "vlan_name": "Consola", "vlan_id": "4094", "flag": "d m           ", "port": "24"}, {"mac": "00:04:96:82:5a:71", "vlan_name": "Consola", "vlan_id": "4094", "flag": "d m           ", "port": "24"}, {"mac": "00:04:96:82:60:03", "vlan_name": "Consola", "vlan_id": "4094", "flag": "d m           ", "port": "24"}, {"mac": "00:04:96:82:60:05", "vlan_name": "Consola", "vlan_id": "4094", "flag": "d m           ", "port": "24"}, {"mac": "00:04:96:82:60:4e", "vlan_name": "Consola", "vlan_id": "4094", "flag": "d m           ", "port": "24"}, {"mac": "00:04:96:82:60:50", "vlan_name": "Consola", "vlan_id": "4094", "flag": "d m           ", "port": "24"}, {"mac": "00:04:96:83:83:9b", "vlan_name": "Consola", "vlan_id": "4094", "flag": "d m           ", "port": "24"}, {"mac": "00:04:96:83:87:b0", "vlan_name": "Consola", "vlan_id": "4094", "flag": "d m           ", "port": "24"}, {"mac": "00:04:96:83:87:f3", "vlan_name": "Consola", "vlan_id": "4094", "flag": "d m           ", "port": "24"}, {"mac": "00:04:96:83:88:0f", "vlan_name": "Consola", "vlan_id": "4094", "flag": "d m           ", "port": "24"}, {"mac": "00:04:96:83:97:62", "vlan_name": "Consola", "vlan_id": "4094", "flag": "d m           ", "port": "24"}, {"mac": "00:04:96:8b:8f:d6", "vlan_name": "Consola", "vlan_id": "4094", "flag": "d m           ", "port": "24"}, {"mac": "00:04:96:8b:90:00", "vlan_name": "Consola", "vlan_id": "4094", "flag": "d m           ", "port": "24"}, {"mac": "00:04:96:8b:90:05", "vlan_name": "Consola", "vlan_id": "4094", "flag": "d m           ", "port": "24"}, {"mac": "00:04:96:8b:90:17", "vlan_name": "Consola", "vlan_id": "4094", "flag": "d m           ", "port": "24"}, {"mac": "00:04:96:8b:90:66", "vlan_name": "Consola", "vlan_id": "4094", "flag": "d m           ", "port": "24"}, {"mac": "00:04:96:8b:97:f4", "vlan_name": "Consola", "vlan_id": "4094", "flag": "d m           ", "port": "24"}, {"mac": "00:04:96:8b:98:1b", "vlan_name": "Consola", "vlan_id": "4094", "flag": "d m           ", "port": "24"}, {"mac": "00:04:96:8b:98:1b", "vlan_name": "consolas3", "vlan_id": "1170", "flag": "d m           ", "port": "24"}, {"mac": "00:04:96:8b:98:55", "vlan_name": "Consola", "vlan_id": "4094", "flag": "d m           ", "port": "24"}, {"mac": "00:04:96:8f:b6:e9", "vlan_name": "Consola", "vlan_id": "4094", "flag": "d m           ", "port": "24"}, {"mac": "00:04:96:8f:bb:61", "vlan_name": "Consola", "vlan_id": "4094", "flag": "d m           ", "port": "24"}, {"mac": "00:04:96:8f:bb:67", "vlan_name": "Consola", "vlan_id": "4094", "flag": "d m           ", "port": "24"}, {"mac": "00:04:96:97:87:17", "vlan_name": "Consola", "vlan_id": "4094", "flag": "d m           ", "port": "24"}, {"mac": "00:04:96:97:88:b9", "vlan_name": "Consola", "vlan_id": "4094", "flag": "d m           ", "port": "24"}, {"mac": "00:04:96:97:8b:f8", "vlan_name": "Consola", "vlan_id": "4094", "flag": "d m           ", "port": "24"}, {"mac": "00:04:96:97:8d:77", "vlan_name": "Consola", "vlan_id": "4094", "flag": "d m           ", "port": "24"}, {"mac": "00:04:96:97:c4:f2", "vlan_name": "Consola", "vlan_id": "4094", "flag": "d m           ", "port": "24"}, {"mac": "00:04:96:97:d3:3d", "vlan_name": "Consola", "vlan_id": "4094", "flag": "d m           ", "port": "24"}, {"mac": "00:04:96:97:d3:3d", "vlan_name": "consolas3", "vlan_id": "1170", "flag": "d m           ", "port": "24"}, {"mac": "00:04:96:97:e5:fd", "vlan_name": "Consola", "vlan_id": "4094", "flag": "d m           ", "port": "24"}, {"mac": "00:04:96:98:5b:f3", "vlan_name": "Consola", "vlan_id": "4094", "flag": "d m           ", "port": "24"}, {"mac": "00:04:96:98:6e:ba", "vlan_name": "Consola", "vlan_id": "4094", "flag": "d m           ", "port": "24"}, {"mac": "00:04:96:98:c9:48", "vlan_name": "Consola", "vlan_id": "4094", "flag": "d m           ", "port": "24"}, {"mac": "00:04:96:98:cc:65", "vlan_name": "Consola", "vlan_id": "4094", "flag": "d m           ", "port": "24"}, {"mac": "00:04:96:98:cc:ab", "vlan_name": "Consola", "vlan_id": "4094", "flag": "d m           ", "port": "24"}, {"mac": "00:04:96:99:1c:46", "vlan_name": "Consola", "vlan_id": "4094", "flag": "d m           ", "port": "6"}, {"mac": "00:04:96:99:1c:47", "vlan_name": "Consola", "vlan_id": "4094", "flag": "d m           ", "port": "24"}, {"mac": "00:04:96:99:1c:49", "vlan_name": "Consola", "vlan_id": "4094", "flag": "d m           ", "port": "24"}, {"mac": "00:04:96:99:64:a0", "vlan_name": "Consola", "vlan_id": "4094", "flag": "d m           ", "port": "24"}, {"mac": "00:04:96:99:65:36", "vlan_name": "Consola", "vlan_id": "4094", "flag": "d m           ", "port": "24"}, {"mac": "00:04:96:9b:42:ae", "vlan_name": "Consola", "vlan_id": "4094", "flag": "d m           ", "port": "24"}, {"mac": "00:05:1e:0b:e0:73", "vlan_name": "Consola", "vlan_id": "4094", "flag": "d m           ", "port": "24"}, {"mac": "00:05:1e:37:1a:d0", "vlan_name": "Consola", "vlan_id": "4094", "flag": "d m           ", "port": "24"}, {"mac": "00:05:1e:72:94:74", "vlan_name": "Consola", "vlan_id": "4094", "flag": "d m           ", "port": "24"}, {"mac": "00:05:1e:e2:22:68", "vlan_name": "Consola", "vlan_id": "4094", "flag": "d m           ", "port": "24"}, {"mac": "00:05:1e:e2:2f:28", "vlan_name": "Consola", "vlan_id": "4094", "flag": "d m           ", "port": "24"}, {"mac": "00:11:25:41:94:6d", "vlan_name": "Consola", "vlan_id": "4094", "flag": "d m           ", "port": "24"}, {"mac": "00:14:5e:0a:70:8e", "vlan_name": "Consola", "vlan_id": "4094", "flag": "d m           ", "port": "24"}, {"mac": "00:1e:0b:ca:0a:32", "vlan_name": "Consola", "vlan_id": "4094", "flag": "d m           ", "port": "24"}, {"mac": "00:1f:29:6d:90:41", "vlan_name": "Consola", "vlan_id": "4094", "flag": "d m           ", "port": "24"}, {"mac": "00:1f:67:b0:43:34", "vlan_name": "Consola", "vlan_id": "4094", "flag": "d m           ", "port": "24"}, {"mac": "00:21:5e:cb:9f:49", "vlan_name": "Consola", "vlan_id": "4094", "flag": "d m           ", "port": "24"}, {"mac": "00:24:81:76:2b:82", "vlan_name": "Consola", "vlan_id": "4094", "flag": "d m           ", "port": "24"}, {"mac": "00:25:90:93:f2:be", "vlan_name": "Consola", "vlan_id": "4094", "flag": "d m           ", "port": "24"}, {"mac": "00:26:55:26:37:ee", "vlan_name": "Consola", "vlan_id": "4094", "flag": "d m           ", "port": "24"}, {"mac": "00:50:56:73:75:75", "vlan_name": "Consola", "vlan_id": "4094", "flag": "d m           ", "port": "24"}, {"mac": "00:50:56:75:37:58", "vlan_name": "Consola", "vlan_id": "4094", "flag": "d m           ", "port": "24"}, {"mac": "00:60:16:3a:01:73", "vlan_name": "Consola", "vlan_id": "4094", "flag": "d m           ", "port": "24"}, {"mac": "00:60:16:3a:01:a1", "vlan_name": "Consola", "vlan_id": "4094", "flag": "d m           ", "port": "24"}, {"mac": "00:90:0b:4b:40:0a", "vlan_name": "consolas3", "vlan_id": "1170", "flag": "d m           ", "port": "24"}, {"mac": "00:a0:98:54:03:2c", "vlan_name": "Consola", "vlan_id": "4094", "flag": "d m           ", "port": "24"}, {"mac": "00:e0:27:12:d6:28", "vlan_name": "Consola", "vlan_id": "4094", "flag": "d m           ", "port": "24"}, {"mac": "00:e0:27:12:f0:ea", "vlan_name": "Consola", "vlan_id": "4094", "flag": "d m           ", "port": "24"}, {"mac": "00:e0:ec:2f:5f:d1", "vlan_name": "consolas3", "vlan_id": "1170", "flag": "d m           ", "port": "24"}, {"mac": "00:e0:ec:31:05:9d", "vlan_name": "consolas3", "vlan_id": "1170", "flag": "d m           ", "port": "24"}, {"mac": "00:fc:ba:e8:08:34", "vlan_name": "consolas3", "vlan_id": "1170", "flag": "d m           ", "port": "24"}, {"mac": "02:04:96:7e:13:cc", "vlan_name": "Consola", "vlan_id": "4094", "flag": "d m           ", "port": "24"}, {"mac": "02:04:96:97:ca:f7", "vlan_name": "Consola", "vlan_id": "4094", "flag": "d m           ", "port": "24"}, {"mac": "02:04:96:98:80:b5", "vlan_name": "Consola", "vlan_id": "4094", "flag": "d m           ", "port": "24"}, {"mac": "02:04:96:98:fb:39", "vlan_name": "Consola", "vlan_id": "4094", "flag": "d m           ", "port": "24"}, {"mac": "02:04:96:99:0c:87", "vlan_name": "Consola", "vlan_id": "4094", "flag": "d m           ", "port": "24"}, {"mac": "02:04:96:99:59:3e", "vlan_name": "Consola", "vlan_id": "4094", "flag": "d m           ", "port": "24"}, {"mac": "02:04:96:9b:42:b4", "vlan_name": "consolas3", "vlan_id": "1170", "flag": "d m           ", "port": "24"}, {"mac": "02:04:96:9b:42:c3", "vlan_name": "consolas3", "vlan_id": "1170", "flag": "d m           ", "port": "24"}, {"mac": "02:04:96:9b:42:ca", "vlan_name": "consolas3", "vlan_id": "1170", "flag": "d m           ", "port": "24"}, {"mac": "08:00:1b:00:4f:f8", "vlan_name": "Consola", "vlan_id": "4094", "flag": "d m           ", "port": "24"}, {"mac": "08:94:ef:52:ac:f0", "vlan_name": "Consola", "vlan_id": "4094", "flag": "d m           ", "port": "24"}, {"mac": "0c:c4:7a:40:0f:99", "vlan_name": "Consola", "vlan_id": "4094", "flag": "d m           ", "port": "24"}, {"mac": "0c:c4:7a:74:f6:c6", "vlan_name": "Consola", "vlan_id": "4094", "flag": "d m           ", "port": "24"}, {"mac": "0c:c4:7a:7c:39:b5", "vlan_name": "consolas3", "vlan_id": "1170", "flag": "d m           ", "port": "24"}, {"mac": "0c:c4:7a:97:78:0a", "vlan_name": "consolas3", "vlan_id": "1170", "flag": "d m           ", "port": "24"}, {"mac": "0c:c4:7a:97:de:90", "vlan_name": "Consola", "vlan_id": "4094", "flag": "d m           ", "port": "24"}, {"mac": "0c:c4:7a:c5:5b:fd", "vlan_name": "consolas3", "vlan_id": "1170", "flag": "d m           ", "port": "24"}, {"mac": "0e:c4:7a:74:f7:a2", "vlan_name": "Consola", "vlan_id": "4094", "flag": "d m           ", "port": "24"}, {"mac": "0e:c4:7a:7c:3c:d2", "vlan_name": "consolas3", "vlan_id": "1170", "flag": "d m           ", "port": "24"}, {"mac": "0e:c4:7a:c5:61:c8", "vlan_name": "consolas3", "vlan_id": "1170", "flag": "d m           ", "port": "24"}, {"mac": "10:1f:74:78:03:ac", "vlan_name": "Consola", "vlan_id": "4094", "flag": "d m           ", "port": "24"}, {"mac": "10:60:4b:a3:89:0b", "vlan_name": "Consola", "vlan_id": "4094", "flag": "d m           ", "port": "24"}, {"mac": "10:60:4b:a3:b9:e1", "vlan_name": "Consola", "vlan_id": "4094", "flag": "d m           ", "port": "24"}, {"mac": "10:60:4b:a3:bb:41", "vlan_name": "Consola", "vlan_id": "4094", "flag": "d m           ", "port": "24"}, {"mac": "10:60:4b:a5:40:7b", "vlan_name": "Consola", "vlan_id": "4094", "flag": "d m           ", "port": "24"}, {"mac": "14:18:77:59:33:4b", "vlan_name": "consolas3", "vlan_id": "1170", "flag": "d m           ", "port": "24"}, {"mac": "18:66:da:72:cc:6f", "vlan_name": "consolas3", "vlan_id": "1170", "flag": "d m           ", "port": "24"}, {"mac": "1c:c1:de:78:1e:46", "vlan_name": "Consola", "vlan_id": "4094", "flag": "d m           ", "port": "24"}, {"mac": "2c:27:d7:16:05:e0", "vlan_name": "Consola", "vlan_id": "4094", "flag": "d m           ", "port": "24"}, {"mac": "34:40:b5:97:2b:85", "vlan_name": "Consola", "vlan_id": "4094", "flag": "d m           ", "port": "24"}, {"mac": "34:40:b5:97:52:11", "vlan_name": "Consola", "vlan_id": "4094", "flag": "d m           ", "port": "24"}, {"mac": "34:40:b5:98:a9:bd", "vlan_name": "Consola", "vlan_id": "4094", "flag": "d m           ", "port": "24"}, {"mac": "34:40:b5:9a:33:f1", "vlan_name": "Consola", "vlan_id": "4094", "flag": "d m           ", "port": "24"}, {"mac": "34:40:b5:9a:34:39", "vlan_name": "Consola", "vlan_id": "4094", "flag": "d m           ", "port": "24"}, {"mac": "34:40:b5:9a:34:91", "vlan_name": "Consola", "vlan_id": "4094", "flag": "d m           ", "port": "24"}, {"mac": "34:40:b5:9b:d8:55", "vlan_name": "Consola", "vlan_id": "4094", "flag": "d m           ", "port": "24"}, {"mac": "34:40:b5:a6:6b:62", "vlan_name": "Consola", "vlan_id": "4094", "flag": "d m           ", "port": "24"}, {"mac": "34:40:b5:d4:c2:34", "vlan_name": "Consola", "vlan_id": "4094", "flag": "d m           ", "port": "24"}, {"mac": "34:40:b5:f9:b0:fd", "vlan_name": "Consola", "vlan_id": "4094", "flag": "d m           ", "port": "24"}, {"mac": "34:40:b5:fa:6f:55", "vlan_name": "Consola", "vlan_id": "4094", "flag": "d m           ", "port": "24"}, {"mac": "34:40:b5:fb:ec:d1", "vlan_name": "Consola", "vlan_id": "4094", "flag": "d m           ", "port": "24"}, {"mac": "3c:4a:92:e3:f2:4f", "vlan_name": "Consola", "vlan_id": "4094", "flag": "d m           ", "port": "24"}, {"mac": "40:f2:e9:00:4b:c1", "vlan_name": "Consola", "vlan_id": "4094", "flag": "d m           ", "port": "24"}, {"mac": "40:f2:e9:07:0e:76", "vlan_name": "Consola", "vlan_id": "4094", "flag": "d m           ", "port": "24"}, {"mac": "40:f2:e9:0c:4d:78", "vlan_name": "Consola", "vlan_id": "4094", "flag": "d m           ", "port": "24"}, {"mac": "40:f2:e9:bf:1d:c2", "vlan_name": "Consola", "vlan_id": "4094", "flag": "d m           ", "port": "24"}, {"mac": "40:f2:e9:bf:1f:4e", "vlan_name": "Consola", "vlan_id": "4094", "flag": "d m           ", "port": "24"}, {"mac": "40:f2:e9:bf:31:e0", "vlan_name": "Consola", "vlan_id": "4094", "flag": "d m           ", "port": "24"}, {"mac": "40:f2:e9:bf:33:9c", "vlan_name": "Consola", "vlan_id": "4094", "flag": "d m           ", "port": "24"}, {"mac": "40:f2:e9:c0:2b:91", "vlan_name": "Consola", "vlan_id": "4094", "flag": "d m           ", "port": "24"}, {"mac": "40:f2:e9:d8:b7:36", "vlan_name": "Consola", "vlan_id": "4094", "flag": "d m           ", "port": "24"}, {"mac": "40:f2:e9:f5:28:f4", "vlan_name": "Consola", "vlan_id": "4094", "flag": "d m           ", "port": "24"}, {"mac": "44:a8:42:15:85:47", "vlan_name": "consolas3", "vlan_id": "1170", "flag": "d m           ", "port": "24"}, {"mac": "44:a8:42:21:14:df", "vlan_name": "consolas3", "vlan_id": "1170", "flag": "d m           ", "port": "24"}, {"mac": "44:a8:42:3b:c6:e7", "vlan_name": "consolas3", "vlan_id": "1170", "flag": "d m           ", "port": "24"}, {"mac": "44:a8:42:3b:d8:ec", "vlan_name": "consolas3", "vlan_id": "1170", "flag": "d m           ", "port": "24"}, {"mac": "50:eb:1a:11:d9:96", "vlan_name": "Consola", "vlan_id": "4094", "flag": "d m           ", "port": "24"}, {"mac": "58:8a:5a:86:97:1c", "vlan_name": "consolas3", "vlan_id": "1170", "flag": "d m           ", "port": "24"}, {"mac": "5c:f3:fc:0e:71:c5", "vlan_name": "Consola", "vlan_id": "4094", "flag": "d m           ", "port": "24"}, {"mac": "5c:f3:fc:4e:51:d2", "vlan_name": "Consola", "vlan_id": "4094", "flag": "d m           ", "port": "24"}, {"mac": "5c:f3:fc:53:b9:09", "vlan_name": "Consola", "vlan_id": "4094", "flag": "d m           ", "port": "24"}, {"mac": "5c:f3:fc:bb:25:15", "vlan_name": "Consola", "vlan_id": "4094", "flag": "d m           ", "port": "24"}, {"mac": "5c:f3:fc:bf:26:b5", "vlan_name": "Consola", "vlan_id": "4094", "flag": "d m           ", "port": "24"}, {"mac": "5c:f3:fc:dd:8c:7d", "vlan_name": "Consola", "vlan_id": "4094", "flag": "d m           ", "port": "24"}, {"mac": "5c:f3:fc:eb:a1:de", "vlan_name": "Consola", "vlan_id": "4094", "flag": "d m           ", "port": "24"}, {"mac": "5c:f3:fc:eb:c2:68", "vlan_name": "Consola", "vlan_id": "4094", "flag": "d m           ", "port": "24"}, {"mac": "64:00:6a:c4:ac:1c", "vlan_name": "Consola", "vlan_id": "4094", "flag": "d m           ", "port": "24"}, {"mac": "64:31:50:50:eb:ca", "vlan_name": "Consola", "vlan_id": "4094", "flag": "d m           ", "port": "24"}, {"mac": "6c:ae:8b:2e:a1:cd", "vlan_name": "Consola", "vlan_id": "4094", "flag": "d m           ", "port": "24"}, {"mac": "6c:ae:8b:2e:a7:1c", "vlan_name": "Consola", "vlan_id": "4094", "flag": "d m           ", "port": "24"}, {"mac": "6c:ae:8b:30:f8:31", "vlan_name": "Consola", "vlan_id": "4094", "flag": "d m           ", "port": "24"}, {"mac": "6c:ae:8b:32:00:c1", "vlan_name": "Consola", "vlan_id": "4094", "flag": "d m           ", "port": "24"}, {"mac": "6c:ae:8b:32:16:f0", "vlan_name": "consolas3", "vlan_id": "1170", "flag": "d m           ", "port": "24"}, {"mac": "6c:ae:8b:32:d8:31", "vlan_name": "Consola", "vlan_id": "4094", "flag": "d m           ", "port": "24"}, {"mac": "6c:ae:8b:35:68:f9", "vlan_name": "Consola", "vlan_id": "4094", "flag": "d m           ", "port": "24"}, {"mac": "6c:ae:8b:35:6b:21", "vlan_name": "Consola", "vlan_id": "4094", "flag": "d m           ", "port": "24"}, {"mac": "6c:ae:8b:35:6f:e5", "vlan_name": "Consola", "vlan_id": "4094", "flag": "d m           ", "port": "24"}, {"mac": "6c:ae:8b:35:71:e9", "vlan_name": "Consola", "vlan_id": "4094", "flag": "d m           ", "port": "24"}, {"mac": "6c:ae:8b:35:97:45", "vlan_name": "Consola", "vlan_id": "4094", "flag": "d m           ", "port": "24"}, {"mac": "6c:ae:8b:3b:fa:8e", "vlan_name": "Consola", "vlan_id": "4094", "flag": "d m           ", "port": "24"}, {"mac": "6c:ae:8b:41:c8:3e", "vlan_name": "Consola", "vlan_id": "4094", "flag": "d m           ", "port": "24"}, {"mac": "6c:ae:8b:51:11:c2", "vlan_name": "Consola", "vlan_id": "4094", "flag": "d m           ", "port": "24"}, {"mac": "6c:ae:8b:61:69:1e", "vlan_name": "Consola", "vlan_id": "4094", "flag": "d m           ", "port": "24"}, {"mac": "6c:ae:8b:63:f8:d6", "vlan_name": "Consola", "vlan_id": "4094", "flag": "d m           ", "port": "24"}, {"mac": "74:46:a0:73:44:a2", "vlan_name": "Consola", "vlan_id": "4094", "flag": "d m           ", "port": "24"}, {"mac": "74:46:a0:73:ec:de", "vlan_name": "Consola", "vlan_id": "4094", "flag": "d m           ", "port": "24"}, {"mac": "78:e3:b5:0b:43:91", "vlan_name": "Consola", "vlan_id": "4094", "flag": "d m           ", "port": "24"}, {"mac": "7c:d3:0a:5e:94:e5", "vlan_name": "Consola", "vlan_id": "4094", "flag": "d m           ", "port": "24"}, {"mac": "80:c1:6e:76:7f:57", "vlan_name": "Consola", "vlan_id": "4094", "flag": "d m           ", "port": "24"}, {"mac": "80:c1:6e:77:97:94", "vlan_name": "Consola", "vlan_id": "4094", "flag": "d m           ", "port": "24"}, {"mac": "80:c1:6e:77:a7:9a", "vlan_name": "Consola", "vlan_id": "4094", "flag": "d m           ", "port": "24"}, {"mac": "90:6c:ac:6a:57:44", "vlan_name": "consolas3", "vlan_id": "1170", "flag": "d m           ", "port": "24"}, {"mac": "98:4b:e1:61:d2:6f", "vlan_name": "Consola", "vlan_id": "4094", "flag": "d m           ", "port": "24"}, {"mac": "98:4b:e1:7b:84:3a", "vlan_name": "Consola", "vlan_id": "4094", "flag": "d m           ", "port": "24"}, {"mac": "98:be:94:21:fc:63", "vlan_name": "Consola", "vlan_id": "4094", "flag": "d m           ", "port": "24"}, {"mac": "98:be:94:36:13:f5", "vlan_name": "Consola", "vlan_id": "4094", "flag": "d m           ", "port": "24"}, {"mac": "98:be:94:36:14:85", "vlan_name": "Consola", "vlan_id": "4094", "flag": "d m           ", "port": "24"}, {"mac": "98:be:94:36:18:a8", "vlan_name": "Consola", "vlan_id": "4094", "flag": "d m           ", "port": "24"}, {"mac": "98:be:94:36:3a:34", "vlan_name": "Consola", "vlan_id": "4094", "flag": "d m           ", "port": "24"}, {"mac": "98:be:94:36:3b:79", "vlan_name": "Consola", "vlan_id": "4094", "flag": "d m           ", "port": "24"}, {"mac": "98:be:94:3b:7d:3d", "vlan_name": "Consola", "vlan_id": "4094", "flag": "d m           ", "port": "24"}, {"mac": "98:be:94:44:cf:7c", "vlan_name": "Consola", "vlan_id": "4094", "flag": "d m           ", "port": "24"}, {"mac": "98:be:94:44:cf:7d", "vlan_name": "Consola", "vlan_id": "4094", "flag": "d m           ", "port": "24"}, {"mac": "9c:8e:99:19:3c:5c", "vlan_name": "Consola", "vlan_id": "4094", "flag": "d m           ", "port": "24"}, {"mac": "9c:b6:54:7f:4e:5b", "vlan_name": "Consola", "vlan_id": "4094", "flag": "d m           ", "port": "24"}, {"mac": "9c:b6:54:7f:de:4f", "vlan_name": "Consola", "vlan_id": "4094", "flag": "d m           ", "port": "24"}, {"mac": "a4:5d:36:55:40:28", "vlan_name": "Consola", "vlan_id": "4094", "flag": "d m           ", "port": "24"}, {"mac": "ac:1f:6b:45:68:5c", "vlan_name": "Consola", "vlan_id": "4094", "flag": "d m           ", "port": "24"}, {"mac": "ac:1f:6b:63:49:ec", "vlan_name": "consolas3", "vlan_id": "1170", "flag": "d m           ", "port": "24"}, {"mac": "b4:de:31:72:24:30", "vlan_name": "Consola", "vlan_id": "4094", "flag": "d m           ", "port": "24"}, {"mac": "b4:de:31:ad:20:28", "vlan_name": "Consola", "vlan_id": "4094", "flag": "d m           ", "port": "24"}, {"mac": "c4:34:6b:ad:68:2c", "vlan_name": "Consola", "vlan_id": "4094", "flag": "d m           ", "port": "24"}, {"mac": "c8:1f:66:c3:51:9e", "vlan_name": "Consola", "vlan_id": "4094", "flag": "d m           ", "port": "24"}, {"mac": "d0:7e:28:ba:fa:22", "vlan_name": "Consola", "vlan_id": "4094", "flag": "d m           ", "port": "24"}, {"mac": "d0:7e:28:d2:03:e7", "vlan_name": "Consola", "vlan_id": "4094", "flag": "d m           ", "port": "24"}, {"mac": "d0:94:66:0a:90:52", "vlan_name": "consolas3", "vlan_id": "1170", "flag": "d m           ", "port": "24"}, {"mac": "d8:9d:67:67:89:89", "vlan_name": "Consola", "vlan_id": "4094", "flag": "d m           ", "port": "24"}, {"mac": "d8:9d:67:67:ba:f9", "vlan_name": "Consola", "vlan_id": "4094", "flag": "d m           ", "port": "24"}, {"mac": "d8:9d:67:67:ea:be", "vlan_name": "Consola", "vlan_id": "4094", "flag": "d m           ", "port": "24"}, {"mac": "d8:9d:67:71:7a:ef", "vlan_name": "Consola", "vlan_id": "4094", "flag": "d m           ", "port": "24"}, {"mac": "d8:9d:67:77:6f:3b", "vlan_name": "Consola", "vlan_id": "4094", "flag": "d m           ", "port": "24"}, {"mac": "e4:1f:13:31:66:e8", "vlan_name": "consolas3", "vlan_id": "1170", "flag": "d m           ", "port": "24"}, {"mac": "e4:1f:13:4a:56:49", "vlan_name": "Consola", "vlan_id": "4094", "flag": "d m           ", "port": "24"}, {"mac": "e4:1f:13:4b:b0:ec", "vlan_name": "Consola", "vlan_id": "4094", "flag": "d m           ", "port": "24"}, {"mac": "e4:1f:13:58:c0:51", "vlan_name": "Consola", "vlan_id": "4094", "flag": "d m           ", "port": "24"}, {"mac": "e4:1f:13:64:38:c2", "vlan_name": "Consola", "vlan_id": "4094", "flag": "d m           ", "port": "24"}, {"mac": "e4:1f:13:97:bf:ee", "vlan_name": "Consola", "vlan_id": "4094", "flag": "d m           ", "port": "24"}, {"mac": "e4:1f:13:ab:e1:d1", "vlan_name": "Consola", "vlan_id": "4094", "flag": "d m           ", "port": "24"}, {"mac": "e4:1f:13:ae:08:ad", "vlan_name": "Consola", "vlan_id": "4094", "flag": "d m           ", "port": "24"}, {"mac": "e4:1f:13:ec:30:66", "vlan_name": "Consola", "vlan_id": "4094", "flag": "d m           ", "port": "24"}, {"mac": "e4:1f:13:ee:2b:f6", "vlan_name": "Consola", "vlan_id": "4094", "flag": "d m           ", "port": "24"}, {"mac": "ec:b1:d7:86:99:e7", "vlan_name": "Consola", "vlan_id": "4094", "flag": "d m           ", "port": "24"}, {"mac": "fc:15:b4:0e:80:00", "vlan_name": "Consola", "vlan_id": "4094", "flag": "d m           ", "port": "24"}, {"mac": "fc:15:b4:11:8e:49", "vlan_name": "Consola", "vlan_id": "4094", "flag": "d m           ", "port": "24"}, {"mac": "fc:15:b4:12:81:ee", "vlan_name": "Consola", "vlan_id": "4094", "flag": "d m           ", "port": "24"}, {"mac": "fc:15:b4:12:91:4f", "vlan_name": "Consola", "vlan_id": "4094", "flag": "d m           ", "port": "24"}]