[{"vrf": "VR-Default", "destination": "10.141.0.1", "mac": "00:04:96:36:64:8c", "static": "NO", "vlan_name": "Respaldos", "vlan_id": "4094", "port": "1"}, {"vrf": "VR-Default", "destination": "10.141.0.8", "mac": "00:04:96:99:1c:49", "static": "NO", "vlan_name": "Respaldos", "vlan_id": "4094", "port": "1"}, {"vrf": "VR-Default", "destination": "10.141.0.9", "mac": "00:04:96:52:23:1f", "static": "NO", "vlan_name": "Respaldos", "vlan_id": "4094", "port": "1"}, {"vrf": "VR-Default", "destination": "10.141.0.10", "mac": "00:04:96:82:5a:75", "static": "NO", "vlan_name": "Respaldos", "vlan_id": "4094", "port": "1"}, {"vrf": "VR-Default", "destination": "10.141.0.12", "mac": "00:04:96:52:18:9a", "static": "NO", "vlan_name": "Respaldos", "vlan_id": "4094", "port": "1"}, {"vrf": "VR-Default", "destination": "10.141.0.13", "mac": "00:04:96:8f:b6:e9", "static": "NO", "vlan_name": "Respaldos", "vlan_id": "4094", "port": "1"}, {"vrf": "VR-Default", "destination": "10.141.0.35", "mac": "90:e2:ba:6e:4b:9a", "static": "NO", "vlan_name": "Respaldos", "vlan_id": "4094", "port": "1"}]