[{"mac": "00:00:87:53:c2:15", "vlan_name": "Consolas", "vlan_id": "4094", "flag": "d m           ", "port": "24"}, {"mac": "00:01:d7:eb:28:81", "vlan_name": "Consolas", "vlan_id": "4094", "flag": "d m           ", "port": "24"}, {"mac": "00:04:96:28:16:6b", "vlan_name": "Consolas", "vlan_id": "4094", "flag": "d m           ", "port": "24"}, {"mac": "00:04:96:36:8b:1a", "vlan_name": "Consolas", "vlan_id": "4094", "flag": "d m           ", "port": "24"}, {"mac": "00:04:96:36:8b:22", "vlan_name": "Consolas", "vlan_id": "4094", "flag": "d m           ", "port": "24"}, {"mac": "00:04:96:36:c7:51", "vlan_name": "Consolas", "vlan_id": "4094", "flag": "d m           ", "port": "24"}, {"mac": "00:04:96:36:f9:13", "vlan_name": "Consolas", "vlan_id": "4094", "flag": "d m           ", "port": "24"}, {"mac": "00:04:96:36:fb:c7", "vlan_name": "Consolas", "vlan_id": "4094", "flag": "d m           ", "port": "24"}, {"mac": "00:04:96:51:de:aa", "vlan_name": "Consolas", "vlan_id": "4094", "flag": "d m           ", "port": "24"}, {"mac": "00:04:96:51:de:c5", "vlan_name": "Consolas", "vlan_id": "4094", "flag": "d m           ", "port": "24"}, {"mac": "00:04:96:52:18:9a", "vlan_name": "Consolas", "vlan_id": "4094", "flag": "d m           ", "port": "24"}, {"mac": "00:04:96:52:23:1f", "vlan_name": "Consolas", "vlan_id": "4094", "flag": "d m           ", "port": "24"}, {"mac": "00:04:96:52:2c:c2", "vlan_name": "Consolas", "vlan_id": "4094", "flag": "d m           ", "port": "24"}, {"mac": "00:04:96:52:43:06", "vlan_name": "Consolas", "vlan_id": "4094", "flag": "d m           ", "port": "24"}, {"mac": "00:04:96:52:43:83", "vlan_name": "Consolas", "vlan_id": "4094", "flag": "d m           ", "port": "24"}, {"mac": "00:04:96:52:43:d4", "vlan_name": "Consolas", "vlan_id": "4094", "flag": "d m           ", "port": "24"}, {"mac": "00:04:96:6d:6c:ce", "vlan_name": "Consolas", "vlan_id": "4094", "flag": "d m           ", "port": "24"}, {"mac": "00:04:96:7d:e8:9a", "vlan_name": "Consolas", "vlan_id": "4094", "flag": "d m           ", "port": "24"}, {"mac": "00:04:96:7d:e8:a2", "vlan_name": "Consolas", "vlan_id": "4094", "flag": "d m           ", "port": "24"}, {"mac": "00:04:96:7d:f8:91", "vlan_name": "Consolas", "vlan_id": "4094", "flag": "d m           ", "port": "24"}, {"mac": "00:04:96:7e:03:87", "vlan_name": "Consolas", "vlan_id": "4094", "flag": "d m           ", "port": "24"}, {"mac": "00:04:96:82:14:54", "vlan_name": "Consolas", "vlan_id": "4094", "flag": "d m           ", "port": "24"}, {"mac": "00:04:96:82:14:80", "vlan_name": "Consolas", "vlan_id": "4094", "flag": "d m           ", "port": "24"}, {"mac": "00:04:96:82:1a:8a", "vlan_name": "Consolas", "vlan_id": "4094", "flag": "d m           ", "port": "24"}, {"mac": "00:04:96:82:5a:4f", "vlan_name": "Consolas", "vlan_id": "4094", "flag": "d m           ", "port": "24"}, {"mac": "00:04:96:82:5a:71", "vlan_name": "Consolas", "vlan_id": "4094", "flag": "d m           ", "port": "24"}, {"mac": "00:04:96:82:5a:75", "vlan_name": "Consolas", "vlan_id": "4094", "flag": "d m           ", "port": "24"}, {"mac": "00:04:96:82:60:03", "vlan_name": "Consolas", "vlan_id": "4094", "flag": "d m           ", "port": "24"}, {"mac": "00:04:96:82:60:05", "vlan_name": "Consolas", "vlan_id": "4094", "flag": "d m           ", "port": "24"}, {"mac": "00:04:96:82:60:4e", "vlan_name": "Consolas", "vlan_id": "4094", "flag": "d m           ", "port": "24"}, {"mac": "00:04:96:82:60:50", "vlan_name": "Consolas", "vlan_id": "4094", "flag": "d m           ", "port": "24"}, {"mac": "00:04:96:83:83:9b", "vlan_name": "Consolas", "vlan_id": "4094", "flag": "d m           ", "port": "24"}, {"mac": "00:04:96:83:84:10", "vlan_name": "Consolas", "vlan_id": "4094", "flag": "d m           ", "port": "24"}, {"mac": "00:04:96:83:87:b0", "vlan_name": "Consolas", "vlan_id": "4094", "flag": "d m           ", "port": "24"}, {"mac": "00:04:96:83:87:f3", "vlan_name": "Consolas", "vlan_id": "4094", "flag": "d m           ", "port": "24"}, {"mac": "00:04:96:83:97:62", "vlan_name": "Consolas", "vlan_id": "4094", "flag": "d m           ", "port": "3"}, {"mac": "00:04:96:8b:8f:d6", "vlan_name": "Consolas", "vlan_id": "4094", "flag": "d m           ", "port": "24"}, {"mac": "00:04:96:8b:90:00", "vlan_name": "Consolas", "vlan_id": "4094", "flag": "d m           ", "port": "24"}, {"mac": "00:04:96:8b:90:05", "vlan_name": "Consolas", "vlan_id": "4094", "flag": "d m           ", "port": "24"}, {"mac": "00:04:96:8b:90:17", "vlan_name": "Consolas", "vlan_id": "4094", "flag": "d m           ", "port": "5"}, {"mac": "00:04:96:8b:97:f4", "vlan_name": "Consolas", "vlan_id": "4094", "flag": "d m           ", "port": "24"}, {"mac": "00:04:96:8b:98:1b", "vlan_name": "Consolas", "vlan_id": "4094", "flag": "d m           ", "port": "24"}, {"mac": "00:04:96:8b:98:55", "vlan_name": "Consolas", "vlan_id": "4094", "flag": "d m           ", "port": "24"}, {"mac": "00:04:96:8f:bb:61", "vlan_name": "Consolas", "vlan_id": "4094", "flag": "d m           ", "port": "24"}, {"mac": "00:04:96:8f:bb:67", "vlan_name": "Consolas", "vlan_id": "4094", "flag": "d m           ", "port": "24"}, {"mac": "00:04:96:97:87:17", "vlan_name": "Consolas", "vlan_id": "4094", "flag": "d m           ", "port": "24"}, {"mac": "00:04:96:97:88:b9", "vlan_name": "Consolas", "vlan_id": "4094", "flag": "d m           ", "port": "24"}, {"mac": "00:04:96:97:8b:f8", "vlan_name": "Consolas", "vlan_id": "4094", "flag": "d m           ", "port": "24"}, {"mac": "00:04:96:97:8d:77", "vlan_name": "Consolas", "vlan_id": "4094", "flag": "d m           ", "port": "24"}, {"mac": "00:04:96:97:c4:f2", "vlan_name": "Consolas", "vlan_id": "4094", "flag": "d m           ", "port": "24"}, {"mac": "00:04:96:97:d3:3d", "vlan_name": "Consolas", "vlan_id": "4094", "flag": "d m           ", "port": "24"}, {"mac": "00:04:96:97:d3:3d", "vlan_name": "Consolas3", "vlan_id": "1170", "flag": "d m           ", "port": "24"}, {"mac": "00:04:96:97:e5:fd", "vlan_name": "Consolas", "vlan_id": "4094", "flag": "d m           ", "port": "24"}, {"mac": "00:04:96:98:5b:f3", "vlan_name": "Consolas", "vlan_id": "4094", "flag": "d m           ", "port": "24"}, {"mac": "00:04:96:98:6e:ba", "vlan_name": "Consolas", "vlan_id": "4094", "flag": "d m           ", "port": "24"}, {"mac": "00:04:96:98:6e:ba", "vlan_name": "Consolas3", "vlan_id": "1170", "flag": "d m           ", "port": "24"}, {"mac": "00:04:96:98:c9:48", "vlan_name": "Consolas", "vlan_id": "4094", "flag": "d m           ", "port": "24"}, {"mac": "00:04:96:98:cc:65", "vlan_name": "Consolas", "vlan_id": "4094", "flag": "d m           ", "port": "24"}, {"mac": "00:04:96:98:cc:ab", "vlan_name": "Consolas", "vlan_id": "4094", "flag": "d m           ", "port": "24"}, {"mac": "00:04:96:99:1c:46", "vlan_name": "Consolas", "vlan_id": "4094", "flag": "d m           ", "port": "24"}, {"mac": "00:04:96:99:1c:47", "vlan_name": "Consolas", "vlan_id": "4094", "flag": "d m           ", "port": "24"}, {"mac": "00:04:96:99:1c:49", "vlan_name": "Consolas", "vlan_id": "4094", "flag": "d m           ", "port": "24"}, {"mac": "00:04:96:99:64:a0", "vlan_name": "Consolas", "vlan_id": "4094", "flag": "d m           ", "port": "24"}, {"mac": "00:04:96:99:65:36", "vlan_name": "Consolas", "vlan_id": "4094", "flag": "d m           ", "port": "24"}, {"mac": "00:04:96:9b:42:ae", "vlan_name": "Consolas", "vlan_id": "4094", "flag": "d m           ", "port": "24"}, {"mac": "00:05:1e:0b:e0:6e", "vlan_name": "Consolas", "vlan_id": "4094", "flag": "d m           ", "port": "24"}, {"mac": "00:05:1e:0b:e0:73", "vlan_name": "Consolas", "vlan_id": "4094", "flag": "d m           ", "port": "24"}, {"mac": "00:05:1e:37:1a:d0", "vlan_name": "Consolas", "vlan_id": "4094", "flag": "d m           ", "port": "24"}, {"mac": "00:05:1e:56:4d:57", "vlan_name": "Consolas", "vlan_id": "4094", "flag": "d m           ", "port": "24"}, {"mac": "00:05:1e:72:94:74", "vlan_name": "Consolas", "vlan_id": "4094", "flag": "d m           ", "port": "24"}, {"mac": "00:05:1e:e8:90:9e", "vlan_name": "Consolas", "vlan_id": "4094", "flag": "d m           ", "port": "24"}, {"mac": "00:05:33:50:b0:6e", "vlan_name": "Consolas", "vlan_id": "4094", "flag": "d m           ", "port": "24"}, {"mac": "00:05:33:72:d6:c5", "vlan_name": "Consolas", "vlan_id": "4094", "flag": "d m           ", "port": "24"}, {"mac": "00:05:33:8c:8a:ea", "vlan_name": "Consolas", "vlan_id": "4094", "flag": "d m           ", "port": "24"}, {"mac": "00:05:33:d9:48:42", "vlan_name": "Consolas", "vlan_id": "4094", "flag": "d m           ", "port": "24"}, {"mac": "00:05:33:f0:49:03", "vlan_name": "Consolas", "vlan_id": "4094", "flag": "d m           ", "port": "24"}, {"mac": "00:06:92:12:58:81", "vlan_name": "Consolas", "vlan_id": "4094", "flag": "d m           ", "port": "24"}, {"mac": "00:10:e0:5b:5c:0c", "vlan_name": "Consolas", "vlan_id": "4094", "flag": "d m           ", "port": "24"}, {"mac": "00:10:e0:5d:21:27", "vlan_name": "Consolas", "vlan_id": "4094", "flag": "d m           ", "port": "24"}, {"mac": "00:11:25:41:94:6d", "vlan_name": "Consolas", "vlan_id": "4094", "flag": "d m           ", "port": "24"}, {"mac": "00:14:5e:0a:70:8e", "vlan_name": "Consolas", "vlan_id": "4094", "flag": "d m           ", "port": "24"}, {"mac": "00:15:b2:a8:32:61", "vlan_name": "Consolas", "vlan_id": "4094", "flag": "d m           ", "port": "24"}, {"mac": "00:1a:64:e3:74:27", "vlan_name": "Consolas", "vlan_id": "4094", "flag": "d m           ", "port": "24"}, {"mac": "00:1e:0b:ca:0a:32", "vlan_name": "Consolas", "vlan_id": "4094", "flag": "d m           ", "port": "24"}, {"mac": "00:1f:29:6d:90:41", "vlan_name": "Consolas", "vlan_id": "4094", "flag": "d m           ", "port": "24"}, {"mac": "00:1f:67:6f:77:74", "vlan_name": "Consolas", "vlan_id": "4094", "flag": "d m           ", "port": "24"}, {"mac": "00:1f:67:b0:43:34", "vlan_name": "Consolas", "vlan_id": "4094", "flag": "d m           ", "port": "24"}, {"mac": "00:21:5e:11:b1:71", "vlan_name": "Consolas", "vlan_id": "4094", "flag": "d m           ", "port": "24"}, {"mac": "00:21:5e:2a:38:95", "vlan_name": "Consolas", "vlan_id": "4094", "flag": "d m           ", "port": "24"}, {"mac": "00:21:5e:43:0f:36", "vlan_name": "Consolas", "vlan_id": "4094", "flag": "d m           ", "port": "24"}, {"mac": "00:21:5e:43:1c:a8", "vlan_name": "Consolas", "vlan_id": "4094", "flag": "d m           ", "port": "24"}, {"mac": "00:21:5e:43:1c:e2", "vlan_name": "Consolas", "vlan_id": "4094", "flag": "d m           ", "port": "24"}, {"mac": "00:21:5e:cb:9f:49", "vlan_name": "Consolas", "vlan_id": "4094", "flag": "d m           ", "port": "24"}, {"mac": "00:21:5e:de:32:bd", "vlan_name": "Consolas", "vlan_id": "4094", "flag": "d m           ", "port": "24"}, {"mac": "00:23:7d:65:1f:94", "vlan_name": "Consolas", "vlan_id": "4094", "flag": "d m           ", "port": "24"}, {"mac": "00:23:e9:33:ae:c1", "vlan_name": "Consolas", "vlan_id": "4094", "flag": "d m           ", "port": "24"}, {"mac": "00:24:81:76:2b:82", "vlan_name": "Consolas", "vlan_id": "4094", "flag": "d m           ", "port": "24"}, {"mac": "00:24:81:76:ca:7b", "vlan_name": "Consolas", "vlan_id": "4094", "flag": "d m           ", "port": "24"}, {"mac": "00:25:90:3b:88:72", "vlan_name": "Consolas", "vlan_id": "4094", "flag": "d m           ", "port": "24"}, {"mac": "00:25:90:93:f2:be", "vlan_name": "Consolas", "vlan_id": "4094", "flag": "d m           ", "port": "24"}, {"mac": "00:26:55:26:37:ee", "vlan_name": "Consolas", "vlan_id": "4094", "flag": "d m           ", "port": "24"}, {"mac": "00:27:f8:65:62:a0", "vlan_name": "Consolas", "vlan_id": "4094", "flag": "d m           ", "port": "24"}, {"mac": "00:50:56:71:4b:68", "vlan_name": "Consolas", "vlan_id": "4094", "flag": "d m           ", "port": "24"}, {"mac": "00:50:56:73:75:75", "vlan_name": "Consolas", "vlan_id": "4094", "flag": "d m           ", "port": "24"}, {"mac": "00:50:56:75:37:58", "vlan_name": "Consolas", "vlan_id": "4094", "flag": "d m           ", "port": "24"}, {"mac": "00:60:16:3a:01:73", "vlan_name": "Consolas", "vlan_id": "4094", "flag": "d m           ", "port": "24"}, {"mac": "00:60:16:3a:01:a1", "vlan_name": "Consolas", "vlan_id": "4094", "flag": "d m           ", "port": "24"}, {"mac": "00:90:0b:4b:40:0a", "vlan_name": "Consolas3", "vlan_id": "1170", "flag": "d m           ", "port": "24"}, {"mac": "00:9c:02:79:8f:88", "vlan_name": "Consolas", "vlan_id": "4094", "flag": "d m           ", "port": "24"}, {"mac": "00:a0:98:54:05:d0", "vlan_name": "Consolas", "vlan_id": "4094", "flag": "d m           ", "port": "24"}, {"mac": "00:e0:27:12:d6:28", "vlan_name": "Consolas", "vlan_id": "4094", "flag": "d m           ", "port": "24"}, {"mac": "00:e0:27:12:f0:ea", "vlan_name": "Consolas", "vlan_id": "4094", "flag": "d m           ", "port": "24"}, {"mac": "00:e0:ec:29:a1:1d", "vlan_name": "Consolas", "vlan_id": "4094", "flag": "d m           ", "port": "24"}, {"mac": "00:e0:ec:29:a4:50", "vlan_name": "Consolas", "vlan_id": "4094", "flag": "d m           ", "port": "2"}, {"mac": "00:e0:ec:29:a4:85", "vlan_name": "Consolas3", "vlan_id": "1170", "flag": "d m           ", "port": "24"}, {"mac": "00:e0:ec:29:a4:bc", "vlan_name": "Consolas", "vlan_id": "4094", "flag": "d m           ", "port": "2"}, {"mac": "00:e0:ec:29:a6:20", "vlan_name": "Consolas", "vlan_id": "4094", "flag": "d m           ", "port": "2"}, {"mac": "00:e0:ec:29:a6:70", "vlan_name": "Consolas", "vlan_id": "4094", "flag": "d m           ", "port": "2"}, {"mac": "00:e0:ec:29:a6:7c", "vlan_name": "Consolas", "vlan_id": "4094", "flag": "d m           ", "port": "2"}, {"mac": "00:e0:ec:29:a7:c0", "vlan_name": "Consolas", "vlan_id": "4094", "flag": "d m           ", "port": "2"}, {"mac": "00:e0:ec:29:a7:e8", "vlan_name": "Consolas", "vlan_id": "4094", "flag": "d m           ", "port": "2"}, {"mac": "00:e0:ec:29:a7:ec", "vlan_name": "Consolas", "vlan_id": "4094", "flag": "d m           ", "port": "2"}, {"mac": "00:e0:ec:29:aa:4d", "vlan_name": "Consolas3", "vlan_id": "1170", "flag": "d m           ", "port": "24"}, {"mac": "00:e0:ec:29:aa:d1", "vlan_name": "Consolas3", "vlan_id": "1170", "flag": "d m           ", "port": "24"}, {"mac": "00:e0:ec:29:bd:7d", "vlan_name": "Consolas3", "vlan_id": "1170", "flag": "d m           ", "port": "24"}, {"mac": "00:e0:ec:31:06:39", "vlan_name": "Consolas3", "vlan_id": "1170", "flag": "d m           ", "port": "11"}, {"mac": "00:e0:ec:31:06:49", "vlan_name": "Consolas3", "vlan_id": "1170", "flag": "d m           ", "port": "10"}, {"mac": "00:e0:ec:8b:55:06", "vlan_name": "Consolas", "vlan_id": "4094", "flag": "d m           ", "port": "24"}, {"mac": "00:e0:ec:8b:55:9c", "vlan_name": "Consolas", "vlan_id": "4094", "flag": "d m           ", "port": "24"}, {"mac": "00:fc:ba:e8:08:34", "vlan_name": "Consolas3", "vlan_id": "1170", "flag": "d m           ", "port": "24"}, {"mac": "02:04:96:7e:13:cc", "vlan_name": "Consolas", "vlan_id": "4094", "flag": "d m           ", "port": "24"}, {"mac": "02:04:96:97:ca:f7", "vlan_name": "Consolas", "vlan_id": "4094", "flag": "d m           ", "port": "17"}, {"mac": "02:04:96:98:80:b5", "vlan_name": "Consolas", "vlan_id": "4094", "flag": "d m           ", "port": "24"}, {"mac": "02:04:96:98:fb:39", "vlan_name": "Consolas", "vlan_id": "4094", "flag": "d m           ", "port": "24"}, {"mac": "02:04:96:99:0c:87", "vlan_name": "Consolas", "vlan_id": "4094", "flag": "d m           ", "port": "24"}, {"mac": "02:04:96:99:59:3e", "vlan_name": "Consolas", "vlan_id": "4094", "flag": "d m           ", "port": "24"}, {"mac": "02:04:96:9b:42:b4", "vlan_name": "Consolas3", "vlan_id": "1170", "flag": "d m           ", "port": "24"}, {"mac": "02:04:96:9b:42:c3", "vlan_name": "Consolas3", "vlan_id": "1170", "flag": "d m           ", "port": "24"}, {"mac": "02:04:96:9b:42:ca", "vlan_name": "Consolas3", "vlan_id": "1170", "flag": "d m           ", "port": "24"}, {"mac": "08:00:1b:00:4f:f8", "vlan_name": "Consolas", "vlan_id": "4094", "flag": "d m           ", "port": "24"}, {"mac": "08:94:ef:4d:f6:1a", "vlan_name": "Consolas", "vlan_id": "4094", "flag": "d m           ", "port": "24"}, {"mac": "08:94:ef:52:ac:f0", "vlan_name": "Consolas", "vlan_id": "4094", "flag": "d m           ", "port": "24"}, {"mac": "08:94:ef:5c:ac:9c", "vlan_name": "Consolas", "vlan_id": "4094", "flag": "d m           ", "port": "24"}, {"mac": "08:94:ef:95:9a:5b", "vlan_name": "Consolas3", "vlan_id": "1170", "flag": "d m           ", "port": "24"}, {"mac": "0c:c4:7a:31:55:e8", "vlan_name": "Consolas", "vlan_id": "4094", "flag": "d m           ", "port": "24"}, {"mac": "0c:c4:7a:40:0f:99", "vlan_name": "Consolas", "vlan_id": "4094", "flag": "d m           ", "port": "24"}, {"mac": "0c:c4:7a:74:9e:a5", "vlan_name": "Consolas", "vlan_id": "4094", "flag": "d m           ", "port": "24"}, {"mac": "0c:c4:7a:74:f6:c6", "vlan_name": "Consolas", "vlan_id": "4094", "flag": "d m           ", "port": "24"}, {"mac": "0c:c4:7a:7c:39:b5", "vlan_name": "Consolas3", "vlan_id": "1170", "flag": "d m           ", "port": "24"}, {"mac": "0c:c4:7a:97:78:0a", "vlan_name": "Consolas3", "vlan_id": "1170", "flag": "d m           ", "port": "24"}, {"mac": "0c:c4:7a:97:de:90", "vlan_name": "Consolas", "vlan_id": "4094", "flag": "d m           ", "port": "24"}, {"mac": "0c:c4:7a:c5:5b:fd", "vlan_name": "Consolas3", "vlan_id": "1170", "flag": "d m           ", "port": "24"}, {"mac": "0e:c4:7a:74:f7:a2", "vlan_name": "Consolas", "vlan_id": "4094", "flag": "d m           ", "port": "24"}, {"mac": "0e:c4:7a:7c:3c:d2", "vlan_name": "Consolas3", "vlan_id": "1170", "flag": "d m           ", "port": "24"}, {"mac": "0e:c4:7a:c5:61:c8", "vlan_name": "Consolas3", "vlan_id": "1170", "flag": "d m           ", "port": "24"}, {"mac": "10:60:4b:a3:89:0b", "vlan_name": "Consolas", "vlan_id": "4094", "flag": "d m           ", "port": "24"}, {"mac": "10:60:4b:a3:b9:e1", "vlan_name": "Consolas", "vlan_id": "4094", "flag": "d m           ", "port": "24"}, {"mac": "10:60:4b:a3:bb:41", "vlan_name": "Consolas", "vlan_id": "4094", "flag": "d m           ", "port": "24"}, {"mac": "10:60:4b:a5:40:7b", "vlan_name": "Consolas", "vlan_id": "4094", "flag": "d m           ", "port": "24"}, {"mac": "14:18:77:3f:c7:dc", "vlan_name": "Consolas", "vlan_id": "4094", "flag": "d m           ", "port": "24"}, {"mac": "14:18:77:3f:c8:0c", "vlan_name": "Consolas", "vlan_id": "4094", "flag": "d m           ", "port": "24"}, {"mac": "14:18:77:41:9f:90", "vlan_name": "Consolas", "vlan_id": "4094", "flag": "d m           ", "port": "24"}, {"mac": "14:18:77:46:77:a4", "vlan_name": "Consolas", "vlan_id": "4094", "flag": "d m           ", "port": "24"}, {"mac": "14:18:77:46:f0:df", "vlan_name": "Consolas", "vlan_id": "4094", "flag": "d m           ", "port": "24"}, {"mac": "14:18:77:59:33:4b", "vlan_name": "Consolas3", "vlan_id": "1170", "flag": "d m           ", "port": "24"}, {"mac": "18:66:da:72:cc:6f", "vlan_name": "Consolas3", "vlan_id": "1170", "flag": "d m           ", "port": "24"}, {"mac": "20:47:47:80:6a:e6", "vlan_name": "Consolas", "vlan_id": "4094", "flag": "d m           ", "port": "21"}, {"mac": "2c:27:d7:16:05:e0", "vlan_name": "Consolas", "vlan_id": "4094", "flag": "d m           ", "port": "24"}, {"mac": "34:40:b5:95:cf:0d", "vlan_name": "Consolas", "vlan_id": "4094", "flag": "d m           ", "port": "24"}, {"mac": "34:40:b5:97:2b:85", "vlan_name": "Consolas", "vlan_id": "4094", "flag": "d m           ", "port": "24"}, {"mac": "34:40:b5:97:4b:b5", "vlan_name": "Consolas", "vlan_id": "4094", "flag": "d m           ", "port": "24"}, {"mac": "34:40:b5:97:52:01", "vlan_name": "Consolas", "vlan_id": "4094", "flag": "d m           ", "port": "24"}, {"mac": "34:40:b5:97:52:11", "vlan_name": "Consolas", "vlan_id": "4094", "flag": "d m           ", "port": "24"}, {"mac": "34:40:b5:98:a9:bd", "vlan_name": "Consolas", "vlan_id": "4094", "flag": "d m           ", "port": "24"}, {"mac": "34:40:b5:9a:33:f1", "vlan_name": "Consolas", "vlan_id": "4094", "flag": "d m           ", "port": "24"}, {"mac": "34:40:b5:9a:34:39", "vlan_name": "Consolas", "vlan_id": "4094", "flag": "d m           ", "port": "24"}, {"mac": "34:40:b5:9a:34:91", "vlan_name": "Consolas", "vlan_id": "4094", "flag": "d m           ", "port": "24"}, {"mac": "34:40:b5:9a:6d:8d", "vlan_name": "Consolas", "vlan_id": "4094", "flag": "d m           ", "port": "24"}, {"mac": "34:40:b5:9a:76:d9", "vlan_name": "Consolas", "vlan_id": "4094", "flag": "d m           ", "port": "24"}, {"mac": "34:40:b5:a6:6b:62", "vlan_name": "Consolas", "vlan_id": "4094", "flag": "d m           ", "port": "24"}, {"mac": "34:40:b5:a6:70:ea", "vlan_name": "Consolas", "vlan_id": "4094", "flag": "d m           ", "port": "24"}, {"mac": "34:40:b5:af:95:25", "vlan_name": "Consolas", "vlan_id": "4094", "flag": "d m           ", "port": "24"}, {"mac": "34:40:b5:d4:c2:34", "vlan_name": "Consolas", "vlan_id": "4094", "flag": "d m           ", "port": "24"}, {"mac": "34:40:b5:df:66:b4", "vlan_name": "Consolas", "vlan_id": "4094", "flag": "d m           ", "port": "2"}, {"mac": "34:40:b5:f9:b0:fd", "vlan_name": "Consolas", "vlan_id": "4094", "flag": "d m           ", "port": "24"}, {"mac": "34:40:b5:ff:1a:55", "vlan_name": "Consolas", "vlan_id": "4094", "flag": "d m           ", "port": "24"}, {"mac": "40:f2:e9:00:4b:c1", "vlan_name": "Consolas", "vlan_id": "4094", "flag": "d m           ", "port": "24"}, {"mac": "40:f2:e9:07:0e:76", "vlan_name": "Consolas", "vlan_id": "4094", "flag": "d m           ", "port": "24"}, {"mac": "40:f2:e9:07:11:06", "vlan_name": "Consolas", "vlan_id": "4094", "flag": "d m           ", "port": "24"}, {"mac": "40:f2:e9:07:ba:ce", "vlan_name": "Consolas", "vlan_id": "4094", "flag": "d m           ", "port": "24"}, {"mac": "40:f2:e9:07:c7:1e", "vlan_name": "Consolas", "vlan_id": "4094", "flag": "d m           ", "port": "24"}, {"mac": "40:f2:e9:07:d3:4e", "vlan_name": "Consolas", "vlan_id": "4094", "flag": "d m           ", "port": "24"}, {"mac": "40:f2:e9:0b:b5:d0", "vlan_name": "Consolas", "vlan_id": "4094", "flag": "d m           ", "port": "24"}, {"mac": "40:f2:e9:0c:4d:78", "vlan_name": "Consolas", "vlan_id": "4094", "flag": "d m           ", "port": "24"}, {"mac": "40:f2:e9:11:51:d2", "vlan_name": "Consolas", "vlan_id": "4094", "flag": "d m           ", "port": "24"}, {"mac": "40:f2:e9:20:8c:36", "vlan_name": "Consolas", "vlan_id": "4094", "flag": "d m           ", "port": "24"}, {"mac": "40:f2:e9:65:b6:c1", "vlan_name": "Consolas", "vlan_id": "4094", "flag": "d m           ", "port": "8"}, {"mac": "40:f2:e9:9b:1d:36", "vlan_name": "Consolas", "vlan_id": "4094", "flag": "d m           ", "port": "24"}, {"mac": "40:f2:e9:9b:3d:d6", "vlan_name": "Consolas", "vlan_id": "4094", "flag": "d m           ", "port": "24"}, {"mac": "40:f2:e9:bf:13:90", "vlan_name": "Consolas", "vlan_id": "4094", "flag": "d m           ", "port": "24"}, {"mac": "40:f2:e9:bf:14:94", "vlan_name": "Consolas", "vlan_id": "4094", "flag": "d m           ", "port": "4"}, {"mac": "40:f2:e9:bf:1d:c2", "vlan_name": "Consolas", "vlan_id": "4094", "flag": "d m           ", "port": "24"}, {"mac": "40:f2:e9:bf:1f:4e", "vlan_name": "Consolas", "vlan_id": "4094", "flag": "d m           ", "port": "7"}, {"mac": "40:f2:e9:bf:2a:de", "vlan_name": "Consolas", "vlan_id": "4094", "flag": "d m           ", "port": "24"}, {"mac": "40:f2:e9:bf:31:e0", "vlan_name": "Consolas", "vlan_id": "4094", "flag": "d m           ", "port": "16"}, {"mac": "40:f2:e9:bf:33:9c", "vlan_name": "Consolas", "vlan_id": "4094", "flag": "d m           ", "port": "24"}, {"mac": "40:f2:e9:bf:5b:82", "vlan_name": "Consolas3", "vlan_id": "1170", "flag": "d m           ", "port": "24"}, {"mac": "40:f2:e9:c0:07:7d", "vlan_name": "Consolas", "vlan_id": "4094", "flag": "d m           ", "port": "24"}, {"mac": "40:f2:e9:c0:08:dd", "vlan_name": "Consolas", "vlan_id": "4094", "flag": "d m           ", "port": "24"}, {"mac": "40:f2:e9:c0:27:01", "vlan_name": "Consolas", "vlan_id": "4094", "flag": "d m           ", "port": "16"}, {"mac": "40:f2:e9:c0:2b:91", "vlan_name": "Consolas", "vlan_id": "4094", "flag": "d m           ", "port": "4"}, {"mac": "40:f2:e9:c0:53:d9", "vlan_name": "Consolas", "vlan_id": "4094", "flag": "d m           ", "port": "16"}, {"mac": "40:f2:e9:c0:58:30", "vlan_name": "Consolas3", "vlan_id": "1170", "flag": "d m           ", "port": "24"}, {"mac": "40:f2:e9:c0:7d:35", "vlan_name": "Consolas", "vlan_id": "4094", "flag": "d m           ", "port": "4"}, {"mac": "40:f2:e9:c0:7d:81", "vlan_name": "Consolas", "vlan_id": "4094", "flag": "d m           ", "port": "7"}, {"mac": "40:f2:e9:c0:8c:08", "vlan_name": "Consolas", "vlan_id": "4094", "flag": "d m           ", "port": "24"}, {"mac": "40:f2:e9:c0:bc:25", "vlan_name": "Consolas", "vlan_id": "4094", "flag": "d m           ", "port": "24"}, {"mac": "40:f2:e9:c0:d4:24", "vlan_name": "Consolas", "vlan_id": "4094", "flag": "d m           ", "port": "24"}, {"mac": "40:f2:e9:c0:d7:71", "vlan_name": "Consolas3", "vlan_id": "1170", "flag": "d m           ", "port": "24"}, {"mac": "40:f2:e9:c0:db:25", "vlan_name": "Consolas", "vlan_id": "4094", "flag": "d m           ", "port": "24"}, {"mac": "40:f2:e9:c0:de:15", "vlan_name": "Consolas3", "vlan_id": "1170", "flag": "d m           ", "port": "24"}, {"mac": "40:f2:e9:c0:de:bd", "vlan_name": "Consolas3", "vlan_id": "1170", "flag": "d m           ", "port": "24"}, {"mac": "40:f2:e9:c0:ec:ed", "vlan_name": "Consolas", "vlan_id": "4094", "flag": "d m           ", "port": "16"}, {"mac": "40:f2:e9:cc:26:26", "vlan_name": "Consolas", "vlan_id": "4094", "flag": "d m           ", "port": "24"}, {"mac": "40:f2:e9:f3:65:4f", "vlan_name": "Consolas", "vlan_id": "4094", "flag": "d m           ", "port": "24"}, {"mac": "40:f2:e9:f5:28:f4", "vlan_name": "Consolas", "vlan_id": "4094", "flag": "d m           ", "port": "24"}, {"mac": "44:a8:42:15:85:47", "vlan_name": "Consolas3", "vlan_id": "1170", "flag": "d m           ", "port": "24"}, {"mac": "44:a8:42:21:14:df", "vlan_name": "Consolas3", "vlan_id": "1170", "flag": "d m           ", "port": "24"}, {"mac": "44:a8:42:3b:c6:e7", "vlan_name": "Consolas3", "vlan_id": "1170", "flag": "d m           ", "port": "24"}, {"mac": "44:a8:42:3b:d8:ec", "vlan_name": "Consolas3", "vlan_id": "1170", "flag": "d m           ", "port": "20"}, {"mac": "50:eb:1a:b1:10:8c", "vlan_name": "Consolas", "vlan_id": "4094", "flag": "d m           ", "port": "24"}, {"mac": "50:eb:1a:bc:cb:de", "vlan_name": "Consolas3", "vlan_id": "1170", "flag": "d m           ", "port": "20"}, {"mac": "50:eb:1a:bd:6a:bc", "vlan_name": "Consolas3", "vlan_id": "1170", "flag": "d m           ", "port": "20"}, {"mac": "58:8a:5a:86:96:e8", "vlan_name": "Consolas3", "vlan_id": "1170", "flag": "d m           ", "port": "24"}, {"mac": "58:8a:5a:86:97:1c", "vlan_name": "Consolas3", "vlan_id": "1170", "flag": "d m           ", "port": "24"}, {"mac": "5c:f3:fc:0e:71:c5", "vlan_name": "Consolas", "vlan_id": "4094", "flag": "d m           ", "port": "24"}, {"mac": "5c:f3:fc:4e:51:d2", "vlan_name": "Consolas", "vlan_id": "4094", "flag": "d m           ", "port": "24"}, {"mac": "5c:f3:fc:51:c6:25", "vlan_name": "Consolas", "vlan_id": "4094", "flag": "d m           ", "port": "24"}, {"mac": "5c:f3:fc:51:c6:75", "vlan_name": "Consolas", "vlan_id": "4094", "flag": "d m           ", "port": "24"}, {"mac": "5c:f3:fc:53:b9:09", "vlan_name": "Consolas", "vlan_id": "4094", "flag": "d m           ", "port": "24"}, {"mac": "5c:f3:fc:7e:10:49", "vlan_name": "Consolas", "vlan_id": "4094", "flag": "d m           ", "port": "24"}, {"mac": "5c:f3:fc:bb:18:95", "vlan_name": "Consolas", "vlan_id": "4094", "flag": "d m           ", "port": "24"}, {"mac": "5c:f3:fc:bb:25:15", "vlan_name": "Consolas", "vlan_id": "4094", "flag": "d m           ", "port": "24"}, {"mac": "5c:f3:fc:bc:32:ed", "vlan_name": "Consolas", "vlan_id": "4094", "flag": "d m           ", "port": "24"}, {"mac": "5c:f3:fc:bf:26:b5", "vlan_name": "Consolas", "vlan_id": "4094", "flag": "d m           ", "port": "24"}, {"mac": "5c:f3:fc:e0:c9:29", "vlan_name": "Consolas", "vlan_id": "4094", "flag": "d m           ", "port": "24"}, {"mac": "5c:f3:fc:eb:a1:de", "vlan_name": "Consolas", "vlan_id": "4094", "flag": "d m           ", "port": "24"}, {"mac": "5c:f3:fc:eb:c2:68", "vlan_name": "Consolas", "vlan_id": "4094", "flag": "d m           ", "port": "24"}, {"mac": "5c:f3:fc:ef:d2:e0", "vlan_name": "Consolas", "vlan_id": "4094", "flag": "d m           ", "port": "24"}, {"mac": "5c:f3:fc:ef:d6:42", "vlan_name": "Consolas", "vlan_id": "4094", "flag": "d m           ", "port": "24"}, {"mac": "5c:f3:fd:36:0c:39", "vlan_name": "Consolas", "vlan_id": "4094", "flag": "d m           ", "port": "24"}, {"mac": "64:00:6a:c4:ac:1c", "vlan_name": "Consolas", "vlan_id": "4094", "flag": "d m           ", "port": "24"}, {"mac": "64:31:50:50:eb:ca", "vlan_name": "Consolas", "vlan_id": "4094", "flag": "d m           ", "port": "24"}, {"mac": "64:31:50:51:b3:84", "vlan_name": "Consolas", "vlan_id": "4094", "flag": "d m           ", "port": "24"}, {"mac": "6c:ae:8b:1c:80:ee", "vlan_name": "Consolas", "vlan_id": "4094", "flag": "d m           ", "port": "24"}, {"mac": "6c:ae:8b:1d:16:66", "vlan_name": "Consolas", "vlan_id": "4094", "flag": "d m           ", "port": "24"}, {"mac": "6c:ae:8b:20:9c:4e", "vlan_name": "Consolas", "vlan_id": "4094", "flag": "d m           ", "port": "24"}, {"mac": "6c:ae:8b:25:43:36", "vlan_name": "Consolas", "vlan_id": "4094", "flag": "d m           ", "port": "24"}, {"mac": "6c:ae:8b:2e:a1:cd", "vlan_name": "Consolas", "vlan_id": "4094", "flag": "d m           ", "port": "24"}, {"mac": "6c:ae:8b:2e:a2:50", "vlan_name": "Consolas", "vlan_id": "4094", "flag": "d m           ", "port": "2"}, {"mac": "6c:ae:8b:2e:a2:68", "vlan_name": "Consolas", "vlan_id": "4094", "flag": "d m           ", "port": "2"}, {"mac": "6c:ae:8b:2e:a4:8c", "vlan_name": "Consolas", "vlan_id": "4094", "flag": "d m           ", "port": "2"}, {"mac": "6c:ae:8b:2e:a6:78", "vlan_name": "Consolas", "vlan_id": "4094", "flag": "d m           ", "port": "2"}, {"mac": "6c:ae:8b:2e:a7:1c", "vlan_name": "Consolas", "vlan_id": "4094", "flag": "d m           ", "port": "2"}, {"mac": "6c:ae:8b:2e:aa:74", "vlan_name": "Consolas", "vlan_id": "4094", "flag": "d m           ", "port": "2"}, {"mac": "6c:ae:8b:30:e7:5d", "vlan_name": "Consolas", "vlan_id": "4094", "flag": "d m           ", "port": "24"}, {"mac": "6c:ae:8b:30:e9:e5", "vlan_name": "Consolas", "vlan_id": "4094", "flag": "d m           ", "port": "24"}, {"mac": "6c:ae:8b:30:ea:ed", "vlan_name": "Consolas", "vlan_id": "4094", "flag": "d m           ", "port": "24"}, {"mac": "6c:ae:8b:30:f4:01", "vlan_name": "Consolas", "vlan_id": "4094", "flag": "d m           ", "port": "4"}, {"mac": "6c:ae:8b:30:f4:c1", "vlan_name": "Consolas", "vlan_id": "4094", "flag": "d m           ", "port": "7"}, {"mac": "6c:ae:8b:30:f8:31", "vlan_name": "Consolas", "vlan_id": "4094", "flag": "d m           ", "port": "4"}, {"mac": "6c:ae:8b:30:f9:e1", "vlan_name": "Consolas", "vlan_id": "4094", "flag": "d m           ", "port": "24"}, {"mac": "6c:ae:8b:30:fa:d4", "vlan_name": "Consolas", "vlan_id": "4094", "flag": "d m           ", "port": "24"}, {"mac": "6c:ae:8b:30:fd:05", "vlan_name": "Consolas", "vlan_id": "4094", "flag": "d m           ", "port": "4"}, {"mac": "6c:ae:8b:30:fd:99", "vlan_name": "Consolas", "vlan_id": "4094", "flag": "d m           ", "port": "24"}, {"mac": "6c:ae:8b:30:fd:dc", "vlan_name": "Consolas", "vlan_id": "4094", "flag": "d m           ", "port": "24"}, {"mac": "6c:ae:8b:30:fe:c4", "vlan_name": "Consolas", "vlan_id": "4094", "flag": "d m           ", "port": "24"}, {"mac": "6c:ae:8b:32:00:c1", "vlan_name": "Consolas", "vlan_id": "4094", "flag": "d m           ", "port": "4"}, {"mac": "6c:ae:8b:32:03:dd", "vlan_name": "Consolas", "vlan_id": "4094", "flag": "d m           ", "port": "24"}, {"mac": "6c:ae:8b:32:05:8d", "vlan_name": "Consolas", "vlan_id": "4094", "flag": "d m           ", "port": "4"}, {"mac": "6c:ae:8b:32:16:f0", "vlan_name": "Consolas3", "vlan_id": "1170", "flag": "d m           ", "port": "24"}, {"mac": "6c:ae:8b:32:6c:b1", "vlan_name": "Consolas", "vlan_id": "4094", "flag": "d m           ", "port": "4"}, {"mac": "6c:ae:8b:32:6d:7d", "vlan_name": "Consolas", "vlan_id": "4094", "flag": "d m           ", "port": "4"}, {"mac": "6c:ae:8b:32:74:65", "vlan_name": "Consolas", "vlan_id": "4094", "flag": "d m           ", "port": "4"}, {"mac": "6c:ae:8b:32:8f:b9", "vlan_name": "Consolas", "vlan_id": "4094", "flag": "d m           ", "port": "24"}, {"mac": "6c:ae:8b:32:d3:15", "vlan_name": "Consolas", "vlan_id": "4094", "flag": "d m           ", "port": "24"}, {"mac": "6c:ae:8b:32:d8:31", "vlan_name": "Consolas", "vlan_id": "4094", "flag": "d m           ", "port": "24"}, {"mac": "6c:ae:8b:32:da:cd", "vlan_name": "Consolas", "vlan_id": "4094", "flag": "d m           ", "port": "24"}, {"mac": "6c:ae:8b:35:19:65", "vlan_name": "Consolas", "vlan_id": "4094", "flag": "d m           ", "port": "24"}, {"mac": "6c:ae:8b:35:19:69", "vlan_name": "Consolas", "vlan_id": "4094", "flag": "d m           ", "port": "24"}, {"mac": "6c:ae:8b:35:58:cd", "vlan_name": "Consolas", "vlan_id": "4094", "flag": "d m           ", "port": "4"}, {"mac": "6c:ae:8b:35:67:09", "vlan_name": "Consolas", "vlan_id": "4094", "flag": "d m           ", "port": "16"}, {"mac": "6c:ae:8b:35:68:f9", "vlan_name": "Consolas", "vlan_id": "4094", "flag": "d m           ", "port": "24"}, {"mac": "6c:ae:8b:35:69:bd", "vlan_name": "Consolas", "vlan_id": "4094", "flag": "d m           ", "port": "24"}, {"mac": "6c:ae:8b:35:6a:8d", "vlan_name": "Consolas", "vlan_id": "4094", "flag": "d m           ", "port": "24"}, {"mac": "6c:ae:8b:35:6b:a5", "vlan_name": "Consolas", "vlan_id": "4094", "flag": "d m           ", "port": "4"}, {"mac": "6c:ae:8b:35:6c:dd", "vlan_name": "Consolas", "vlan_id": "4094", "flag": "d m           ", "port": "24"}, {"mac": "6c:ae:8b:35:6d:a9", "vlan_name": "Consolas", "vlan_id": "4094", "flag": "d m           ", "port": "24"}, {"mac": "6c:ae:8b:35:6d:d5", "vlan_name": "Consolas", "vlan_id": "4094", "flag": "d m           ", "port": "7"}, {"mac": "6c:ae:8b:35:6e:b5", "vlan_name": "Consolas", "vlan_id": "4094", "flag": "d m           ", "port": "24"}, {"mac": "6c:ae:8b:35:6f:d1", "vlan_name": "Consolas", "vlan_id": "4094", "flag": "d m           ", "port": "24"}, {"mac": "6c:ae:8b:35:6f:e5", "vlan_name": "Consolas", "vlan_id": "4094", "flag": "d m           ", "port": "24"}, {"mac": "6c:ae:8b:35:70:09", "vlan_name": "Consolas", "vlan_id": "4094", "flag": "d m           ", "port": "24"}, {"mac": "6c:ae:8b:35:70:cd", "vlan_name": "Consolas", "vlan_id": "4094", "flag": "d m           ", "port": "24"}, {"mac": "6c:ae:8b:35:71:75", "vlan_name": "Consolas", "vlan_id": "4094", "flag": "d m           ", "port": "7"}, {"mac": "6c:ae:8b:35:71:e9", "vlan_name": "Consolas", "vlan_id": "4094", "flag": "d m           ", "port": "7"}, {"mac": "6c:ae:8b:35:74:3d", "vlan_name": "Consolas", "vlan_id": "4094", "flag": "d m           ", "port": "4"}, {"mac": "6c:ae:8b:35:75:71", "vlan_name": "Consolas", "vlan_id": "4094", "flag": "d m           ", "port": "24"}, {"mac": "6c:ae:8b:35:76:11", "vlan_name": "Consolas", "vlan_id": "4094", "flag": "d m           ", "port": "16"}, {"mac": "6c:ae:8b:35:76:9d", "vlan_name": "Consolas", "vlan_id": "4094", "flag": "d m           ", "port": "24"}, {"mac": "6c:ae:8b:35:95:68", "vlan_name": "Consolas", "vlan_id": "4094", "flag": "d m           ", "port": "24"}, {"mac": "6c:ae:8b:35:96:a5", "vlan_name": "Consolas", "vlan_id": "4094", "flag": "d m           ", "port": "16"}, {"mac": "6c:ae:8b:35:97:45", "vlan_name": "Consolas", "vlan_id": "4094", "flag": "d m           ", "port": "7"}, {"mac": "6c:ae:8b:35:b2:4c", "vlan_name": "Consolas3", "vlan_id": "1170", "flag": "d m           ", "port": "24"}, {"mac": "6c:ae:8b:35:da:09", "vlan_name": "Consolas", "vlan_id": "4094", "flag": "d m           ", "port": "24"}, {"mac": "6c:ae:8b:35:f7:19", "vlan_name": "Consolas", "vlan_id": "4094", "flag": "d m           ", "port": "24"}, {"mac": "6c:ae:8b:3a:61:1e", "vlan_name": "Consolas", "vlan_id": "4094", "flag": "d m           ", "port": "24"}, {"mac": "6c:ae:8b:3b:fa:8e", "vlan_name": "Consolas", "vlan_id": "4094", "flag": "d m           ", "port": "24"}, {"mac": "6c:ae:8b:41:c8:3e", "vlan_name": "Consolas", "vlan_id": "4094", "flag": "d m           ", "port": "24"}, {"mac": "6c:ae:8b:4f:fe:de", "vlan_name": "Consolas", "vlan_id": "4094", "flag": "d m           ", "port": "24"}, {"mac": "6c:ae:8b:51:11:c2", "vlan_name": "Consolas", "vlan_id": "4094", "flag": "d m           ", "port": "24"}, {"mac": "6c:ae:8b:60:b1:a6", "vlan_name": "Consolas", "vlan_id": "4094", "flag": "d m           ", "port": "24"}, {"mac": "6c:ae:8b:61:69:1e", "vlan_name": "Consolas", "vlan_id": "4094", "flag": "d m           ", "port": "24"}, {"mac": "6c:ae:8b:61:6a:e6", "vlan_name": "Consolas", "vlan_id": "4094", "flag": "d m           ", "port": "24"}, {"mac": "6c:ae:8b:63:f6:96", "vlan_name": "Consolas", "vlan_id": "4094", "flag": "d m           ", "port": "24"}, {"mac": "6c:ae:8b:63:f8:d6", "vlan_name": "Consolas", "vlan_id": "4094", "flag": "d m           ", "port": "24"}, {"mac": "74:46:a0:73:44:a2", "vlan_name": "Consolas", "vlan_id": "4094", "flag": "d m           ", "port": "24"}, {"mac": "74:46:a0:73:54:18", "vlan_name": "Consolas", "vlan_id": "4094", "flag": "d m           ", "port": "24"}, {"mac": "74:46:a0:73:84:2a", "vlan_name": "Consolas", "vlan_id": "4094", "flag": "d m           ", "port": "24"}, {"mac": "74:46:a0:73:ec:de", "vlan_name": "Consolas", "vlan_id": "4094", "flag": "d m           ", "port": "24"}, {"mac": "74:46:a0:f2:97:dc", "vlan_name": "Consolas", "vlan_id": "4094", "flag": "d m           ", "port": "24"}, {"mac": "78:e3:b5:08:2c:e8", "vlan_name": "Consolas", "vlan_id": "4094", "flag": "d m           ", "port": "24"}, {"mac": "78:e3:b5:08:4c:02", "vlan_name": "Consolas", "vlan_id": "4094", "flag": "d m           ", "port": "24"}, {"mac": "78:e3:b5:0b:43:91", "vlan_name": "Consolas", "vlan_id": "4094", "flag": "d m           ", "port": "24"}, {"mac": "7c:d3:0a:5e:94:e5", "vlan_name": "Consolas", "vlan_id": "4094", "flag": "d m           ", "port": "24"}, {"mac": "80:c1:6e:76:7f:57", "vlan_name": "Consolas", "vlan_id": "4094", "flag": "d m           ", "port": "24"}, {"mac": "80:c1:6e:77:97:94", "vlan_name": "Consolas", "vlan_id": "4094", "flag": "d m           ", "port": "24"}, {"mac": "80:c1:6e:77:a7:9a", "vlan_name": "Consolas", "vlan_id": "4094", "flag": "d m           ", "port": "24"}, {"mac": "90:6c:ac:6a:57:44", "vlan_name": "Consolas3", "vlan_id": "1170", "flag": "d m           ", "port": "24"}, {"mac": "98:4b:e1:61:d2:6f", "vlan_name": "Consolas", "vlan_id": "4094", "flag": "d m           ", "port": "24"}, {"mac": "98:4b:e1:7b:05:78", "vlan_name": "Consolas", "vlan_id": "4094", "flag": "d m           ", "port": "24"}, {"mac": "98:4b:e1:7b:84:3a", "vlan_name": "Consolas", "vlan_id": "4094", "flag": "d m           ", "port": "24"}, {"mac": "98:4b:e1:7b:84:42", "vlan_name": "Consolas", "vlan_id": "4094", "flag": "d m           ", "port": "24"}, {"mac": "98:4b:e1:7b:84:5c", "vlan_name": "Consolas", "vlan_id": "4094", "flag": "d m           ", "port": "24"}, {"mac": "98:4b:e1:7b:96:03", "vlan_name": "Consolas", "vlan_id": "4094", "flag": "d m           ", "port": "24"}, {"mac": "98:4b:e1:7b:e4:ad", "vlan_name": "Consolas", "vlan_id": "4094", "flag": "d m           ", "port": "24"}, {"mac": "98:be:94:21:fc:63", "vlan_name": "Consolas", "vlan_id": "4094", "flag": "d m           ", "port": "24"}, {"mac": "98:be:94:2a:1a:ae", "vlan_name": "Consolas", "vlan_id": "4094", "flag": "d m           ", "port": "24"}, {"mac": "98:be:94:36:02:69", "vlan_name": "Consolas3", "vlan_id": "1170", "flag": "d m           ", "port": "24"}, {"mac": "98:be:94:36:13:f5", "vlan_name": "Consolas", "vlan_id": "4094", "flag": "d m           ", "port": "16"}, {"mac": "98:be:94:36:14:85", "vlan_name": "Consolas", "vlan_id": "4094", "flag": "d m           ", "port": "16"}, {"mac": "98:be:94:36:15:59", "vlan_name": "Consolas", "vlan_id": "4094", "flag": "d m           ", "port": "16"}, {"mac": "98:be:94:36:15:ad", "vlan_name": "Consolas", "vlan_id": "4094", "flag": "d m           ", "port": "16"}, {"mac": "98:be:94:36:18:a8", "vlan_name": "Consolas", "vlan_id": "4094", "flag": "d m           ", "port": "24"}, {"mac": "98:be:94:36:1a:05", "vlan_name": "Consolas", "vlan_id": "4094", "flag": "d m           ", "port": "16"}, {"mac": "98:be:94:36:1a:65", "vlan_name": "Consolas", "vlan_id": "4094", "flag": "d m           ", "port": "16"}, {"mac": "98:be:94:36:3a:34", "vlan_name": "Consolas", "vlan_id": "4094", "flag": "d m           ", "port": "24"}, {"mac": "98:be:94:36:3b:45", "vlan_name": "Consolas", "vlan_id": "4094", "flag": "d m           ", "port": "24"}, {"mac": "98:be:94:36:3b:79", "vlan_name": "Consolas", "vlan_id": "4094", "flag": "d m           ", "port": "24"}, {"mac": "98:be:94:36:3b:84", "vlan_name": "Consolas", "vlan_id": "4094", "flag": "d m           ", "port": "24"}, {"mac": "98:be:94:36:41:2d", "vlan_name": "Consolas", "vlan_id": "4094", "flag": "d m           ", "port": "24"}, {"mac": "98:be:94:36:46:61", "vlan_name": "Consolas", "vlan_id": "4094", "flag": "d m           ", "port": "16"}, {"mac": "98:be:94:36:50:3d", "vlan_name": "Consolas", "vlan_id": "4094", "flag": "d m           ", "port": "24"}, {"mac": "98:be:94:36:50:58", "vlan_name": "Consolas", "vlan_id": "4094", "flag": "d m           ", "port": "24"}, {"mac": "98:be:94:36:53:64", "vlan_name": "Consolas", "vlan_id": "4094", "flag": "d m           ", "port": "24"}, {"mac": "98:be:94:36:85:a5", "vlan_name": "Consolas3", "vlan_id": "1170", "flag": "d m           ", "port": "24"}, {"mac": "98:be:94:36:87:0d", "vlan_name": "Consolas3", "vlan_id": "1170", "flag": "d m           ", "port": "24"}, {"mac": "98:be:94:3b:7d:3d", "vlan_name": "Consolas", "vlan_id": "4094", "flag": "d m           ", "port": "24"}, {"mac": "98:be:94:44:cb:ec", "vlan_name": "Consolas", "vlan_id": "4094", "flag": "d m           ", "port": "24"}, {"mac": "98:be:94:44:cf:7c", "vlan_name": "Consolas", "vlan_id": "4094", "flag": "d m           ", "port": "24"}, {"mac": "98:be:94:44:cf:7d", "vlan_name": "Consolas", "vlan_id": "4094", "flag": "d m           ", "port": "24"}, {"mac": "9c:8e:99:17:88:b4", "vlan_name": "Consolas", "vlan_id": "4094", "flag": "d m           ", "port": "24"}, {"mac": "9c:8e:99:19:3c:5c", "vlan_name": "Consolas", "vlan_id": "4094", "flag": "d m           ", "port": "24"}, {"mac": "9c:b6:54:7f:4e:5a", "vlan_name": "Consolas", "vlan_id": "4094", "flag": "d m           ", "port": "24"}, {"mac": "9c:b6:54:7f:4e:5b", "vlan_name": "Consolas", "vlan_id": "4094", "flag": "d m           ", "port": "9"}, {"mac": "9c:b6:54:7f:de:4f", "vlan_name": "Consolas", "vlan_id": "4094", "flag": "d m           ", "port": "24"}, {"mac": "a4:5d:36:55:40:28", "vlan_name": "Consolas", "vlan_id": "4094", "flag": "d m           ", "port": "24"}, {"mac": "a4:5d:36:55:80:64", "vlan_name": "Consolas", "vlan_id": "4094", "flag": "d m           ", "port": "24"}, {"mac": "ac:1f:6b:45:68:5c", "vlan_name": "Consolas", "vlan_id": "4094", "flag": "d m           ", "port": "24"}, {"mac": "ac:1f:6b:63:49:ec", "vlan_name": "Consolas3", "vlan_id": "1170", "flag": "d m           ", "port": "12"}, {"mac": "b4:99:ba:07:4e:4a", "vlan_name": "Consolas", "vlan_id": "4094", "flag": "d m           ", "port": "24"}, {"mac": "b4:de:31:72:24:30", "vlan_name": "Consolas", "vlan_id": "4094", "flag": "d m           ", "port": "24"}, {"mac": "b4:de:31:ad:20:28", "vlan_name": "Consolas", "vlan_id": "4094", "flag": "d m           ", "port": "24"}, {"mac": "c4:34:6b:ad:68:2c", "vlan_name": "Consolas", "vlan_id": "4094", "flag": "d m           ", "port": "24"}, {"mac": "c4:f5:7c:4b:b0:90", "vlan_name": "Consolas", "vlan_id": "4094", "flag": "d m           ", "port": "24"}, {"mac": "c4:f5:7c:4b:f7:e8", "vlan_name": "Consolas", "vlan_id": "4094", "flag": "d m           ", "port": "24"}, {"mac": "c4:f5:7c:7b:48:11", "vlan_name": "Consolas3", "vlan_id": "1170", "flag": "d m           ", "port": "22"}, {"mac": "c8:1f:66:c3:51:9e", "vlan_name": "Consolas", "vlan_id": "4094", "flag": "d m           ", "port": "24"}, {"mac": "d0:43:1e:fd:05:ed", "vlan_name": "Consolas3", "vlan_id": "1170", "flag": "d m           ", "port": "20"}, {"mac": "d0:43:1e:fd:06:07", "vlan_name": "Consolas3", "vlan_id": "1170", "flag": "d m           ", "port": "20"}, {"mac": "d0:43:1e:fd:06:2e", "vlan_name": "Consolas3", "vlan_id": "1170", "flag": "d m           ", "port": "20"}, {"mac": "d0:43:1e:fd:06:55", "vlan_name": "Consolas3", "vlan_id": "1170", "flag": "d m           ", "port": "20"}, {"mac": "d0:43:1e:fd:06:62", "vlan_name": "Consolas3", "vlan_id": "1170", "flag": "d m           ", "port": "20"}, {"mac": "d0:7e:28:ba:fa:22", "vlan_name": "Consolas", "vlan_id": "4094", "flag": "d m           ", "port": "24"}, {"mac": "d0:94:66:0a:90:52", "vlan_name": "Consolas3", "vlan_id": "1170", "flag": "d m           ", "port": "24"}, {"mac": "d8:9d:67:65:c5:8e", "vlan_name": "Consolas", "vlan_id": "4094", "flag": "d m           ", "port": "24"}, {"mac": "d8:9d:67:67:89:89", "vlan_name": "Consolas", "vlan_id": "4094", "flag": "d m           ", "port": "24"}, {"mac": "d8:9d:67:67:89:cb", "vlan_name": "Consolas", "vlan_id": "4094", "flag": "d m           ", "port": "24"}, {"mac": "d8:9d:67:67:ba:f9", "vlan_name": "Consolas", "vlan_id": "4094", "flag": "d m           ", "port": "24"}, {"mac": "d8:9d:67:67:ea:be", "vlan_name": "Consolas", "vlan_id": "4094", "flag": "d m           ", "port": "24"}, {"mac": "d8:9d:67:71:7a:ef", "vlan_name": "Consolas", "vlan_id": "4094", "flag": "d m           ", "port": "1"}, {"mac": "d8:9d:67:77:6f:3b", "vlan_name": "Consolas", "vlan_id": "4094", "flag": "d m           ", "port": "24"}, {"mac": "e0:07:1b:fa:94:1a", "vlan_name": "Consolas", "vlan_id": "4094", "flag": "d m           ", "port": "24"}, {"mac": "e0:db:55:10:a9:0e", "vlan_name": "Consolas", "vlan_id": "4094", "flag": "d m           ", "port": "24"}, {"mac": "e0:db:55:14:df:00", "vlan_name": "Consolas", "vlan_id": "4094", "flag": "d m           ", "port": "24"}, {"mac": "e4:1f:13:25:91:91", "vlan_name": "Consolas", "vlan_id": "4094", "flag": "d m           ", "port": "24"}, {"mac": "e4:1f:13:26:d2:89", "vlan_name": "Consolas", "vlan_id": "4094", "flag": "d m           ", "port": "24"}, {"mac": "e4:1f:13:26:d7:f5", "vlan_name": "Consolas", "vlan_id": "4094", "flag": "d m           ", "port": "24"}, {"mac": "e4:1f:13:27:92:a5", "vlan_name": "Consolas", "vlan_id": "4094", "flag": "d m           ", "port": "24"}, {"mac": "e4:1f:13:27:c6:91", "vlan_name": "Consolas", "vlan_id": "4094", "flag": "d m           ", "port": "24"}, {"mac": "e4:1f:13:31:66:e8", "vlan_name": "Consolas3", "vlan_id": "1170", "flag": "d m           ", "port": "24"}, {"mac": "e4:1f:13:4a:56:49", "vlan_name": "Consolas", "vlan_id": "4094", "flag": "d m           ", "port": "24"}, {"mac": "e4:1f:13:4a:fa:bd", "vlan_name": "Consolas", "vlan_id": "4094", "flag": "d m           ", "port": "24"}, {"mac": "e4:1f:13:4b:b0:ec", "vlan_name": "Consolas", "vlan_id": "4094", "flag": "d m           ", "port": "24"}, {"mac": "e4:1f:13:52:c5:c5", "vlan_name": "Consolas", "vlan_id": "4094", "flag": "d m           ", "port": "24"}, {"mac": "e4:1f:13:52:c6:e5", "vlan_name": "Consolas", "vlan_id": "4094", "flag": "d m           ", "port": "24"}, {"mac": "e4:1f:13:64:38:c2", "vlan_name": "Consolas", "vlan_id": "4094", "flag": "d m           ", "port": "24"}, {"mac": "e4:1f:13:97:bf:ee", "vlan_name": "Consolas", "vlan_id": "4094", "flag": "d m           ", "port": "24"}, {"mac": "e4:1f:13:a7:3b:9d", "vlan_name": "Consolas", "vlan_id": "4094", "flag": "d m           ", "port": "24"}, {"mac": "e4:1f:13:a7:a3:4d", "vlan_name": "Consolas", "vlan_id": "4094", "flag": "d m           ", "port": "24"}, {"mac": "e4:1f:13:aa:70:0d", "vlan_name": "Consolas", "vlan_id": "4094", "flag": "d m           ", "port": "24"}, {"mac": "e4:1f:13:ab:71:c5", "vlan_name": "Consolas", "vlan_id": "4094", "flag": "d m           ", "port": "24"}, {"mac": "e4:1f:13:ab:db:a1", "vlan_name": "Consolas", "vlan_id": "4094", "flag": "d m           ", "port": "24"}, {"mac": "e4:1f:13:ab:e1:d1", "vlan_name": "Consolas", "vlan_id": "4094", "flag": "d m           ", "port": "24"}, {"mac": "e4:1f:13:ae:08:ad", "vlan_name": "Consolas", "vlan_id": "4094", "flag": "d m           ", "port": "24"}, {"mac": "e4:1f:13:d9:47:fd", "vlan_name": "Consolas", "vlan_id": "4094", "flag": "d m           ", "port": "24"}, {"mac": "e4:1f:13:e8:ca:11", "vlan_name": "Consolas", "vlan_id": "4094", "flag": "d m           ", "port": "24"}, {"mac": "e4:1f:13:ec:1e:c6", "vlan_name": "Consolas", "vlan_id": "4094", "flag": "d m           ", "port": "24"}, {"mac": "e4:1f:13:ec:2f:36", "vlan_name": "Consolas", "vlan_id": "4094", "flag": "d m           ", "port": "24"}, {"mac": "e4:1f:13:ec:30:66", "vlan_name": "Consolas", "vlan_id": "4094", "flag": "d m           ", "port": "24"}, {"mac": "e4:1f:13:ee:2b:f6", "vlan_name": "Consolas", "vlan_id": "4094", "flag": "d m           ", "port": "24"}, {"mac": "ec:b1:d7:86:99:47", "vlan_name": "Consolas", "vlan_id": "4094", "flag": "d m           ", "port": "24"}, {"mac": "ec:b1:d7:86:99:69", "vlan_name": "Consolas", "vlan_id": "4094", "flag": "d m           ", "port": "24"}, {"mac": "ec:b1:d7:86:99:e7", "vlan_name": "Consolas", "vlan_id": "4094", "flag": "d m           ", "port": "24"}, {"mac": "ec:b1:d7:86:a8:6e", "vlan_name": "Consolas", "vlan_id": "4094", "flag": "d m           ", "port": "24"}, {"mac": "f8:b1:56:8b:53:aa", "vlan_name": "Consolas3", "vlan_id": "1170", "flag": "d m           ", "port": "20"}, {"mac": "fc:15:b4:0d:ab:f9", "vlan_name": "Consolas", "vlan_id": "4094", "flag": "d m           ", "port": "24"}, {"mac": "fc:15:b4:0e:80:00", "vlan_name": "Consolas", "vlan_id": "4094", "flag": "d m           ", "port": "24"}, {"mac": "fc:15:b4:11:8e:49", "vlan_name": "Consolas", "vlan_id": "4094", "flag": "d m           ", "port": "24"}, {"mac": "fc:15:b4:11:8e:69", "vlan_name": "Consolas", "vlan_id": "4094", "flag": "d m           ", "port": "24"}, {"mac": "fc:15:b4:11:8e:b6", "vlan_name": "Consolas", "vlan_id": "4094", "flag": "d m           ", "port": "24"}, {"mac": "fc:15:b4:11:8e:ed", "vlan_name": "Consolas", "vlan_id": "4094", "flag": "d m           ", "port": "24"}, {"mac": "fc:15:b4:11:9e:0d", "vlan_name": "Consolas", "vlan_id": "4094", "flag": "d m           ", "port": "24"}, {"mac": "fc:15:b4:11:9e:44", "vlan_name": "Consolas", "vlan_id": "4094", "flag": "d m           ", "port": "24"}, {"mac": "fc:15:b4:11:9e:79", "vlan_name": "Consolas", "vlan_id": "4094", "flag": "d m           ", "port": "24"}, {"mac": "fc:15:b4:11:ae:ad", "vlan_name": "Consolas", "vlan_id": "4094", "flag": "d m           ", "port": "24"}, {"mac": "fc:15:b4:12:81:ee", "vlan_name": "Consolas", "vlan_id": "4094", "flag": "d m           ", "port": "24"}, {"mac": "fc:15:b4:12:91:40", "vlan_name": "Consolas", "vlan_id": "4094", "flag": "d m           ", "port": "24"}, {"mac": "fc:15:b4:12:91:4f", "vlan_name": "Consolas", "vlan_id": "4094", "flag": "d m           ", "port": "24"}, {"mac": "fc:15:b4:12:a1:66", "vlan_name": "Consolas", "vlan_id": "4094", "flag": "d m           ", "port": "24"}, {"mac": "fc:15:b4:fa:48:24", "vlan_name": "Consolas", "vlan_id": "4094", "flag": "d m           ", "port": "24"}, {"mac": "fc:15:b4:fa:48:30", "vlan_name": "Consolas", "vlan_id": "4094", "flag": "d m           ", "port": "24"}]