[{"port": "Port", "neighbor": "Neighbor", "neighbor_id": "Neighbor-ID", "remote_port": "Remote", "num_vlans": "Num"}, {"port": "1", "neighbor": "LV_RD35C_CONS_19", "neighbor_id": "00:00:00:04:96:82:60:4e", "remote_port": "1:24", "num_vlans": "1"}, {"port": "4", "neighbor": "LV_RD35C_CONS_18", "neighbor_id": "00:00:00:04:96:82:60:03", "remote_port": "1:24", "num_vlans": "1"}, {"port": "5", "neighbor": "LV_RD35C_CONS_20", "neighbor_id": "00:00:00:04:96:97:8d:77", "remote_port": "1:24", "num_vlans": "3"}, {"port": "9", "neighbor": "LV_RQ29C_CONS_23", "neighbor_id": "00:00:00:04:96:98:cc:65", "remote_port": "1:24", "num_vlans": "1"}, {"port": "10", "neighbor": "LV_RM35_HMC_CONSOLA", "neighbor_id": "00:00:00:04:96:82:60:05", "remote_port": "1:24", "num_vlans": "3"}, {"port": "18", "neighbor": "LV_RD35C_CONS_24", "neighbor_id": "00:00:00:04:96:83:83:9b", "remote_port": "1:24", "num_vlans": "2"}, {"port": "22", "neighbor": "LV_RD35C_CONS_25", "neighbor_id": "00:00:00:04:96:8f:bb:61", "remote_port": "1:24", "num_vlans": "1"}, {"port": "24", "neighbor": "LV_RL29C_CONS_01", "neighbor_id": "00:00:00:04:96:36:8b:22", "remote_port": "1:26", "num_vlans": "4"}]