[{"local_port": "2", "neighbor_port_id": "\"Eth1/1\"", "neighbor_system_name": "\"DCC-RBL33-LEAF-103.falabella.cl\""}, {"local_port": "3", "neighbor_port_id": "\"43\"", "neighbor_system_name": "\""}, {"local_port": "3", "neighbor_port_id": "\"Ten-GigabitEthernet1/0/23\"", "neighbor_system_name": "\"LV_RL32F_Internet-Entel_Corp\""}, {"local_port": "3", "neighbor_port_id": "\"43\"", "neighbor_system_name": "\""}, {"local_port": "4", "neighbor_port_id": "\"4:2\"", "neighbor_system_name": "\"LV_RL28_CORE_02\""}, {"local_port": "4", "neighbor_port_id": "\"Eth2/35\"", "neighbor_system_name": "\"LV-RE04-N7K-01-AGG\""}, {"local_port": "4", "neighbor_port_id": "\"X2\"", "neighbor_system_name": "\"VCEX3C432301SV"}, {"local_port": "4", "neighbor_port_id": "\"1:26\"", "neighbor_system_name": "\"LV_RD28_STACK_02\""}, {"local_port": "4", "neighbor_port_id": "\"X1\"", "neighbor_system_name": "\"VCEX3C411200LP"}, {"local_port": "4", "neighbor_port_id": "\"1:26\"", "neighbor_system_name": "\"LV_RL13_STACK_04\""}, {"local_port": "7", "neighbor_port_id": "\"7:2\"", "neighbor_system_name": "\"LV_RL28_CORE_02\""}, {"local_port": "7", "neighbor_port_id": "\"X3\"", "neighbor_system_name": "\"VCEFXTW21120038"}, {"local_port": "7", "neighbor_port_id": "\"X3\"", "neighbor_system_name": "\"VCEFX3C4317006F"}, {"local_port": "8", "neighbor_port_id": "\"X1\"", "neighbor_system_name": "\"VCEFX3C43280150"}, {"local_port": "8", "neighbor_port_id": "\"43\"", "neighbor_system_name": "\""}, {"local_port": "8", "neighbor_port_id": "\"43\"", "neighbor_system_name": "\""}, {"local_port": "8", "neighbor_port_id": "\"43\"", "neighbor_system_name": "\""}, {"local_port": "8", "neighbor_port_id": "\"43\"", "neighbor_system_name": "\""}, {"local_port": "8", "neighbor_port_id": "\"43\"", "neighbor_system_name": "\""}]