[{"port": "2:3", "neighbor": "LV_RD14_STACK_08", "neighbor_id": "00:00:02:04:96:97:82:bc", "remote_port": "1:25", "num_vlans": "3"}, {"port": "2:8", "neighbor": "DCP_TELECO1_INTER_01", "neighbor_id": "00:00:00:04:96:98:80:b2", "remote_port": "1:1", "num_vlans": "41"}, {"port": "3:1", "neighbor": "LV_RL29C_SERVICIOS_01", "neighbor_id": "00:00:00:04:96:97:d3:3d", "remote_port": "1:24", "num_vlans": "3"}, {"port": "3:3", "neighbor": "LV_RO07F_STACK_VPLEX", "neighbor_id": "00:00:02:04:96:97:ca:f7", "remote_port": "1:1", "num_vlans": "1"}, {"port": "3:5", "neighbor": "LV_RO07F_STACK_VPLEX", "neighbor_id": "00:00:02:04:96:97:ca:f7", "remote_port": "1:3", "num_vlans": "1"}, {"port": "3:6", "neighbor": "LV_RQ35_Stack_07", "neighbor_id": "00:00:02:04:96:97:82:b3", "remote_port": "1:26", "num_vlans": "7"}, {"port": "3:7", "neighbor": "LV_RD32_STACK_AUTORIZA7", "neighbor_id": "00:00:02:04:96:99:0c:87", "remote_port": "1:1", "num_vlans": "2"}, {"port": "4:1", "neighbor": "LV_RG28_STACK_01", "neighbor_id": "00:00:02:01:30:10:3a:12", "remote_port": "1:26", "num_vlans": "14"}, {"port": "4:2", "neighbor": "LV_RL28_CORE_02", "neighbor_id": "00:00:00:04:96:43:bc:80", "remote_port": "4:2", "num_vlans": "94"}, {"port": "4:5", "neighbor": "LV_RD28_STACK_02", "neighbor_id": "00:00:02:04:96:51:a5:d6", "remote_port": "1:26", "num_vlans": "15"}, {"port": "4:6", "neighbor": "LV_RG13_STACK_03", "neighbor_id": "00:00:02:04:96:52:1f:09", "remote_port": "1:26", "num_vlans": "9"}, {"port": "4:8", "neighbor": "LV_RL13_STACK_04", "neighbor_id": "00:00:02:04:96:51:e9:5e", "remote_port": "1:26", "num_vlans": "7"}, {"port": "5:1", "neighbor": "LV_RL29C_DESA_01", "neighbor_id": "00:00:00:04:96:37:1f:67", "remote_port": "1:11", "num_vlans": "14"}, {"port": "5:2", "neighbor": "LV_RL27C_BALANCEO_01", "neighbor_id": "00:00:00:04:96:37:1d:f6", "remote_port": "1:24", "num_vlans": "7"}, {"port": "5:3", "neighbor": "LV_RL29C_RESP_01", "neighbor_id": "00:00:00:04:96:36:64:8c", "remote_port": "1:23", "num_vlans": "1"}, {"port": "5:4", "neighbor": "LV_RO27C_NETAPP_01", "neighbor_id": "00:00:00:04:96:36:c1:02", "remote_port": "1:24", "num_vlans": "1"}, {"port": "5:5", "neighbor": "CDLV_RD27_ToIP_Fase3", "neighbor_id": "00:00:00:04:96:51:89:9e", "remote_port": "1:23", "num_vlans": "1"}, {"port": "5:6", "neighbor": "CDLV_RD35_Stack_Citrix", "neighbor_id": "00:00:02:04:96:52:2c:98", "remote_port": "2:21", "num_vlans": "1"}, {"port": "5:7", "neighbor": "LV_RL13C_SERVICIOS_02", "neighbor_id": "00:00:00:04:96:52:18:27", "remote_port": "1:27", "num_vlans": "1"}, {"port": "7:1", "neighbor": "RO_R60_CORE_01", "neighbor_id": "00:00:00:04:96:2e:8e:d0", "remote_port": "7:1", "num_vlans": "16"}, {"port": "7:2", "neighbor": "LV_RL28_CORE_02", "neighbor_id": "00:00:00:04:96:43:bc:80", "remote_port": "7:2", "num_vlans": "94"}, {"port": "7:3", "neighbor": "LV_RD35_STACK_05", "neighbor_id": "00:00:02:04:96:7d:f8:9a", "remote_port": "1:26", "num_vlans": "5"}, {"port": "7:4", "neighbor": "LV_RO04_STACK_06", "neighbor_id": "00:00:02:04:96:7e:13:cc", "remote_port": "1:26", "num_vlans": "5"}, {"port": "7:5", "neighbor": "LV_RG31C_PDI_01", "neighbor_id": "00:00:02:04:96:7e:30:be", "remote_port": "1:29", "num_vlans": "3"}, {"port": "8:2", "neighbor": "LV_RM35C_STACK_CoreBanca", "neighbor_id": "00:00:02:04:96:97:87:17", "remote_port": "1:29", "num_vlans": "9"}, {"port": "8:5", "neighbor": "LV_RD35F_SERVICIOS_03", "neighbor_id": "00:00:00:04:96:7d:f8:91", "remote_port": "1:25", "num_vlans": "5"}]