[{"mac": "00:04:96:36:64:8c", "vlan_name": "PDI2", "vlan_id": "132", "flag": "dhm            ", "port": "1"}, {"mac": "00:04:96:82:5a:4f", "vlan_name": "PDI2", "vlan_id": "132", "flag": "dhm            ", "port": "1"}, {"mac": "00:04:96:82:5a:75", "vlan_name": "PDI2", "vlan_id": "132", "flag": "dhm            ", "port": "1"}, {"mac": "00:04:96:83:97:62", "vlan_name": "PDI2", "vlan_id": "132", "flag": "dhm            ", "port": "1"}, {"mac": "00:04:96:99:1c:46", "vlan_name": "PDI2", "vlan_id": "132", "flag": "dhm            ", "port": "1"}, {"mac": "00:04:96:99:64:a0", "vlan_name": "PDI2", "vlan_id": "132", "flag": "dhm            ", "port": "1"}, {"mac": "00:10:18:d8:c9:f0", "vlan_name": "PDI2", "vlan_id": "132", "flag": "dhm            ", "port": "1"}, {"mac": "00:10:e0:89:d8:76", "vlan_name": "PDI_SAT_CO", "vlan_id": "4070", "flag": "dhm            ", "port": "11"}, {"mac": "00:10:e0:89:d8:79", "vlan_name": "PDI_SAT_CO", "vlan_id": "4070", "flag": "dhm            ", "port": "11"}, {"mac": "00:10:e0:8a:2a:ce", "vlan_name": "PDI_SAT_AR", "vlan_id": "4080", "flag": "dhm            ", "port": "10"}, {"mac": "00:10:e0:8a:2a:d1", "vlan_name": "PDI_SAT_AR", "vlan_id": "4080", "flag": "dhm            ", "port": "10"}, {"mac": "00:10:e0:8a:2d:80", "vlan_name": "PDI_SAT_AR", "vlan_id": "4080", "flag": "dhm            ", "port": "10"}, {"mac": "00:10:e0:8a:2d:83", "vlan_name": "PDI_SAT_AR", "vlan_id": "4080", "flag": "dhm            ", "port": "10"}, {"mac": "00:10:e0:9a:34:3c", "vlan_name": "PDI_SAT_CO", "vlan_id": "4070", "flag": "dhm            ", "port": "11"}, {"mac": "00:10:e0:9a:34:3f", "vlan_name": "PDI_SAT_CO", "vlan_id": "4070", "flag": "dhm            ", "port": "11"}, {"mac": "00:14:4f:f8:15:52", "vlan_name": "PDI2", "vlan_id": "132", "flag": "dhm            ", "port": "2"}, {"mac": "00:14:4f:f8:50:11", "vlan_name": "PDI_SAT_CO", "vlan_id": "4070", "flag": "dhm            ", "port": "11"}, {"mac": "00:14:4f:f8:68:2d", "vlan_name": "PDI2", "vlan_id": "132", "flag": "dhm            ", "port": "3"}, {"mac": "00:14:4f:f8:89:a7", "vlan_name": "PDI_SAT_AR", "vlan_id": "4080", "flag": "dhm            ", "port": "10"}, {"mac": "00:14:4f:f8:c6:3e", "vlan_name": "PDI_SAT_CO", "vlan_id": "4070", "flag": "dhm            ", "port": "11"}, {"mac": "00:14:4f:f8:ca:c5", "vlan_name": "PDI_SAT_CO", "vlan_id": "4070", "flag": "dhm            ", "port": "11"}, {"mac": "00:14:4f:f8:d5:d7", "vlan_name": "PDI_SAT_AR", "vlan_id": "4080", "flag": "dhm            ", "port": "10"}, {"mac": "00:14:4f:f9:05:99", "vlan_name": "PDI2", "vlan_id": "132", "flag": "dhm            ", "port": "2"}, {"mac": "00:14:4f:f9:6e:84", "vlan_name": "PDI2", "vlan_id": "132", "flag": "dhm            ", "port": "2"}, {"mac": "00:14:4f:f9:88:16", "vlan_name": "PDI_SAT_AR", "vlan_id": "4080", "flag": "dhm            ", "port": "10"}, {"mac": "00:14:4f:f9:90:ad", "vlan_name": "PDI_SAT_CO", "vlan_id": "4070", "flag": "dhm            ", "port": "11"}, {"mac": "00:14:4f:f9:cd:97", "vlan_name": "PDI_SAT_AR", "vlan_id": "4080", "flag": "dhm            ", "port": "10"}, {"mac": "00:14:4f:f9:d5:48", "vlan_name": "PDI_SAT_CO", "vlan_id": "4070", "flag": "dhm            ", "port": "11"}, {"mac": "00:14:4f:fa:3e:e3", "vlan_name": "PDI_SAT_AR", "vlan_id": "4080", "flag": "dhm            ", "port": "10"}, {"mac": "00:14:4f:fa:46:69", "vlan_name": "PDI2", "vlan_id": "132", "flag": "dhm            ", "port": "3"}, {"mac": "00:14:4f:fa:4e:66", "vlan_name": "PDI2", "vlan_id": "132", "flag": "dhm            ", "port": "2"}, {"mac": "00:14:4f:fa:97:16", "vlan_name": "PDI_SAT_CO", "vlan_id": "4070", "flag": "dhm            ", "port": "11"}, {"mac": "00:14:4f:fa:e2:75", "vlan_name": "PDI2", "vlan_id": "132", "flag": "dhm            ", "port": "3"}, {"mac": "00:14:4f:fb:10:a5", "vlan_name": "PDI_SAT_AR", "vlan_id": "4080", "flag": "dhm            ", "port": "10"}, {"mac": "00:14:4f:fb:4f:32", "vlan_name": "PDI_SAT_CO", "vlan_id": "4070", "flag": "dhm            ", "port": "11"}, {"mac": "00:14:4f:fb:b8:0d", "vlan_name": "PDI_SAT_CO", "vlan_id": "4070", "flag": "dhm            ", "port": "11"}, {"mac": "00:14:4f:fb:b9:7f", "vlan_name": "PDI_SAT_AR", "vlan_id": "4080", "flag": "dhm            ", "port": "10"}, {"mac": "00:14:4f:fb:fa:ce", "vlan_name": "PDI_SAT_AR", "vlan_id": "4080", "flag": "dhm            ", "port": "10"}, {"mac": "00:15:5d:06:6f:a1", "vlan_name": "PDI2", "vlan_id": "132", "flag": "dhm            ", "port": "1"}, {"mac": "00:15:5d:06:7f:78", "vlan_name": "PDI2", "vlan_id": "132", "flag": "dhm            ", "port": "1"}, {"mac": "00:15:5d:06:7f:94", "vlan_name": "PDI2", "vlan_id": "132", "flag": "dhm            ", "port": "1"}, {"mac": "00:15:5d:06:7f:b3", "vlan_name": "PDI2", "vlan_id": "132", "flag": "dhm            ", "port": "1"}, {"mac": "00:21:5e:78:56:e1", "vlan_name": "PDI2", "vlan_id": "132", "flag": "dhm            ", "port": "1"}, {"mac": "00:25:03:3c:16:00", "vlan_name": "PDI2", "vlan_id": "132", "flag": "dhm            ", "port": "1"}, {"mac": "00:50:56:90:1b:7c", "vlan_name": "PDI2", "vlan_id": "132", "flag": "dhm            ", "port": "1"}, {"mac": "00:50:56:90:1b:8a", "vlan_name": "PDI2", "vlan_id": "132", "flag": "dhm            ", "port": "1"}, {"mac": "00:50:56:90:1b:96", "vlan_name": "PDI2", "vlan_id": "132", "flag": "dhm            ", "port": "1"}, {"mac": "00:50:56:9c:15:55", "vlan_name": "PDI2", "vlan_id": "132", "flag": "dhm            ", "port": "1"}, {"mac": "00:50:56:9c:16:12", "vlan_name": "PDI2", "vlan_id": "132", "flag": "dhm            ", "port": "1"}, {"mac": "00:50:56:9c:19:47", "vlan_name": "PDI2", "vlan_id": "132", "flag": "dhm            ", "port": "1"}, {"mac": "00:50:56:9c:1c:f6", "vlan_name": "PDI2", "vlan_id": "132", "flag": "dhm            ", "port": "1"}, {"mac": "00:50:56:9c:1e:b7", "vlan_name": "PDI2", "vlan_id": "132", "flag": "dhm            ", "port": "1"}, {"mac": "00:50:56:9c:26:52", "vlan_name": "PDI2", "vlan_id": "132", "flag": "dhm            ", "port": "1"}, {"mac": "00:50:56:9c:31:7a", "vlan_name": "PDI2", "vlan_id": "132", "flag": "dhm            ", "port": "1"}, {"mac": "00:50:56:9c:39:4b", "vlan_name": "PDI2", "vlan_id": "132", "flag": "dhm            ", "port": "1"}, {"mac": "00:50:56:9c:3c:94", "vlan_name": "PDI2", "vlan_id": "132", "flag": "dhm            ", "port": "1"}, {"mac": "00:50:56:9c:3d:3a", "vlan_name": "PDI2", "vlan_id": "132", "flag": "dhm            ", "port": "1"}, {"mac": "00:50:56:9c:43:0f", "vlan_name": "PDI2", "vlan_id": "132", "flag": "dhm            ", "port": "1"}, {"mac": "00:50:56:9c:51:b0", "vlan_name": "PDI2", "vlan_id": "132", "flag": "dhm            ", "port": "1"}, {"mac": "00:50:56:9c:53:5e", "vlan_name": "PDI2", "vlan_id": "132", "flag": "dhm            ", "port": "1"}, {"mac": "00:50:56:9c:54:7c", "vlan_name": "PDI2", "vlan_id": "132", "flag": "dhm            ", "port": "1"}, {"mac": "00:50:56:9c:59:4a", "vlan_name": "PDI2", "vlan_id": "132", "flag": "dhm            ", "port": "1"}, {"mac": "00:50:56:9c:5c:3d", "vlan_name": "PDI2", "vlan_id": "132", "flag": "dhm            ", "port": "1"}, {"mac": "00:50:56:9c:5d:7a", "vlan_name": "PDI2", "vlan_id": "132", "flag": "dhm            ", "port": "1"}, {"mac": "00:50:56:9c:63:09", "vlan_name": "PDI2", "vlan_id": "132", "flag": "dhm            ", "port": "1"}, {"mac": "00:50:56:9c:67:a0", "vlan_name": "PDI2", "vlan_id": "132", "flag": "dhm            ", "port": "1"}, {"mac": "00:50:56:9c:71:87", "vlan_name": "PDI2", "vlan_id": "132", "flag": "dhm            ", "port": "1"}, {"mac": "00:50:56:9c:75:1c", "vlan_name": "PDI2", "vlan_id": "132", "flag": "dhm            ", "port": "1"}, {"mac": "00:50:56:9c:7b:77", "vlan_name": "PDI2", "vlan_id": "132", "flag": "dhm            ", "port": "1"}, {"mac": "02:04:96:7e:30:be", "vlan_name": "PDI2", "vlan_id": "132", "flag": "dhm            ", "port": "1"}, {"mac": "02:04:96:7e:30:be", "vlan_name": "PDI_SAT_AR", "vlan_id": "4080", "flag": "dhm            ", "port": "1"}, {"mac": "02:04:96:7e:30:be", "vlan_name": "PDI_SAT_CO", "vlan_id": "4070", "flag": "dhm            ", "port": "1"}, {"mac": "02:04:96:9b:42:b4", "vlan_name": "PDI_SAT_CO", "vlan_id": "4070", "flag": "dhm            ", "port": "11"}, {"mac": "10:7d:1a:e3:4c:95", "vlan_name": "PDI2", "vlan_id": "132", "flag": "dhm            ", "port": "1"}, {"mac": "10:7d:1a:e3:4c:98", "vlan_name": "PDI2", "vlan_id": "132", "flag": "dhm            ", "port": "1"}, {"mac": "10:7d:1a:e3:4d:4c", "vlan_name": "PDI2", "vlan_id": "132", "flag": "dhm            ", "port": "1"}, {"mac": "10:7d:1a:e3:4d:4f", "vlan_name": "PDI2", "vlan_id": "132", "flag": "dhm            ", "port": "1"}, {"mac": "10:7d:1a:e3:4e:06", "vlan_name": "PDI2", "vlan_id": "132", "flag": "dhm            ", "port": "1"}, {"mac": "10:7d:1a:e3:4e:bd", "vlan_name": "PDI2", "vlan_id": "132", "flag": "dhm            ", "port": "1"}, {"mac": "10:7d:1a:e3:4f:74", "vlan_name": "PDI2", "vlan_id": "132", "flag": "dhm            ", "port": "1"}, {"mac": "10:7d:1a:e3:50:2b", "vlan_name": "PDI2", "vlan_id": "132", "flag": "dhm            ", "port": "1"}, {"mac": "10:7d:1a:e3:50:e2", "vlan_name": "PDI2", "vlan_id": "132", "flag": "dhm            ", "port": "1"}, {"mac": "10:7d:1a:e3:51:99", "vlan_name": "PDI2", "vlan_id": "132", "flag": "dhm            ", "port": "1"}, {"mac": "10:7d:1a:e3:52:50", "vlan_name": "PDI2", "vlan_id": "132", "flag": "dhm            ", "port": "1"}, {"mac": "10:7d:1a:e3:53:07", "vlan_name": "PDI2", "vlan_id": "132", "flag": "dhm            ", "port": "1"}, {"mac": "10:7d:1a:e3:53:be", "vlan_name": "PDI2", "vlan_id": "132", "flag": "dhm            ", "port": "1"}, {"mac": "10:7d:1a:e3:54:75", "vlan_name": "PDI2", "vlan_id": "132", "flag": "dhm            ", "port": "1"}, {"mac": "14:18:77:46:6c:2d", "vlan_name": "PDI2", "vlan_id": "132", "flag": "dhm            ", "port": "1"}, {"mac": "14:18:77:46:77:a6", "vlan_name": "PDI2", "vlan_id": "132", "flag": "dhm            ", "port": "1"}, {"mac": "14:18:77:46:f0:e2", "vlan_name": "PDI2", "vlan_id": "132", "flag": "dhm            ", "port": "1"}, {"mac": "14:18:77:47:0d:85", "vlan_name": "PDI2", "vlan_id": "132", "flag": "dhm            ", "port": "1"}, {"mac": "14:18:77:49:8d:b6", "vlan_name": "PDI2", "vlan_id": "132", "flag": "dhm            ", "port": "1"}, {"mac": "18:66:da:9e:f2:63", "vlan_name": "PDI2", "vlan_id": "132", "flag": "dhm            ", "port": "1"}, {"mac": "18:66:da:f8:3a:85", "vlan_name": "PDI2", "vlan_id": "132", "flag": "dhm            ", "port": "1"}, {"mac": "18:66:da:f8:3f:15", "vlan_name": "PDI2", "vlan_id": "132", "flag": "dhm            ", "port": "1"}, {"mac": "18:66:da:f8:58:85", "vlan_name": "PDI2", "vlan_id": "132", "flag": "dhm            ", "port": "1"}, {"mac": "18:66:da:fb:c4:1d", "vlan_name": "PDI2", "vlan_id": "132", "flag": "dhm            ", "port": "1"}, {"mac": "2c:44:fd:94:c8:15", "vlan_name": "PDI2", "vlan_id": "132", "flag": "dhm            ", "port": "1"}, {"mac": "40:f2:e9:13:78:b3", "vlan_name": "PDI2", "vlan_id": "132", "flag": "dhm            ", "port": "1"}, {"mac": "40:f2:e9:20:ab:e5", "vlan_name": "PDI2", "vlan_id": "132", "flag": "dhm            ", "port": "1"}, {"mac": "40:f2:e9:23:b7:cd", "vlan_name": "PDI2", "vlan_id": "132", "flag": "dhm            ", "port": "1"}, {"mac": "40:f2:e9:c3:24:b2", "vlan_name": "PDI2", "vlan_id": "132", "flag": "dhm            ", "port": "1"}, {"mac": "40:f2:e9:c3:31:fa", "vlan_name": "PDI2", "vlan_id": "132", "flag": "dhm            ", "port": "1"}, {"mac": "58:8a:5a:86:97:55", "vlan_name": "PDI2", "vlan_id": "132", "flag": "dhm            ", "port": "1"}, {"mac": "58:8a:5a:86:98:c3", "vlan_name": "PDI2", "vlan_id": "132", "flag": "dhm            ", "port": "1"}, {"mac": "5c:f3:fc:0c:64:5e", "vlan_name": "PDI2", "vlan_id": "132", "flag": "dhm            ", "port": "1"}, {"mac": "5c:f3:fc:e5:e2:46", "vlan_name": "PDI2", "vlan_id": "132", "flag": "dhm            ", "port": "1"}, {"mac": "6c:ae:8b:3b:fa:8d", "vlan_name": "PDI2", "vlan_id": "132", "flag": "dhm            ", "port": "1"}, {"mac": "6c:ae:8b:61:69:1c", "vlan_name": "PDI2", "vlan_id": "132", "flag": "dhm            ", "port": "1"}, {"mac": "78:e3:b5:14:16:43", "vlan_name": "PDI2", "vlan_id": "132", "flag": "dhm            ", "port": "1"}, {"mac": "80:18:44:e7:85:19", "vlan_name": "PDI2", "vlan_id": "132", "flag": "dhm            ", "port": "1"}, {"mac": "80:18:44:e7:85:39", "vlan_name": "PDI2", "vlan_id": "132", "flag": "dhm            ", "port": "1"}, {"mac": "80:18:44:e7:85:4d", "vlan_name": "PDI2", "vlan_id": "132", "flag": "dhm            ", "port": "1"}, {"mac": "90:e2:ba:10:d7:1a", "vlan_name": "PDI2", "vlan_id": "132", "flag": "dhm            ", "port": "1"}, {"mac": "90:e2:ba:10:d9:aa", "vlan_name": "PDI2", "vlan_id": "132", "flag": "dhm            ", "port": "1"}, {"mac": "90:e2:ba:10:da:2e", "vlan_name": "PDI2", "vlan_id": "132", "flag": "dhm            ", "port": "1"}, {"mac": "90:e2:ba:47:43:a8", "vlan_name": "PDI2", "vlan_id": "132", "flag": "dhm            ", "port": "1"}, {"mac": "98:be:94:37:0b:e2", "vlan_name": "PDI2", "vlan_id": "132", "flag": "dhm            ", "port": "1"}, {"mac": "98:be:94:37:13:b2", "vlan_name": "PDI2", "vlan_id": "132", "flag": "dhm            ", "port": "1"}, {"mac": "98:be:94:65:38:d0", "vlan_name": "PDI2", "vlan_id": "132", "flag": "dhm            ", "port": "1"}, {"mac": "a0:36:9f:6f:49:34", "vlan_name": "PDI2", "vlan_id": "132", "flag": "dhm            ", "port": "2"}, {"mac": "a0:36:9f:6f:5e:b4", "vlan_name": "PDI2", "vlan_id": "132", "flag": "dhm            ", "port": "3"}, {"mac": "b4:0c:25:ef:40:11", "vlan_name": "PDI2", "vlan_id": "132", "flag": "dhm            ", "port": "1"}, {"mac": "b4:de:31:ad:28:75", "vlan_name": "PDI2", "vlan_id": "132", "flag": "dhm            ", "port": "1"}, {"mac": "b4:de:31:c5:8c:bf", "vlan_name": "PDI2", "vlan_id": "132", "flag": "dhm            ", "port": "1"}, {"mac": "b4:e1:0f:da:9d:38", "vlan_name": "PDI2", "vlan_id": "132", "flag": "dhm            ", "port": "1"}, {"mac": "b4:e1:0f:da:9e:a6", "vlan_name": "PDI2", "vlan_id": "132", "flag": "dhm            ", "port": "1"}, {"mac": "b4:e1:0f:da:9f:5d", "vlan_name": "PDI2", "vlan_id": "132", "flag": "dhm            ", "port": "1"}, {"mac": "b4:e1:0f:da:a2:39", "vlan_name": "PDI2", "vlan_id": "132", "flag": "dhm            ", "port": "1"}, {"mac": "b4:e1:0f:da:a4:5b", "vlan_name": "PDI2", "vlan_id": "132", "flag": "dhm            ", "port": "1"}, {"mac": "b4:e1:0f:da:a4:5e", "vlan_name": "PDI2", "vlan_id": "132", "flag": "dhm            ", "port": "1"}, {"mac": "b4:e1:0f:da:a5:c9", "vlan_name": "PDI2", "vlan_id": "132", "flag": "dhm            ", "port": "1"}, {"mac": "b4:e1:0f:da:a6:80", "vlan_name": "PDI2", "vlan_id": "132", "flag": "dhm            ", "port": "1"}, {"mac": "b4:e1:0f:da:a7:3a", "vlan_name": "PDI2", "vlan_id": "132", "flag": "dhm            ", "port": "1"}, {"mac": "b4:e1:0f:da:a7:f1", "vlan_name": "PDI2", "vlan_id": "132", "flag": "dhm            ", "port": "1"}, {"mac": "c4:34:6b:fe:9d:2f", "vlan_name": "PDI2", "vlan_id": "132", "flag": "dhm            ", "port": "1"}, {"mac": "c4:34:6b:fe:cb:97", "vlan_name": "PDI2", "vlan_id": "132", "flag": "dhm            ", "port": "1"}, {"mac": "d0:43:1e:f3:ca:78", "vlan_name": "PDI2", "vlan_id": "132", "flag": "dhm            ", "port": "1"}, {"mac": "d0:43:1e:f3:cb:e8", "vlan_name": "PDI2", "vlan_id": "132", "flag": "dhm            ", "port": "1"}, {"mac": "d0:43:1e:f3:cc:9f", "vlan_name": "PDI2", "vlan_id": "132", "flag": "dhm            ", "port": "1"}, {"mac": "d0:43:1e:f3:cd:56", "vlan_name": "PDI2", "vlan_id": "132", "flag": "dhm            ", "port": "1"}, {"mac": "d0:43:1e:f3:ce:08", "vlan_name": "PDI2", "vlan_id": "132", "flag": "dhm            ", "port": "1"}, {"mac": "d0:43:1e:f3:ce:0b", "vlan_name": "PDI2", "vlan_id": "132", "flag": "dhm            ", "port": "1"}, {"mac": "d0:43:1e:f3:cf:79", "vlan_name": "PDI2", "vlan_id": "132", "flag": "dhm            ", "port": "1"}, {"mac": "d0:43:1e:f3:d2:55", "vlan_name": "PDI2", "vlan_id": "132", "flag": "dhm            ", "port": "1"}, {"mac": "d0:43:1e:f3:d3:0c", "vlan_name": "PDI2", "vlan_id": "132", "flag": "dhm            ", "port": "1"}, {"mac": "d0:43:1e:f3:d3:c3", "vlan_name": "PDI2", "vlan_id": "132", "flag": "dhm            ", "port": "1"}, {"mac": "d0:43:1e:f3:d5:2e", "vlan_name": "PDI2", "vlan_id": "132", "flag": "dhm            ", "port": "1"}, {"mac": "d0:43:1e:f3:d5:31", "vlan_name": "PDI2", "vlan_id": "132", "flag": "dhm            ", "port": "1"}, {"mac": "d0:43:1e:fd:08:26", "vlan_name": "PDI2", "vlan_id": "132", "flag": "dhm            ", "port": "1"}, {"mac": "d0:43:1e:fd:08:dd", "vlan_name": "PDI2", "vlan_id": "132", "flag": "dhm            ", "port": "1"}, {"mac": "d0:43:1e:fd:0a:4b", "vlan_name": "PDI2", "vlan_id": "132", "flag": "dhm            ", "port": "1"}, {"mac": "d0:43:1e:fd:0b:b9", "vlan_name": "PDI2", "vlan_id": "132", "flag": "dhm            ", "port": "1"}, {"mac": "d0:43:1e:fd:0c:70", "vlan_name": "PDI2", "vlan_id": "132", "flag": "dhm            ", "port": "1"}, {"mac": "d0:43:1e:fd:0e:95", "vlan_name": "PDI2", "vlan_id": "132", "flag": "dhm            ", "port": "1"}, {"mac": "d0:43:1e:fd:11:71", "vlan_name": "PDI2", "vlan_id": "132", "flag": "dhm            ", "port": "1"}, {"mac": "d8:9d:67:29:f4:6b", "vlan_name": "PDI2", "vlan_id": "132", "flag": "dhm            ", "port": "1"}, {"mac": "e4:1f:13:31:6d:8e", "vlan_name": "PDI2", "vlan_id": "132", "flag": "dhm            ", "port": "1"}, {"mac": "e4:1f:13:45:6c:3a", "vlan_name": "PDI2", "vlan_id": "132", "flag": "dhm            ", "port": "1"}, {"mac": "e4:1f:13:51:b2:89", "vlan_name": "PDI2", "vlan_id": "132", "flag": "dhm            ", "port": "1"}, {"mac": "e4:1f:13:b8:db:a2", "vlan_name": "PDI2", "vlan_id": "132", "flag": "dhm            ", "port": "1"}, {"mac": "e4:1f:13:bd:51:be", "vlan_name": "PDI2", "vlan_id": "132", "flag": "dhm            ", "port": "1"}, {"mac": "e4:1f:13:e5:11:c0", "vlan_name": "PDI2", "vlan_id": "132", "flag": "dhm            ", "port": "1"}, {"mac": "ec:b1:d7:76:1c:f2", "vlan_name": "PDI2", "vlan_id": "132", "flag": "dhm            ", "port": "1"}, {"mac": "ec:b1:d7:76:bc:92", "vlan_name": "PDI2", "vlan_id": "132", "flag": "dhm            ", "port": "1"}]