[{"port": "Port", "neighbor": "Neighbor", "neighbor_id": "Neighbor-ID", "remote_port": "Remote", "num_vlans": "Num"}, {"port": "1", "neighbor": "LV_RG31C_PDI_01", "neighbor_id": "00:00:02:04:96:7e:30:be", "remote_port": "2:16", "num_vlans": "3"}, {"port": "10", "neighbor": "LV_RM25C_STACK_SAT_AR", "neighbor_id": "00:00:02:04:96:9b:42:ca", "remote_port": "1:23", "num_vlans": "1"}, {"port": "11", "neighbor": "LV_RM25C_STACK_SAT_CO", "neighbor_id": "00:00:02:04:96:9b:42:b4", "remote_port": "2:23", "num_vlans": "1"}]