[{"mac": "00:00:5e:00:01:62", "vlan_name": "ser_balanceados", "vlan_id": "98", "flag": "d m           ", "port": "21"}, {"mac": "00:04:96:28:1a:fe", "vlan_name": "ser_balanceados", "vlan_id": "98", "flag": "d m           ", "port": "21"}, {"mac": "00:04:96:36:c0:72", "vlan_name": "ser_balanceados", "vlan_id": "98", "flag": "d m           ", "port": "21"}, {"mac": "00:04:96:37:1d:f6", "vlan_name": "ser_balanceados", "vlan_id": "98", "flag": "d m           ", "port": "21"}, {"mac": "00:04:96:51:ef:9a", "vlan_name": "Servidores_BalInt", "vlan_id": "4092", "flag": "d mi          ", "port": "21"}, {"mac": "00:04:96:51:ef:9a", "vlan_name": "ser_balanceados", "vlan_id": "98", "flag": "d m           ", "port": "21"}, {"mac": "00:04:96:52:23:5b", "vlan_name": "Servidores_BalInt", "vlan_id": "4092", "flag": "d mi          ", "port": "21"}, {"mac": "00:04:96:52:23:5b", "vlan_name": "ser_balanceados", "vlan_id": "98", "flag": "d m           ", "port": "21"}, {"mac": "00:04:96:82:5a:71", "vlan_name": "Servidores_BalInt", "vlan_id": "4092", "flag": "d mi          ", "port": "21"}, {"mac": "00:0a:f7:13:19:fc", "vlan_name": "Servidores_BalInt", "vlan_id": "4092", "flag": "d mi          ", "port": "21"}, {"mac": "00:0a:f7:13:1a:4c", "vlan_name": "Servidores_BalInt", "vlan_id": "4092", "flag": "d mi          ", "port": "21"}, {"mac": "00:10:18:57:fe:22", "vlan_name": "Servidores_BalInt", "vlan_id": "4092", "flag": "d mi          ", "port": "21"}, {"mac": "00:14:5e:15:cd:b9", "vlan_name": "ser_balanceados", "vlan_id": "98", "flag": "d m           ", "port": "21"}, {"mac": "00:14:5e:15:cd:bb", "vlan_name": "Servidores_BalInt", "vlan_id": "4092", "flag": "d mi          ", "port": "21"}, {"mac": "00:14:5e:15:cd:bd", "vlan_name": "ser_balanceados", "vlan_id": "98", "flag": "d m           ", "port": "21"}, {"mac": "00:14:5e:7e:4a:d6", "vlan_name": "Servidores_BalInt", "vlan_id": "4092", "flag": "d mi          ", "port": "21"}, {"mac": "00:14:5e:7e:4a:d7", "vlan_name": "ser_balanceados", "vlan_id": "98", "flag": "d m           ", "port": "21"}, {"mac": "00:14:5e:7f:50:67", "vlan_name": "Servidores_BalInt", "vlan_id": "4092", "flag": "d mi          ", "port": "21"}, {"mac": "00:14:5e:de:74:bc", "vlan_name": "ser_balanceados", "vlan_id": "98", "flag": "d m           ", "port": "21"}, {"mac": "00:15:17:7f:01:0a", "vlan_name": "Servidores_BalInt", "vlan_id": "4092", "flag": "d mi          ", "port": "20"}, {"mac": "00:1a:64:2b:9a:db", "vlan_name": "ser_balanceados", "vlan_id": "98", "flag": "d m           ", "port": "21"}, {"mac": "00:1a:64:77:e8:60", "vlan_name": "ser_balanceados", "vlan_id": "98", "flag": "d m           ", "port": "21"}, {"mac": "00:1a:64:79:be:f8", "vlan_name": "ser_balanceados", "vlan_id": "98", "flag": "d m           ", "port": "21"}, {"mac": "00:1a:64:79:be:fa", "vlan_name": "Servidores_BalInt", "vlan_id": "4092", "flag": "d mi          ", "port": "21"}, {"mac": "00:1a:64:96:73:df", "vlan_name": "Servidores_BalInt", "vlan_id": "4092", "flag": "d mi          ", "port": "21"}, {"mac": "00:1a:64:99:0b:aa", "vlan_name": "Servidores_BalInt", "vlan_id": "4092", "flag": "d mi          ", "port": "21"}, {"mac": "00:1a:64:9a:1c:f8", "vlan_name": "ser_balanceados", "vlan_id": "98", "flag": "d m           ", "port": "21"}, {"mac": "00:1a:64:9a:42:ea", "vlan_name": "ser_balanceados", "vlan_id": "98", "flag": "d m           ", "port": "21"}, {"mac": "00:1a:64:9a:48:4b", "vlan_name": "ser_balanceados", "vlan_id": "98", "flag": "d m           ", "port": "21"}, {"mac": "00:1a:64:9a:5e:71", "vlan_name": "ser_balanceados", "vlan_id": "98", "flag": "d m           ", "port": "21"}, {"mac": "00:1a:64:dc:13:fc", "vlan_name": "ser_balanceados", "vlan_id": "98", "flag": "d m           ", "port": "19"}, {"mac": "00:21:5e:78:56:e0", "vlan_name": "Servidores_BalInt", "vlan_id": "4092", "flag": "d mi          ", "port": "21"}, {"mac": "00:23:e9:40:74:05", "vlan_name": "Servidores_BalInt", "vlan_id": "4092", "flag": "d mi          ", "port": "21"}, {"mac": "00:23:e9:6e:53:04", "vlan_name": "ser_balanceados", "vlan_id": "98", "flag": "d m           ", "port": "21"}, {"mac": "00:23:e9:ca:c4:47", "vlan_name": "ser_balanceados", "vlan_id": "98", "flag": "d m           ", "port": "21"}, {"mac": "00:23:e9:ca:c6:1f", "vlan_name": "ser_balanceados", "vlan_id": "98", "flag": "d m           ", "port": "21"}, {"mac": "00:23:e9:ca:c6:2f", "vlan_name": "ser_balanceados", "vlan_id": "98", "flag": "d m           ", "port": "21"}, {"mac": "00:25:03:38:be:00", "vlan_name": "Servidores_BalInt", "vlan_id": "4092", "flag": "d m           ", "port": "21"}, {"mac": "00:50:56:90:16:80", "vlan_name": "Servidores_BalInt", "vlan_id": "4092", "flag": "d mi          ", "port": "21"}, {"mac": "00:50:56:90:16:81", "vlan_name": "Servidores_BalInt", "vlan_id": "4092", "flag": "d mi          ", "port": "21"}, {"mac": "00:50:56:90:1a:70", "vlan_name": "Servidores_BalInt", "vlan_id": "4092", "flag": "d mi          ", "port": "21"}, {"mac": "00:50:56:90:20:86", "vlan_name": "Servidores_BalInt", "vlan_id": "4092", "flag": "d mi          ", "port": "21"}, {"mac": "00:50:56:90:20:b4", "vlan_name": "Servidores_BalInt", "vlan_id": "4092", "flag": "d mi          ", "port": "21"}, {"mac": "00:50:56:90:20:b6", "vlan_name": "Servidores_BalInt", "vlan_id": "4092", "flag": "d mi          ", "port": "21"}, {"mac": "00:50:56:90:40:cc", "vlan_name": "Servidores_BalInt", "vlan_id": "4092", "flag": "d mi          ", "port": "21"}, {"mac": "00:50:56:90:40:df", "vlan_name": "Servidores_BalInt", "vlan_id": "4092", "flag": "d mi          ", "port": "21"}, {"mac": "00:50:56:90:40:e2", "vlan_name": "Servidores_BalInt", "vlan_id": "4092", "flag": "d mi          ", "port": "21"}, {"mac": "00:50:56:90:40:e8", "vlan_name": "Servidores_BalInt", "vlan_id": "4092", "flag": "d mi          ", "port": "21"}, {"mac": "00:50:56:90:41:ae", "vlan_name": "Servidores_BalInt", "vlan_id": "4092", "flag": "d mi          ", "port": "21"}, {"mac": "00:50:56:90:41:c9", "vlan_name": "Servidores_BalInt", "vlan_id": "4092", "flag": "d mi          ", "port": "21"}, {"mac": "00:50:56:90:41:ca", "vlan_name": "Servidores_BalInt", "vlan_id": "4092", "flag": "d mi          ", "port": "21"}, {"mac": "00:50:56:90:41:d4", "vlan_name": "Servidores_BalInt", "vlan_id": "4092", "flag": "d mi          ", "port": "21"}, {"mac": "00:50:56:90:41:d6", "vlan_name": "Servidores_BalInt", "vlan_id": "4092", "flag": "d mi          ", "port": "21"}, {"mac": "00:50:56:90:55:8d", "vlan_name": "Servidores_BalInt", "vlan_id": "4092", "flag": "d m           ", "port": "21"}, {"mac": "00:50:56:90:55:9c", "vlan_name": "Servidores_BalInt", "vlan_id": "4092", "flag": "d mi          ", "port": "21"}, {"mac": "00:50:56:90:55:9d", "vlan_name": "Servidores_BalInt", "vlan_id": "4092", "flag": "d mi          ", "port": "21"}, {"mac": "00:50:56:90:55:9f", "vlan_name": "Servidores_BalInt", "vlan_id": "4092", "flag": "d mi          ", "port": "21"}, {"mac": "00:50:56:90:61:23", "vlan_name": "Servidores_BalInt", "vlan_id": "4092", "flag": "d mi          ", "port": "21"}, {"mac": "00:50:56:90:61:2e", "vlan_name": "Servidores_BalInt", "vlan_id": "4092", "flag": "d mi          ", "port": "21"}, {"mac": "00:50:56:9c:05:bb", "vlan_name": "Servidores_BalInt", "vlan_id": "4092", "flag": "d mi          ", "port": "21"}, {"mac": "00:50:56:9c:06:df", "vlan_name": "Servidores_BalInt", "vlan_id": "4092", "flag": "d mi          ", "port": "21"}, {"mac": "00:50:56:9c:0e:8e", "vlan_name": "Servidores_BalInt", "vlan_id": "4092", "flag": "d mi          ", "port": "21"}, {"mac": "00:50:56:9c:14:73", "vlan_name": "Servidores_BalInt", "vlan_id": "4092", "flag": "d mi          ", "port": "21"}, {"mac": "00:50:56:9c:19:22", "vlan_name": "Servidores_BalInt", "vlan_id": "4092", "flag": "d mi          ", "port": "21"}, {"mac": "00:50:56:9c:22:0f", "vlan_name": "Servidores_BalInt", "vlan_id": "4092", "flag": "d m           ", "port": "21"}, {"mac": "00:50:56:9c:26:2a", "vlan_name": "Servidores_BalInt", "vlan_id": "4092", "flag": "d mi          ", "port": "21"}, {"mac": "00:50:56:9c:2a:c2", "vlan_name": "Servidores_BalInt", "vlan_id": "4092", "flag": "d mi          ", "port": "21"}, {"mac": "00:50:56:9c:31:48", "vlan_name": "Servidores_BalInt", "vlan_id": "4092", "flag": "d mi          ", "port": "21"}, {"mac": "00:50:56:9c:31:8f", "vlan_name": "Servidores_BalInt", "vlan_id": "4092", "flag": "d mi          ", "port": "21"}, {"mac": "00:50:56:9c:32:64", "vlan_name": "Servidores_BalInt", "vlan_id": "4092", "flag": "d mi          ", "port": "21"}, {"mac": "00:50:56:9c:33:d4", "vlan_name": "Servidores_BalInt", "vlan_id": "4092", "flag": "d mi          ", "port": "21"}, {"mac": "00:50:56:9c:39:ec", "vlan_name": "Servidores_BalInt", "vlan_id": "4092", "flag": "d mi          ", "port": "21"}, {"mac": "00:50:56:9c:43:dc", "vlan_name": "Servidores_BalInt", "vlan_id": "4092", "flag": "d mi          ", "port": "21"}, {"mac": "00:50:56:9c:51:f9", "vlan_name": "Servidores_BalInt", "vlan_id": "4092", "flag": "d mi          ", "port": "21"}, {"mac": "00:50:56:9c:5a:d0", "vlan_name": "Servidores_BalInt", "vlan_id": "4092", "flag": "d mi          ", "port": "21"}, {"mac": "00:50:56:9c:5b:3c", "vlan_name": "Servidores_BalInt", "vlan_id": "4092", "flag": "d mi          ", "port": "21"}, {"mac": "00:50:56:9c:62:3f", "vlan_name": "Servidores_BalInt", "vlan_id": "4092", "flag": "d mi          ", "port": "21"}, {"mac": "00:50:56:9c:67:4d", "vlan_name": "Servidores_BalInt", "vlan_id": "4092", "flag": "d mi          ", "port": "21"}, {"mac": "00:50:56:9c:68:58", "vlan_name": "Servidores_BalInt", "vlan_id": "4092", "flag": "d mi          ", "port": "21"}, {"mac": "00:50:56:9c:74:81", "vlan_name": "Servidores_BalInt", "vlan_id": "4092", "flag": "d mi          ", "port": "21"}, {"mac": "00:50:56:9c:76:d8", "vlan_name": "Servidores_BalInt", "vlan_id": "4092", "flag": "d mi          ", "port": "21"}, {"mac": "00:50:56:9c:77:d7", "vlan_name": "Servidores_BalInt", "vlan_id": "4092", "flag": "d mi          ", "port": "21"}, {"mac": "00:50:56:9c:77:fb", "vlan_name": "Servidores_BalInt", "vlan_id": "4092", "flag": "d mi          ", "port": "21"}, {"mac": "00:50:56:9c:79:08", "vlan_name": "Servidores_BalInt", "vlan_id": "4092", "flag": "d mi          ", "port": "21"}, {"mac": "00:50:56:9c:79:b3", "vlan_name": "Servidores_BalInt", "vlan_id": "4092", "flag": "d mi          ", "port": "21"}, {"mac": "00:50:56:9c:7b:47", "vlan_name": "Servidores_BalInt", "vlan_id": "4092", "flag": "d mi          ", "port": "21"}, {"mac": "00:50:56:9c:7d:20", "vlan_name": "Servidores_BalInt", "vlan_id": "4092", "flag": "d mi          ", "port": "21"}, {"mac": "00:50:56:9c:7f:33", "vlan_name": "Servidores_BalInt", "vlan_id": "4092", "flag": "d mi          ", "port": "21"}, {"mac": "00:50:56:a4:eb:a4", "vlan_name": "ser_balanceados", "vlan_id": "98", "flag": "d m           ", "port": "21"}, {"mac": "00:50:56:b3:0c:a6", "vlan_name": "Servidores_BalInt", "vlan_id": "4092", "flag": "d mi          ", "port": "21"}, {"mac": "00:50:56:b3:15:08", "vlan_name": "Servidores_BalInt", "vlan_id": "4092", "flag": "d mi          ", "port": "21"}, {"mac": "00:50:56:b3:1d:f3", "vlan_name": "Servidores_BalInt", "vlan_id": "4092", "flag": "d mi          ", "port": "21"}, {"mac": "00:50:56:b3:35:c8", "vlan_name": "Servidores_BalInt", "vlan_id": "4092", "flag": "d mi          ", "port": "21"}, {"mac": "00:50:56:b3:5b:5c", "vlan_name": "Servidores_BalInt", "vlan_id": "4092", "flag": "d mi          ", "port": "21"}, {"mac": "00:62:ec:b3:e8:f2", "vlan_name": "ser_balanceados", "vlan_id": "98", "flag": "d m           ", "port": "21"}, {"mac": "00:90:fa:7f:eb:67", "vlan_name": "Servidores_BalInt", "vlan_id": "4092", "flag": "d mi          ", "port": "13"}, {"mac": "00:90:fa:7f:f2:c7", "vlan_name": "Servidores_BalInt", "vlan_id": "4092", "flag": "d mi          ", "port": "13"}, {"mac": "02:01:30:10:3a:12", "vlan_name": "ser_balanceados", "vlan_id": "98", "flag": "d m           ", "port": "21"}, {"mac": "10:1f:74:2e:35:21", "vlan_name": "Servidores_BalInt", "vlan_id": "4092", "flag": "d mi          ", "port": "21"}, {"mac": "14:18:77:49:8d:b4", "vlan_name": "Servidores_BalInt", "vlan_id": "4092", "flag": "d mi          ", "port": "17"}, {"mac": "14:18:77:4d:69:5a", "vlan_name": "Servidores_BalInt", "vlan_id": "4092", "flag": "d m           ", "port": "18"}, {"mac": "14:18:77:4d:6f:0e", "vlan_name": "Servidores_BalInt", "vlan_id": "4092", "flag": "d mi          ", "port": "22"}, {"mac": "34:40:b5:a0:4e:22", "vlan_name": "Servidores_BalInt", "vlan_id": "4092", "flag": "d mi          ", "port": "12"}, {"mac": "40:f2:e9:20:ab:e3", "vlan_name": "Servidores_BalInt", "vlan_id": "4092", "flag": "d mi          ", "port": "21"}, {"mac": "40:f2:e9:c3:7e:f9", "vlan_name": "Servidores_BalInt", "vlan_id": "4092", "flag": "d mi          ", "port": "10"}, {"mac": "40:f2:e9:c3:8a:b9", "vlan_name": "Servidores_BalInt", "vlan_id": "4092", "flag": "d mi          ", "port": "10"}, {"mac": "40:f2:e9:c3:c8:a9", "vlan_name": "Servidores_BalInt", "vlan_id": "4092", "flag": "d m           ", "port": "10"}, {"mac": "40:f2:e9:c3:f9:f9", "vlan_name": "Servidores_BalInt", "vlan_id": "4092", "flag": "d m           ", "port": "21"}, {"mac": "40:f2:e9:c3:f9:fd", "vlan_name": "Servidores_BalInt", "vlan_id": "4092", "flag": "d m           ", "port": "21"}, {"mac": "5c:f3:fc:09:87:34", "vlan_name": "Servidores_BalInt", "vlan_id": "4092", "flag": "d mi          ", "port": "21"}, {"mac": "5c:f3:fc:09:8d:c0", "vlan_name": "Servidores_BalInt", "vlan_id": "4092", "flag": "d mi          ", "port": "21"}, {"mac": "5c:f3:fc:21:d7:be", "vlan_name": "Servidores_BalInt", "vlan_id": "4092", "flag": "d mi          ", "port": "21"}, {"mac": "5c:f3:fc:b9:26:b6", "vlan_name": "Servidores_BalInt", "vlan_id": "4092", "flag": "d mi          ", "port": "8"}, {"mac": "6c:ae:8b:31:ab:51", "vlan_name": "Servidores_BalInt", "vlan_id": "4092", "flag": "d m           ", "port": "21"}, {"mac": "6c:ae:8b:31:cc:c9", "vlan_name": "Servidores_BalInt", "vlan_id": "4092", "flag": "d mi          ", "port": "5"}, {"mac": "6c:ae:8b:33:93:c9", "vlan_name": "Servidores_BalInt", "vlan_id": "4092", "flag": "d mi          ", "port": "5"}, {"mac": "a8:97:dc:42:f5:2e", "vlan_name": "Servidores_BalInt", "vlan_id": "4092", "flag": "d m           ", "port": "14"}, {"mac": "a8:97:dc:85:84:2f", "vlan_name": "Servidores_BalInt", "vlan_id": "4092", "flag": "d m           ", "port": "5"}, {"mac": "a8:97:dc:85:90:2f", "vlan_name": "Servidores_BalInt", "vlan_id": "4092", "flag": "d m           ", "port": "6"}, {"mac": "a8:97:dc:c2:ab:2f", "vlan_name": "Servidores_BalInt", "vlan_id": "4092", "flag": "d m           ", "port": "10"}, {"mac": "a8:97:dc:c2:d7:2f", "vlan_name": "Servidores_BalInt", "vlan_id": "4092", "flag": "d m           ", "port": "9"}, {"mac": "a8:97:dc:f4:24:2e", "vlan_name": "Servidores_BalInt", "vlan_id": "4092", "flag": "d m           ", "port": "13"}, {"mac": "b4:de:31:ad:28:75", "vlan_name": "Servidores_BalInt", "vlan_id": "4092", "flag": "d m           ", "port": "21"}, {"mac": "b4:de:31:c5:8b:a9", "vlan_name": "ser_balanceados", "vlan_id": "98", "flag": "d m           ", "port": "21"}, {"mac": "b4:de:31:c5:8c:bf", "vlan_name": "Servidores_BalInt", "vlan_id": "4092", "flag": "d m           ", "port": "21"}, {"mac": "c4:34:6b:fe:9d:2e", "vlan_name": "Servidores_BalInt", "vlan_id": "4092", "flag": "d m           ", "port": "21"}, {"mac": "c4:34:6b:fe:9d:7e", "vlan_name": "Servidores_BalInt", "vlan_id": "4092", "flag": "d m           ", "port": "21"}, {"mac": "c4:34:6b:fe:cb:96", "vlan_name": "Servidores_BalInt", "vlan_id": "4092", "flag": "d m           ", "port": "21"}, {"mac": "cc:16:7e:fa:31:94", "vlan_name": "ser_balanceados", "vlan_id": "98", "flag": "d m           ", "port": "21"}, {"mac": "d0:43:1e:fd:08:23", "vlan_name": "Servidores_BalInt", "vlan_id": "4092", "flag": "d mi          ", "port": "16"}, {"mac": "d0:43:1e:fd:0d:24", "vlan_name": "Servidores_BalInt", "vlan_id": "4092", "flag": "d mi          ", "port": "16"}, {"mac": "d0:43:1e:fd:0d:db", "vlan_name": "Servidores_BalInt", "vlan_id": "4092", "flag": "d mi          ", "port": "16"}, {"mac": "d0:43:1e:fd:0e:92", "vlan_name": "Servidores_BalInt", "vlan_id": "4092", "flag": "d mi          ", "port": "16"}, {"mac": "dc:c6:52:00:20:00", "vlan_name": "ser_balanceados", "vlan_id": "98", "flag": "d m           ", "port": "21"}, {"mac": "e4:1f:13:64:43:86", "vlan_name": "Servidores_BalInt", "vlan_id": "4092", "flag": "d mi          ", "port": "21"}, {"mac": "e4:1f:13:b8:6b:aa", "vlan_name": "Servidores_BalInt", "vlan_id": "4092", "flag": "d mi          ", "port": "21"}, {"mac": "e4:1f:13:b8:6b:d2", "vlan_name": "Servidores_BalInt", "vlan_id": "4092", "flag": "d mi          ", "port": "21"}, {"mac": "f4:8e:38:0b:a1:ef", "vlan_name": "Servidores_BalInt", "vlan_id": "4092", "flag": "d m           ", "port": "24"}, {"mac": "f8:b1:56:8b:53:aa", "vlan_name": "Servidores_BalInt", "vlan_id": "4092", "flag": "d m           ", "port": "16"}]