[{"local_port": "5", "neighbor_port_id": "\"47\"", "neighbor_system_name": "\""}, {"local_port": "6", "neighbor_port_id": "\"47\"", "neighbor_system_name": "\""}, {"local_port": "7", "neighbor_port_id": "\"47\"", "neighbor_system_name": "\""}, {"local_port": "9", "neighbor_port_id": "\"47\"", "neighbor_system_name": "\""}, {"local_port": "10", "neighbor_port_id": "\"47\"", "neighbor_system_name": "\""}, {"local_port": "13", "neighbor_port_id": "\"46\"", "neighbor_system_name": "\""}, {"local_port": "14", "neighbor_port_id": "\"46\"", "neighbor_system_name": "\""}, {"local_port": "16", "neighbor_port_id": "\"TenGigabitEthernet", "neighbor_system_name": "\"LV_RO12_DELL_T1_LAN_CHASIS_51\""}, {"local_port": "24", "neighbor_port_id": "\"TenGigabitEthernet", "neighbor_system_name": "\"LV_RO06_DELL_T1_LAN1_CHASIS_55\""}]