[{"port": "Port", "neighbor": "Neighbor", "neighbor_id": "Neighbor-ID", "remote_port": "Remote", "num_vlans": "Num"}, {"port": "20", "neighbor": "LV_RD28C_Respaldo02", "neighbor_id": "00:00:00:04:96:82:5a:4f", "remote_port": "1:1", "num_vlans": "3"}, {"port": "21", "neighbor": "LV_RL13C_RESP_02", "neighbor_id": "00:00:00:04:96:52:18:9a", "remote_port": "1:27", "num_vlans": "1"}, {"port": "22", "neighbor": "LV_RD35C_RESP_04", "neighbor_id": "00:00:00:04:96:82:5a:75", "remote_port": "1:27", "num_vlans": "3"}, {"port": "23", "neighbor": "LV_RL27_CORE_01", "neighbor_id": "00:00:00:04:96:43:e3:10", "remote_port": "5:3", "num_vlans": "1"}, {"port": "24", "neighbor": "LV_RL28_CORE_02", "neighbor_id": "00:00:00:04:96:43:bc:80", "remote_port": "5:3", "num_vlans": "1"}]