[{"mac": "00:1e:67:30:10:d4", "vlan_name": "DMZ_Interna", "vlan_id": "4094", "flag": "d m           ", "port": "5"}, {"mac": "00:1e:67:5d:12:4c", "vlan_name": "DMZ_Interna", "vlan_id": "4094", "flag": "d m           ", "port": "20"}, {"mac": "00:1e:67:b9:3a:43", "vlan_name": "DMZ_Interna", "vlan_id": "4094", "flag": "d m           ", "port": "16"}, {"mac": "00:1e:67:c5:34:dd", "vlan_name": "DMZ_Interna", "vlan_id": "4094", "flag": "d m           ", "port": "17"}, {"mac": "00:e0:ed:1f:d9:5a", "vlan_name": "DMZ_Interna", "vlan_id": "4094", "flag": "d m           ", "port": "9"}, {"mac": "00:e0:ed:20:50:c8", "vlan_name": "DMZ_Interna", "vlan_id": "4094", "flag": "d m           ", "port": "14"}, {"mac": "3c:a8:2a:22:90:e0", "vlan_name": "DMZ_Interna", "vlan_id": "4094", "flag": "d m           ", "port": "19"}, {"mac": "40:a8:f0:1f:79:18", "vlan_name": "DMZ_Interna", "vlan_id": "4094", "flag": "d m           ", "port": "4"}, {"mac": "90:e2:ba:2d:11:e5", "vlan_name": "DMZ_Interna", "vlan_id": "4094", "flag": "d m           ", "port": "10"}, {"mac": "d4:f4:be:9e:15:12", "vlan_name": "DMZ_Interna", "vlan_id": "4094", "flag": "d m           ", "port": "7"}]