[{"port": "Port", "neighbor": "Neighbor", "neighbor_id": "Neighbor-ID", "remote_port": "Remote", "num_vlans": "Num"}, {"port": "2", "neighbor": "LV_RG28C_CONS_02", "neighbor_id": "00:00:00:04:96:36:8b:1a", "remote_port": "1:1", "num_vlans": "2"}, {"port": "11", "neighbor": "LV_RG28C_CONS_03", "neighbor_id": "00:00:00:04:96:36:c7:51", "remote_port": "1:1", "num_vlans": "1"}, {"port": "13", "neighbor": "LV_RD28C_CONS_05", "neighbor_id": "00:00:00:04:96:82:1a:8a", "remote_port": "1:24", "num_vlans": "2"}, {"port": "14", "neighbor": "LV_RG27C_CONS_04", "neighbor_id": "00:00:00:04:96:8b:98:55", "remote_port": "1:1", "num_vlans": "1"}, {"port": "15", "neighbor": "LV_RD28C_CONS_06", "neighbor_id": "00:00:00:04:96:36:f9:13", "remote_port": "1:1", "num_vlans": "1"}, {"port": "17", "neighbor": "LV_RD27C_CONS_06", "neighbor_id": "00:00:00:04:96:97:c4:f2", "remote_port": "1:24", "num_vlans": "2"}, {"port": "18", "neighbor": "LV_RL32C_CONS_11", "neighbor_id": "00:00:00:04:96:82:14:54", "remote_port": "1:24", "num_vlans": "2"}, {"port": "25", "neighbor": "LV_RL29C_SERVICIOS_01", "neighbor_id": "00:00:00:04:96:97:d3:3d", "remote_port": "1:4", "num_vlans": "5"}, {"port": "26", "neighbor": "LV_RD35C_CONS_10", "neighbor_id": "00:00:00:04:96:6d:6c:ce", "remote_port": "1:24", "num_vlans": "4"}]