[{"vlan_name": "A7_CMR-CL", "vlan_id": "614"}, {"vlan_name": "Adm_EoIB", "vlan_id": "740"}, {"vlan_name": "Adm_Exalogic-Exadata", "vlan_id": "700"}, {"vlan_name": "Bypass", "vlan_id": "2010"}, {"vlan_name": "Consola_SAT_AR", "vlan_id": "902"}, {"vlan_name": "Consola_SAT_CO", "vlan_id": "903"}, {"vlan_name": "CORE1", "vlan_id": "4094"}, {"vlan_name": "CORE2", "vlan_id": "4093"}, {"vlan_name": "Default", "vlan_id": "1"}, {"vlan_name": "Exadata_BF-CL", "vlan_id": "705"}, {"vlan_name": "Exadata_BF-COL", "vlan_id": "703"}, {"vlan_name": "Exadata_BF-PE", "vlan_id": "704"}, {"vlan_name": "Exadata_CMR-AR", "vlan_id": "702"}, {"vlan_name": "Exadata_CMR-CL", "vlan_id": "701"}, {"vlan_name": "Exadata_Homologacion", "vlan_id": "706"}, {"vlan_name": "Exalogic_BF-CL", "vlan_id": "735"}, {"vlan_name": "Exalogic_BF-COL", "vlan_id": "733"}, {"vlan_name": "Exalogic_BF-PE", "vlan_id": "734"}, {"vlan_name": "Exalogic_CMR-AR", "vlan_id": "732"}, {"vlan_name": "Exalogic_CMR-CL", "vlan_id": "731"}, {"vlan_name": "Exalogic_Homologacion", "vlan_id": "736"}, {"vlan_name": "EXT_F5_Omni", "vlan_id": "625"}, {"vlan_name": "FW_Core_Banc", "vlan_id": "4092"}, {"vlan_name": "FW_Core_Banc_Co", "vlan_id": "496"}, {"vlan_name": "FW_Omnichannel", "vlan_id": "4088"}, {"vlan_name": "FW_PAN_FIF", "vlan_id": "2000"}, {"vlan_name": "FW_SAT_Peru", "vlan_id": "4089"}, {"vlan_name": "GoGoNoGo_PCI_CDLV", "vlan_id": "1717"}, {"vlan_name": "HSM_SAT_AR", "vlan_id": "904"}, {"vlan_name": "HSM_VU", "vlan_id": "1602"}, {"vlan_name": "loop_id", "vlan_id": "4091"}, {"vlan_name": "Mgmt", "vlan_id": "4095"}, {"vlan_name": "Monitoreo_OEM", "vlan_id": "709"}, {"vlan_name": "ODS_TDS_SAT_AR", "vlan_id": "905"}, {"vlan_name": "SAT_AR", "vlan_id": "900"}, {"vlan_name": "SAT_CO", "vlan_id": "901"}, {"vlan_name": "Sync_Viprion", "vlan_id": "1654"}, {"vlan_name": "vFW_CMR_MX", "vlan_id": "2003"}, {"vlan_name": "vFW_SAT_Argentina", "vlan_id": "2002"}, {"vlan_name": "vFW_SAT_Colombia", "vlan_id": "2001"}]