[{"mac": "00:04:96:43:bc:80", "vlan_name": "CORE2", "vlan_id": "4093", "flag": "dhmi          ", "port": "26"}, {"mac": "00:04:96:43:e3:10", "vlan_name": "CORE1", "vlan_id": "4094", "flag": "dhmi          ", "port": "25"}, {"mac": "00:0b:38:bc:f3:24", "vlan_name": "Adm_Exalogic-Exadata", "vlan_id": "700", "flag": "dhm           ", "port": "4"}, {"mac": "00:0b:38:bc:f3:2f", "vlan_name": "Adm_Exalogic-Exadata", "vlan_id": "700", "flag": "dhm           ", "port": "4"}, {"mac": "00:0b:38:bc:f3:f8", "vlan_name": "Adm_Exalogic-Exadata", "vlan_id": "700", "flag": "dhm           ", "port": "4"}, {"mac": "00:10:e0:5c:c0:5b", "vlan_name": "Adm_Exalogic-Exadata", "vlan_id": "700", "flag": "dhm           ", "port": "4"}, {"mac": "00:10:e0:65:5a:96", "vlan_name": "Adm_Exalogic-Exadata", "vlan_id": "700", "flag": "dhm           ", "port": "4"}, {"mac": "00:10:e0:65:5a:9a", "vlan_name": "Adm_Exalogic-Exadata", "vlan_id": "700", "flag": "dhm           ", "port": "4"}, {"mac": "00:10:e0:68:6d:32", "vlan_name": "Adm_Exalogic-Exadata", "vlan_id": "700", "flag": "dhm           ", "port": "4"}, {"mac": "00:10:e0:68:6d:37", "vlan_name": "Adm_Exalogic-Exadata", "vlan_id": "700", "flag": "dhm           ", "port": "4"}, {"mac": "00:10:e0:68:9e:d5", "vlan_name": "Adm_Exalogic-Exadata", "vlan_id": "700", "flag": "dhm           ", "port": "4"}, {"mac": "00:10:e0:68:9f:18", "vlan_name": "Adm_Exalogic-Exadata", "vlan_id": "700", "flag": "dhm           ", "port": "4"}, {"mac": "00:10:e0:68:9f:1d", "vlan_name": "Adm_Exalogic-Exadata", "vlan_id": "700", "flag": "dhm           ", "port": "4"}, {"mac": "00:10:e0:68:9f:a2", "vlan_name": "Adm_Exalogic-Exadata", "vlan_id": "700", "flag": "dhm           ", "port": "4"}, {"mac": "00:10:e0:68:9f:a7", "vlan_name": "Adm_Exalogic-Exadata", "vlan_id": "700", "flag": "dhm           ", "port": "4"}, {"mac": "00:10:e0:68:fa:d4", "vlan_name": "Adm_Exalogic-Exadata", "vlan_id": "700", "flag": "dhm           ", "port": "4"}, {"mac": "00:10:e0:68:fa:d9", "vlan_name": "Adm_Exalogic-Exadata", "vlan_id": "700", "flag": "dhm           ", "port": "4"}, {"mac": "00:10:e0:68:fc:24", "vlan_name": "Adm_Exalogic-Exadata", "vlan_id": "700", "flag": "dhm           ", "port": "4"}, {"mac": "00:10:e0:68:fc:29", "vlan_name": "Adm_Exalogic-Exadata", "vlan_id": "700", "flag": "dhm           ", "port": "4"}, {"mac": "00:10:e0:69:32:a7", "vlan_name": "Adm_Exalogic-Exadata", "vlan_id": "700", "flag": "dhm           ", "port": "4"}, {"mac": "00:10:e0:69:33:26", "vlan_name": "Adm_Exalogic-Exadata", "vlan_id": "700", "flag": "dhm           ", "port": "4"}, {"mac": "00:10:e0:69:33:2b", "vlan_name": "Adm_Exalogic-Exadata", "vlan_id": "700", "flag": "dhm           ", "port": "4"}, {"mac": "00:10:e0:70:6a:66", "vlan_name": "Adm_Exalogic-Exadata", "vlan_id": "700", "flag": "dhm           ", "port": "4"}, {"mac": "00:10:e0:71:5b:04", "vlan_name": "Adm_Exalogic-Exadata", "vlan_id": "700", "flag": "dhm           ", "port": "4"}, {"mac": "00:10:e0:71:5b:05", "vlan_name": "Monitoreo_OEM", "vlan_id": "709", "flag": "dhm           ", "port": "4"}, {"mac": "00:10:e0:71:5b:08", "vlan_name": "Adm_Exalogic-Exadata", "vlan_id": "700", "flag": "dhm           ", "port": "4"}, {"mac": "00:10:e0:71:67:b2", "vlan_name": "Adm_Exalogic-Exadata", "vlan_id": "700", "flag": "dhm           ", "port": "4"}, {"mac": "00:10:e0:71:7e:f2", "vlan_name": "Adm_Exalogic-Exadata", "vlan_id": "700", "flag": "dhm           ", "port": "4"}, {"mac": "00:10:e0:71:85:40", "vlan_name": "Adm_Exalogic-Exadata", "vlan_id": "700", "flag": "dhm           ", "port": "4"}, {"mac": "00:10:e0:71:85:45", "vlan_name": "Adm_Exalogic-Exadata", "vlan_id": "700", "flag": "dhm           ", "port": "4"}, {"mac": "00:10:e0:71:a0:5e", "vlan_name": "Adm_Exalogic-Exadata", "vlan_id": "700", "flag": "dhm           ", "port": "4"}, {"mac": "00:10:e0:7a:5d:42", "vlan_name": "Adm_Exalogic-Exadata", "vlan_id": "700", "flag": "dhm           ", "port": "4"}, {"mac": "00:10:e0:8a:2a:cf", "vlan_name": "SAT_AR", "vlan_id": "900", "flag": "dhmi          ", "port": "14"}, {"mac": "00:10:e0:8a:2a:d0", "vlan_name": "SAT_AR", "vlan_id": "900", "flag": "dhm           ", "port": "14"}, {"mac": "00:10:e0:8a:2a:d7", "vlan_name": "Consola_SAT_AR", "vlan_id": "902", "flag": "dhmi          ", "port": "14"}, {"mac": "00:10:e0:8a:2d:81", "vlan_name": "SAT_AR", "vlan_id": "900", "flag": "dhm           ", "port": "14"}, {"mac": "00:10:e0:8a:2d:82", "vlan_name": "SAT_AR", "vlan_id": "900", "flag": "dhm           ", "port": "14"}, {"mac": "00:10:e0:8a:2d:89", "vlan_name": "Consola_SAT_AR", "vlan_id": "902", "flag": "dhmi          ", "port": "14"}, {"mac": "00:10:e0:94:f2:f1", "vlan_name": "SAT_AR", "vlan_id": "900", "flag": "dhm           ", "port": "21"}, {"mac": "00:10:e0:96:00:21", "vlan_name": "SAT_AR", "vlan_id": "900", "flag": "dhm           ", "port": "21"}, {"mac": "00:10:e0:bc:b7:97", "vlan_name": "SAT_AR", "vlan_id": "900", "flag": "dhmi          ", "port": "14"}, {"mac": "00:10:e0:bc:cb:f5", "vlan_name": "SAT_AR", "vlan_id": "900", "flag": "dhmi          ", "port": "14"}, {"mac": "00:14:4f:f8:14:c9", "vlan_name": "Exalogic_BF-PE", "vlan_id": "734", "flag": "dhm           ", "port": "4"}, {"mac": "00:14:4f:f8:2a:15", "vlan_name": "Exalogic_BF-COL", "vlan_id": "733", "flag": "dhm           ", "port": "4"}, {"mac": "00:14:4f:f8:2c:d0", "vlan_name": "SAT_AR", "vlan_id": "900", "flag": "dhm           ", "port": "14"}, {"mac": "00:14:4f:f8:3b:64", "vlan_name": "Exalogic_CMR-CL", "vlan_id": "731", "flag": "dhm           ", "port": "4"}, {"mac": "00:14:4f:f8:43:11", "vlan_name": "Exalogic_CMR-CL", "vlan_id": "731", "flag": "dhm           ", "port": "4"}, {"mac": "00:14:4f:f8:4e:db", "vlan_name": "Exalogic_BF-COL", "vlan_id": "733", "flag": "dhm           ", "port": "4"}, {"mac": "00:14:4f:f8:53:9e", "vlan_name": "Exalogic_CMR-CL", "vlan_id": "731", "flag": "dhm           ", "port": "4"}, {"mac": "00:14:4f:f8:57:30", "vlan_name": "Exalogic_BF-COL", "vlan_id": "733", "flag": "dhm           ", "port": "4"}, {"mac": "00:14:4f:f8:5d:0c", "vlan_name": "Exalogic_BF-COL", "vlan_id": "733", "flag": "dhm           ", "port": "4"}, {"mac": "00:14:4f:f8:61:cc", "vlan_name": "Exalogic_BF-CL", "vlan_id": "735", "flag": "dhm           ", "port": "4"}, {"mac": "00:14:4f:f8:65:7e", "vlan_name": "SAT_AR", "vlan_id": "900", "flag": "dhm           ", "port": "14"}, {"mac": "00:14:4f:f8:6a:2c", "vlan_name": "Exalogic_BF-COL", "vlan_id": "733", "flag": "dhm           ", "port": "4"}, {"mac": "00:14:4f:f8:84:4e", "vlan_name": "SAT_AR", "vlan_id": "900", "flag": "dhm           ", "port": "14"}, {"mac": "00:14:4f:f8:84:7a", "vlan_name": "Exalogic_CMR-CL", "vlan_id": "731", "flag": "dhm           ", "port": "4"}, {"mac": "00:14:4f:f8:87:5c", "vlan_name": "SAT_AR", "vlan_id": "900", "flag": "dhm           ", "port": "14"}, {"mac": "00:14:4f:f8:8b:8e", "vlan_name": "Exalogic_BF-CL", "vlan_id": "735", "flag": "dhm           ", "port": "4"}, {"mac": "00:14:4f:f8:8c:c6", "vlan_name": "Exalogic_BF-PE", "vlan_id": "734", "flag": "dhm           ", "port": "4"}, {"mac": "00:14:4f:f8:b5:51", "vlan_name": "SAT_AR", "vlan_id": "900", "flag": "dhm           ", "port": "14"}, {"mac": "00:14:4f:f8:db:29", "vlan_name": "Exalogic_CMR-CL", "vlan_id": "731", "flag": "dhm           ", "port": "4"}, {"mac": "00:14:4f:f8:e1:86", "vlan_name": "SAT_AR", "vlan_id": "900", "flag": "dhm           ", "port": "14"}, {"mac": "00:14:4f:f8:e6:92", "vlan_name": "Exalogic_CMR-AR", "vlan_id": "732", "flag": "dhm           ", "port": "4"}, {"mac": "00:14:4f:f8:f0:b8", "vlan_name": "Exalogic_BF-PE", "vlan_id": "734", "flag": "dhm           ", "port": "4"}, {"mac": "00:14:4f:f8:ff:f5", "vlan_name": "Exalogic_BF-COL", "vlan_id": "733", "flag": "dhm           ", "port": "4"}, {"mac": "00:14:4f:f9:10:66", "vlan_name": "Exalogic_CMR-AR", "vlan_id": "732", "flag": "dhm           ", "port": "4"}, {"mac": "00:14:4f:f9:11:71", "vlan_name": "SAT_AR", "vlan_id": "900", "flag": "dhm           ", "port": "14"}, {"mac": "00:14:4f:f9:20:b3", "vlan_name": "Exalogic_CMR-AR", "vlan_id": "732", "flag": "dhm           ", "port": "4"}, {"mac": "00:14:4f:f9:3c:98", "vlan_name": "SAT_AR", "vlan_id": "900", "flag": "dhm           ", "port": "14"}, {"mac": "00:14:4f:f9:3c:df", "vlan_name": "Exalogic_BF-COL", "vlan_id": "733", "flag": "dhm           ", "port": "4"}, {"mac": "00:14:4f:f9:44:cb", "vlan_name": "Exalogic_CMR-CL", "vlan_id": "731", "flag": "dhm           ", "port": "4"}, {"mac": "00:14:4f:f9:4a:86", "vlan_name": "Exalogic_CMR-CL", "vlan_id": "731", "flag": "dhm           ", "port": "4"}, {"mac": "00:14:4f:f9:57:10", "vlan_name": "Exalogic_CMR-AR", "vlan_id": "732", "flag": "dhm           ", "port": "4"}, {"mac": "00:14:4f:f9:59:92", "vlan_name": "Exalogic_BF-PE", "vlan_id": "734", "flag": "dhm           ", "port": "4"}, {"mac": "00:14:4f:f9:61:db", "vlan_name": "Exalogic_BF-PE", "vlan_id": "734", "flag": "dhm           ", "port": "4"}, {"mac": "00:14:4f:f9:65:54", "vlan_name": "Exalogic_BF-COL", "vlan_id": "733", "flag": "dhm           ", "port": "4"}, {"mac": "00:14:4f:f9:6b:18", "vlan_name": "Exalogic_CMR-AR", "vlan_id": "732", "flag": "dhm           ", "port": "4"}, {"mac": "00:14:4f:f9:80:71", "vlan_name": "Exalogic_CMR-AR", "vlan_id": "732", "flag": "dhm           ", "port": "4"}, {"mac": "00:14:4f:f9:86:0f", "vlan_name": "Exalogic_BF-PE", "vlan_id": "734", "flag": "dhm           ", "port": "4"}, {"mac": "00:14:4f:f9:89:ae", "vlan_name": "Exalogic_BF-PE", "vlan_id": "734", "flag": "dhm           ", "port": "4"}, {"mac": "00:14:4f:f9:8c:24", "vlan_name": "Exalogic_BF-COL", "vlan_id": "733", "flag": "dhm           ", "port": "4"}, {"mac": "00:14:4f:f9:8d:ce", "vlan_name": "Exalogic_CMR-AR", "vlan_id": "732", "flag": "dhm           ", "port": "4"}, {"mac": "00:14:4f:f9:9b:d5", "vlan_name": "Exalogic_BF-COL", "vlan_id": "733", "flag": "dhm           ", "port": "4"}, {"mac": "00:14:4f:f9:b2:9f", "vlan_name": "Exalogic_BF-CL", "vlan_id": "735", "flag": "dhm           ", "port": "4"}, {"mac": "00:14:4f:f9:be:2e", "vlan_name": "Exalogic_BF-PE", "vlan_id": "734", "flag": "dhm           ", "port": "4"}, {"mac": "00:14:4f:f9:ce:54", "vlan_name": "Exalogic_CMR-CL", "vlan_id": "731", "flag": "dhm           ", "port": "4"}, {"mac": "00:14:4f:f9:de:4d", "vlan_name": "Exalogic_BF-CL", "vlan_id": "735", "flag": "dhm           ", "port": "4"}, {"mac": "00:14:4f:f9:e4:ab", "vlan_name": "Exalogic_BF-COL", "vlan_id": "733", "flag": "dhm           ", "port": "4"}, {"mac": "00:14:4f:f9:f8:f4", "vlan_name": "Exalogic_BF-PE", "vlan_id": "734", "flag": "dhm           ", "port": "4"}, {"mac": "00:14:4f:fa:09:ca", "vlan_name": "SAT_AR", "vlan_id": "900", "flag": "dhm           ", "port": "14"}, {"mac": "00:14:4f:fa:0e:5e", "vlan_name": "Exalogic_BF-CL", "vlan_id": "735", "flag": "dhm           ", "port": "4"}, {"mac": "00:14:4f:fa:0e:9c", "vlan_name": "Exalogic_BF-COL", "vlan_id": "733", "flag": "dhm           ", "port": "4"}, {"mac": "00:14:4f:fa:1f:e9", "vlan_name": "Exalogic_BF-PE", "vlan_id": "734", "flag": "dhm           ", "port": "4"}, {"mac": "00:14:4f:fa:27:e5", "vlan_name": "Exalogic_BF-COL", "vlan_id": "733", "flag": "dhm           ", "port": "4"}, {"mac": "00:14:4f:fa:37:d2", "vlan_name": "Exalogic_CMR-CL", "vlan_id": "731", "flag": "dhm           ", "port": "4"}, {"mac": "00:14:4f:fa:39:02", "vlan_name": "Exalogic_BF-COL", "vlan_id": "733", "flag": "dhm           ", "port": "4"}, {"mac": "00:14:4f:fa:3a:fc", "vlan_name": "Exalogic_CMR-AR", "vlan_id": "732", "flag": "dhm           ", "port": "4"}, {"mac": "00:14:4f:fa:49:96", "vlan_name": "Exalogic_CMR-CL", "vlan_id": "731", "flag": "dhm           ", "port": "4"}, {"mac": "00:14:4f:fa:4f:27", "vlan_name": "Exalogic_CMR-CL", "vlan_id": "731", "flag": "dhm           ", "port": "4"}, {"mac": "00:14:4f:fa:62:9b", "vlan_name": "Exalogic_BF-CL", "vlan_id": "735", "flag": "dhm           ", "port": "4"}, {"mac": "00:14:4f:fa:7b:93", "vlan_name": "Exalogic_CMR-CL", "vlan_id": "731", "flag": "dhm           ", "port": "4"}, {"mac": "00:14:4f:fa:80:39", "vlan_name": "Exalogic_CMR-CL", "vlan_id": "731", "flag": "dhm           ", "port": "4"}, {"mac": "00:14:4f:fa:a5:27", "vlan_name": "Exalogic_CMR-AR", "vlan_id": "732", "flag": "dhm           ", "port": "4"}, {"mac": "00:14:4f:fa:a5:3e", "vlan_name": "Exalogic_BF-CL", "vlan_id": "735", "flag": "dhm           ", "port": "4"}, {"mac": "00:14:4f:fa:aa:ea", "vlan_name": "Exalogic_BF-PE", "vlan_id": "734", "flag": "dhm           ", "port": "4"}, {"mac": "00:14:4f:fa:b2:5d", "vlan_name": "Exalogic_CMR-CL", "vlan_id": "731", "flag": "dhm           ", "port": "4"}, {"mac": "00:14:4f:fa:b6:1c", "vlan_name": "Exalogic_BF-PE", "vlan_id": "734", "flag": "dhm           ", "port": "4"}, {"mac": "00:14:4f:fa:c9:2a", "vlan_name": "Exalogic_CMR-AR", "vlan_id": "732", "flag": "dhm           ", "port": "4"}, {"mac": "00:14:4f:fa:d7:a3", "vlan_name": "Exalogic_CMR-CL", "vlan_id": "731", "flag": "dhm           ", "port": "4"}, {"mac": "00:14:4f:fa:f1:b1", "vlan_name": "Exalogic_BF-CL", "vlan_id": "735", "flag": "dhm           ", "port": "4"}, {"mac": "00:14:4f:fb:0a:0a", "vlan_name": "Exalogic_BF-PE", "vlan_id": "734", "flag": "dhm           ", "port": "4"}, {"mac": "00:14:4f:fb:0f:e4", "vlan_name": "Exalogic_CMR-CL", "vlan_id": "731", "flag": "dhm           ", "port": "4"}, {"mac": "00:14:4f:fb:15:78", "vlan_name": "Exalogic_BF-COL", "vlan_id": "733", "flag": "dhm           ", "port": "4"}, {"mac": "00:14:4f:fb:1e:1e", "vlan_name": "Exalogic_CMR-AR", "vlan_id": "732", "flag": "dhm           ", "port": "4"}, {"mac": "00:14:4f:fb:2b:f2", "vlan_name": "Exalogic_CMR-AR", "vlan_id": "732", "flag": "dhm           ", "port": "4"}, {"mac": "00:14:4f:fb:37:28", "vlan_name": "Exalogic_CMR-AR", "vlan_id": "732", "flag": "dhm           ", "port": "4"}, {"mac": "00:14:4f:fb:4f:3d", "vlan_name": "Exalogic_CMR-AR", "vlan_id": "732", "flag": "dhm           ", "port": "4"}, {"mac": "00:14:4f:fb:51:21", "vlan_name": "Exalogic_BF-PE", "vlan_id": "734", "flag": "dhm           ", "port": "4"}, {"mac": "00:14:4f:fb:53:82", "vlan_name": "Exalogic_BF-CL", "vlan_id": "735", "flag": "dhm           ", "port": "4"}, {"mac": "00:14:4f:fb:54:66", "vlan_name": "Exalogic_BF-CL", "vlan_id": "735", "flag": "dhm           ", "port": "4"}, {"mac": "00:14:4f:fb:54:bd", "vlan_name": "Exalogic_BF-CL", "vlan_id": "735", "flag": "dhm           ", "port": "4"}, {"mac": "00:14:4f:fb:58:91", "vlan_name": "Exalogic_BF-CL", "vlan_id": "735", "flag": "dhm           ", "port": "4"}, {"mac": "00:14:4f:fb:67:c9", "vlan_name": "Exalogic_CMR-AR", "vlan_id": "732", "flag": "dhm           ", "port": "4"}, {"mac": "00:14:4f:fb:6a:a2", "vlan_name": "Exalogic_BF-PE", "vlan_id": "734", "flag": "dhm           ", "port": "4"}, {"mac": "00:14:4f:fb:70:84", "vlan_name": "Exalogic_CMR-AR", "vlan_id": "732", "flag": "dhm           ", "port": "4"}, {"mac": "00:14:4f:fb:78:2f", "vlan_name": "Exalogic_CMR-AR", "vlan_id": "732", "flag": "dhm           ", "port": "4"}, {"mac": "00:14:4f:fb:7b:cf", "vlan_name": "Exalogic_BF-CL", "vlan_id": "735", "flag": "dhm           ", "port": "4"}, {"mac": "00:14:4f:fb:7f:49", "vlan_name": "Exalogic_BF-PE", "vlan_id": "734", "flag": "dhm           ", "port": "4"}, {"mac": "00:14:4f:fb:83:2c", "vlan_name": "Exalogic_BF-PE", "vlan_id": "734", "flag": "dhm           ", "port": "4"}, {"mac": "00:14:4f:fb:93:18", "vlan_name": "Exalogic_BF-COL", "vlan_id": "733", "flag": "dhm           ", "port": "4"}, {"mac": "00:14:4f:fb:99:5c", "vlan_name": "Exalogic_BF-CL", "vlan_id": "735", "flag": "dhm           ", "port": "4"}, {"mac": "00:14:4f:fb:9c:63", "vlan_name": "Exalogic_BF-CL", "vlan_id": "735", "flag": "dhm           ", "port": "4"}, {"mac": "00:14:4f:fb:a3:b1", "vlan_name": "Exalogic_BF-PE", "vlan_id": "734", "flag": "dhm           ", "port": "4"}, {"mac": "00:14:4f:fb:ab:77", "vlan_name": "Exalogic_CMR-CL", "vlan_id": "731", "flag": "dhm           ", "port": "4"}, {"mac": "00:14:4f:fb:ac:16", "vlan_name": "Exalogic_BF-CL", "vlan_id": "735", "flag": "dhm           ", "port": "4"}, {"mac": "00:14:4f:fb:ac:9a", "vlan_name": "Exalogic_BF-COL", "vlan_id": "733", "flag": "dhm           ", "port": "4"}, {"mac": "00:14:4f:fb:c4:af", "vlan_name": "SAT_AR", "vlan_id": "900", "flag": "dhm           ", "port": "14"}, {"mac": "00:14:4f:fb:c9:43", "vlan_name": "Exalogic_BF-COL", "vlan_id": "733", "flag": "dhm           ", "port": "4"}, {"mac": "00:14:4f:fb:c9:6c", "vlan_name": "Exalogic_BF-CL", "vlan_id": "735", "flag": "dhm           ", "port": "4"}, {"mac": "00:14:4f:fb:cb:36", "vlan_name": "Exalogic_BF-CL", "vlan_id": "735", "flag": "dhm           ", "port": "4"}, {"mac": "00:14:4f:fb:d4:8d", "vlan_name": "Exalogic_CMR-AR", "vlan_id": "732", "flag": "dhm           ", "port": "4"}, {"mac": "00:14:4f:fb:e5:83", "vlan_name": "Exalogic_CMR-CL", "vlan_id": "731", "flag": "dhm           ", "port": "4"}, {"mac": "00:16:3e:27:22:a9", "vlan_name": "Exadata_BF-PE", "vlan_id": "704", "flag": "dhm           ", "port": "4"}, {"mac": "00:16:3e:2e:4b:94", "vlan_name": "Exadata_BF-CL", "vlan_id": "705", "flag": "dhm           ", "port": "4"}, {"mac": "00:16:3e:31:8f:48", "vlan_name": "Exadata_CMR-AR", "vlan_id": "702", "flag": "dhm           ", "port": "4"}, {"mac": "00:16:3e:3f:04:3c", "vlan_name": "Adm_Exalogic-Exadata", "vlan_id": "700", "flag": "dhm           ", "port": "4"}, {"mac": "00:16:3e:4f:7e:c1", "vlan_name": "Adm_Exalogic-Exadata", "vlan_id": "700", "flag": "dhm           ", "port": "4"}, {"mac": "00:16:3e:6c:07:ab", "vlan_name": "Exadata_BF-COL", "vlan_id": "703", "flag": "dhm           ", "port": "4"}, {"mac": "00:16:3e:79:b2:ac", "vlan_name": "Adm_Exalogic-Exadata", "vlan_id": "700", "flag": "dhm           ", "port": "4"}, {"mac": "00:16:3e:7d:b9:d1", "vlan_name": "Exadata_BF-CL", "vlan_id": "705", "flag": "dhm           ", "port": "4"}, {"mac": "00:16:3e:85:57:7a", "vlan_name": "Exadata_CMR-CL", "vlan_id": "701", "flag": "dhm           ", "port": "4"}, {"mac": "00:16:3e:98:b8:5e", "vlan_name": "Exadata_BF-COL", "vlan_id": "703", "flag": "dhm           ", "port": "4"}, {"mac": "00:16:3e:9b:75:a5", "vlan_name": "Adm_Exalogic-Exadata", "vlan_id": "700", "flag": "dhm           ", "port": "4"}, {"mac": "00:16:3e:9e:bc:fd", "vlan_name": "Exadata_CMR-CL", "vlan_id": "701", "flag": "dhm           ", "port": "4"}, {"mac": "00:16:3e:aa:27:df", "vlan_name": "Adm_Exalogic-Exadata", "vlan_id": "700", "flag": "dhm           ", "port": "4"}, {"mac": "00:16:3e:bb:46:72", "vlan_name": "Exadata_BF-PE", "vlan_id": "704", "flag": "dhm           ", "port": "4"}, {"mac": "00:16:3e:bd:f9:53", "vlan_name": "Adm_Exalogic-Exadata", "vlan_id": "700", "flag": "dhm           ", "port": "4"}, {"mac": "00:16:3e:be:5c:5a", "vlan_name": "Adm_Exalogic-Exadata", "vlan_id": "700", "flag": "dhm           ", "port": "4"}, {"mac": "00:16:3e:c2:dd:d9", "vlan_name": "Exadata_CMR-AR", "vlan_id": "702", "flag": "dhm           ", "port": "4"}, {"mac": "00:16:3e:cc:0f:93", "vlan_name": "Adm_Exalogic-Exadata", "vlan_id": "700", "flag": "dhm           ", "port": "4"}, {"mac": "00:16:3e:ee:7c:e8", "vlan_name": "Adm_Exalogic-Exadata", "vlan_id": "700", "flag": "dhm           ", "port": "4"}, {"mac": "00:16:3e:f7:72:35", "vlan_name": "Adm_Exalogic-Exadata", "vlan_id": "700", "flag": "dhm           ", "port": "4"}, {"mac": "00:1b:17:00:0b:10", "vlan_name": "FW_PAN_FIF", "vlan_id": "2000", "flag": "dhmi          ", "port": "22"}, {"mac": "00:1b:17:00:0b:10", "vlan_name": "vFW_SAT_Colombia", "vlan_id": "2001", "flag": "dhmi          ", "port": "22"}, {"mac": "00:1b:17:00:0b:10", "vlan_name": "vFW_SAT_Argentina", "vlan_id": "2002", "flag": "dhmi          ", "port": "22"}, {"mac": "00:1b:17:00:0b:10", "vlan_name": "vFW_CMR_MX", "vlan_id": "2003", "flag": "dhmi          ", "port": "22"}, {"mac": "00:1b:17:00:0b:16", "vlan_name": "GoGoNoGo_PCI_CDLV", "vlan_id": "1717", "flag": "dhm           ", "port": "8"}, {"mac": "00:1b:17:00:0b:1b", "vlan_name": "SAT_AR", "vlan_id": "900", "flag": "dhm           ", "port": "14"}, {"mac": "00:1b:17:00:0b:1b", "vlan_name": "Consola_SAT_AR", "vlan_id": "902", "flag": "dhm           ", "port": "14"}, {"mac": "00:1b:17:00:0b:1b", "vlan_name": "ODS_TDS_SAT_AR", "vlan_id": "905", "flag": "dhm           ", "port": "14"}, {"mac": "00:21:f6:03:0a:ad", "vlan_name": "Adm_Exalogic-Exadata", "vlan_id": "700", "flag": "dhm           ", "port": "4"}, {"mac": "00:21:f6:4d:d3:49", "vlan_name": "Adm_Exalogic-Exadata", "vlan_id": "700", "flag": "dhm           ", "port": "4"}, {"mac": "00:21:f6:4e:8e:bd", "vlan_name": "Adm_EoIB", "vlan_id": "740", "flag": "dhm           ", "port": "4"}, {"mac": "00:e0:4b:4f:ee:ef", "vlan_name": "Adm_Exalogic-Exadata", "vlan_id": "700", "flag": "dhm           ", "port": "4"}, {"mac": "00:e0:4b:4f:ef:77", "vlan_name": "Adm_Exalogic-Exadata", "vlan_id": "700", "flag": "dhm           ", "port": "4"}, {"mac": "00:e0:4b:50:5e:2f", "vlan_name": "Adm_Exalogic-Exadata", "vlan_id": "700", "flag": "dhm           ", "port": "4"}, {"mac": "00:e0:4b:5f:6a:3e", "vlan_name": "Adm_Exalogic-Exadata", "vlan_id": "700", "flag": "dhm           ", "port": "4"}, {"mac": "02:04:96:7e:13:cc", "vlan_name": "GoGoNoGo_PCI_CDLV", "vlan_id": "1717", "flag": "dhm           ", "port": "25"}, {"mac": "02:04:96:99:59:3e", "vlan_name": "Bypass", "vlan_id": "2010", "flag": "dhm           ", "port": "4"}, {"mac": "02:04:96:99:59:3e", "vlan_name": "Adm_EoIB", "vlan_id": "740", "flag": "dhm           ", "port": "4"}, {"mac": "02:04:96:99:59:3e", "vlan_name": "Adm_Exalogic-Exadata", "vlan_id": "700", "flag": "dhm           ", "port": "4"}, {"mac": "02:04:96:99:59:3e", "vlan_name": "Exadata_BF-CL", "vlan_id": "705", "flag": "dhm           ", "port": "4"}, {"mac": "02:04:96:99:59:3e", "vlan_name": "Exadata_BF-COL", "vlan_id": "703", "flag": "dhm           ", "port": "4"}, {"mac": "02:04:96:99:59:3e", "vlan_name": "Exadata_BF-PE", "vlan_id": "704", "flag": "dhm           ", "port": "4"}, {"mac": "02:04:96:99:59:3e", "vlan_name": "Exadata_CMR-AR", "vlan_id": "702", "flag": "dhm           ", "port": "4"}, {"mac": "02:04:96:99:59:3e", "vlan_name": "Exadata_CMR-CL", "vlan_id": "701", "flag": "dhm           ", "port": "4"}, {"mac": "02:04:96:99:59:3e", "vlan_name": "Exadata_Homologacion", "vlan_id": "706", "flag": "dhm           ", "port": "4"}, {"mac": "02:04:96:99:59:3e", "vlan_name": "Exalogic_BF-CL", "vlan_id": "735", "flag": "dhm           ", "port": "4"}, {"mac": "02:04:96:99:59:3e", "vlan_name": "Exalogic_BF-COL", "vlan_id": "733", "flag": "dhm           ", "port": "4"}, {"mac": "02:04:96:99:59:3e", "vlan_name": "Exalogic_BF-PE", "vlan_id": "734", "flag": "dhm           ", "port": "4"}, {"mac": "02:04:96:99:59:3e", "vlan_name": "Exalogic_CMR-AR", "vlan_id": "732", "flag": "dhm           ", "port": "4"}, {"mac": "02:04:96:99:59:3e", "vlan_name": "Exalogic_CMR-CL", "vlan_id": "731", "flag": "dhm           ", "port": "4"}, {"mac": "02:04:96:99:59:3e", "vlan_name": "Exalogic_Homologacion", "vlan_id": "736", "flag": "dhm           ", "port": "4"}, {"mac": "02:04:96:99:59:3e", "vlan_name": "Monitoreo_OEM", "vlan_id": "709", "flag": "dhm           ", "port": "4"}, {"mac": "02:04:96:9b:42:b4", "vlan_name": "SAT_AR", "vlan_id": "900", "flag": "dhm           ", "port": "21"}, {"mac": "02:04:96:9b:42:b4", "vlan_name": "Consola_SAT_AR", "vlan_id": "902", "flag": "dhm           ", "port": "21"}, {"mac": "02:04:96:9b:42:c3", "vlan_name": "Consola_SAT_AR", "vlan_id": "902", "flag": "dhm           ", "port": "14"}, {"mac": "02:04:96:9b:42:ca", "vlan_name": "SAT_AR", "vlan_id": "900", "flag": "dhm           ", "port": "14"}, {"mac": "02:04:96:9b:42:ca", "vlan_name": "Consola_SAT_AR", "vlan_id": "902", "flag": "dhm           ", "port": "14"}, {"mac": "02:04:96:9b:42:ca", "vlan_name": "ODS_TDS_SAT_AR", "vlan_id": "905", "flag": "dhm           ", "port": "14"}, {"mac": "18:66:da:9e:f2:61", "vlan_name": "ODS_TDS_SAT_AR", "vlan_id": "905", "flag": "dhm           ", "port": "25"}, {"mac": "18:66:da:f8:3a:84", "vlan_name": "GoGoNoGo_PCI_CDLV", "vlan_id": "1717", "flag": "dhm           ", "port": "25"}, {"mac": "18:66:da:f8:3f:14", "vlan_name": "GoGoNoGo_PCI_CDLV", "vlan_id": "1717", "flag": "dhm           ", "port": "25"}, {"mac": "18:66:da:f8:58:84", "vlan_name": "GoGoNoGo_PCI_CDLV", "vlan_id": "1717", "flag": "dhm           ", "port": "25"}, {"mac": "18:66:da:fb:c4:1c", "vlan_name": "ODS_TDS_SAT_AR", "vlan_id": "905", "flag": "dhm           ", "port": "25"}, {"mac": "74:a0:2f:8e:3c:2f", "vlan_name": "Adm_Exalogic-Exadata", "vlan_id": "700", "flag": "dhm           ", "port": "4"}, {"mac": "74:a0:2f:8e:3c:3f", "vlan_name": "Adm_Exalogic-Exadata", "vlan_id": "700", "flag": "dhm           ", "port": "4"}, {"mac": "74:a0:2f:8e:c3:c0", "vlan_name": "Adm_Exalogic-Exadata", "vlan_id": "700", "flag": "dhm           ", "port": "4"}, {"mac": "74:a0:2f:8e:c3:ff", "vlan_name": "Adm_Exalogic-Exadata", "vlan_id": "700", "flag": "dhm           ", "port": "4"}, {"mac": "b4:0c:25:ef:00:10", "vlan_name": "Adm_EoIB", "vlan_id": "740", "flag": "dhm           ", "port": "26"}, {"mac": "b4:0c:25:ef:00:10", "vlan_name": "Adm_Exalogic-Exadata", "vlan_id": "700", "flag": "dhm           ", "port": "26"}, {"mac": "b4:0c:25:ef:00:10", "vlan_name": "Exadata_BF-CL", "vlan_id": "705", "flag": "dhm           ", "port": "26"}, {"mac": "b4:0c:25:ef:00:10", "vlan_name": "Exadata_BF-COL", "vlan_id": "703", "flag": "dhm           ", "port": "26"}, {"mac": "b4:0c:25:ef:00:10", "vlan_name": "Exadata_BF-PE", "vlan_id": "704", "flag": "dhm           ", "port": "26"}, {"mac": "b4:0c:25:ef:00:10", "vlan_name": "Exadata_CMR-AR", "vlan_id": "702", "flag": "dhm           ", "port": "26"}, {"mac": "b4:0c:25:ef:00:10", "vlan_name": "Exadata_CMR-CL", "vlan_id": "701", "flag": "dhm           ", "port": "26"}, {"mac": "b4:0c:25:ef:00:10", "vlan_name": "Exadata_Homologacion", "vlan_id": "706", "flag": "dhm           ", "port": "26"}, {"mac": "b4:0c:25:ef:00:10", "vlan_name": "Exalogic_BF-CL", "vlan_id": "735", "flag": "dhm           ", "port": "26"}, {"mac": "b4:0c:25:ef:00:10", "vlan_name": "Exalogic_BF-COL", "vlan_id": "733", "flag": "dhm           ", "port": "26"}, {"mac": "b4:0c:25:ef:00:10", "vlan_name": "Exalogic_BF-PE", "vlan_id": "734", "flag": "dhm           ", "port": "26"}, {"mac": "b4:0c:25:ef:00:10", "vlan_name": "Exalogic_CMR-AR", "vlan_id": "732", "flag": "dhm           ", "port": "26"}, {"mac": "b4:0c:25:ef:00:10", "vlan_name": "Exalogic_CMR-CL", "vlan_id": "731", "flag": "dhm           ", "port": "26"}, {"mac": "b4:0c:25:ef:00:10", "vlan_name": "Exalogic_Homologacion", "vlan_id": "736", "flag": "dhm           ", "port": "26"}, {"mac": "b4:0c:25:ef:00:10", "vlan_name": "Monitoreo_OEM", "vlan_id": "709", "flag": "dhm           ", "port": "26"}, {"mac": "b4:0c:25:ef:00:10", "vlan_name": "A7_CMR-CL", "vlan_id": "614", "flag": "dhm           ", "port": "26"}, {"mac": "b4:0c:25:ef:00:10", "vlan_name": "EXT_F5_Omni", "vlan_id": "625", "flag": "dhm           ", "port": "26"}, {"mac": "b4:0c:25:ef:00:10", "vlan_name": "HSM_VU", "vlan_id": "1602", "flag": "dhm           ", "port": "26"}, {"mac": "b4:de:31:ad:28:75", "vlan_name": "Adm_EoIB", "vlan_id": "740", "flag": "dhm           ", "port": "26"}, {"mac": "b4:de:31:ad:28:75", "vlan_name": "Adm_Exalogic-Exadata", "vlan_id": "700", "flag": "dhm           ", "port": "26"}, {"mac": "b4:de:31:ad:28:75", "vlan_name": "Exadata_BF-CL", "vlan_id": "705", "flag": "dhm           ", "port": "26"}, {"mac": "b4:de:31:ad:28:75", "vlan_name": "Exadata_BF-COL", "vlan_id": "703", "flag": "dhm           ", "port": "26"}, {"mac": "b4:de:31:ad:28:75", "vlan_name": "Exadata_BF-PE", "vlan_id": "704", "flag": "dhm           ", "port": "26"}, {"mac": "b4:de:31:ad:28:75", "vlan_name": "Exadata_CMR-AR", "vlan_id": "702", "flag": "dhm           ", "port": "26"}, {"mac": "b4:de:31:ad:28:75", "vlan_name": "Exadata_CMR-CL", "vlan_id": "701", "flag": "dhm           ", "port": "26"}, {"mac": "b4:de:31:ad:28:75", "vlan_name": "Exadata_Homologacion", "vlan_id": "706", "flag": "dhm           ", "port": "26"}, {"mac": "b4:de:31:ad:28:75", "vlan_name": "Exalogic_BF-CL", "vlan_id": "735", "flag": "dhm           ", "port": "26"}, {"mac": "b4:de:31:ad:28:75", "vlan_name": "Exalogic_BF-COL", "vlan_id": "733", "flag": "dhm           ", "port": "26"}, {"mac": "b4:de:31:ad:28:75", "vlan_name": "Exalogic_BF-PE", "vlan_id": "734", "flag": "dhm           ", "port": "26"}, {"mac": "b4:de:31:ad:28:75", "vlan_name": "Exalogic_CMR-AR", "vlan_id": "732", "flag": "dhm           ", "port": "26"}, {"mac": "b4:de:31:ad:28:75", "vlan_name": "Exalogic_CMR-CL", "vlan_id": "731", "flag": "dhm           ", "port": "26"}, {"mac": "b4:de:31:ad:28:75", "vlan_name": "Exalogic_Homologacion", "vlan_id": "736", "flag": "dhm           ", "port": "26"}, {"mac": "b4:de:31:ad:28:75", "vlan_name": "Monitoreo_OEM", "vlan_id": "709", "flag": "dhm           ", "port": "26"}, {"mac": "b4:de:31:ad:28:75", "vlan_name": "A7_CMR-CL", "vlan_id": "614", "flag": "dhm           ", "port": "26"}, {"mac": "b4:de:31:ad:28:75", "vlan_name": "EXT_F5_Omni", "vlan_id": "625", "flag": "dhm           ", "port": "26"}, {"mac": "b4:de:31:ad:28:75", "vlan_name": "HSM_VU", "vlan_id": "1602", "flag": "dhm           ", "port": "26"}, {"mac": "b4:de:31:c5:8c:bf", "vlan_name": "Adm_EoIB", "vlan_id": "740", "flag": "dhm           ", "port": "26"}, {"mac": "b4:de:31:c5:8c:bf", "vlan_name": "Adm_Exalogic-Exadata", "vlan_id": "700", "flag": "dhm           ", "port": "26"}, {"mac": "b4:de:31:c5:8c:bf", "vlan_name": "Exadata_BF-CL", "vlan_id": "705", "flag": "dhm           ", "port": "26"}, {"mac": "b4:de:31:c5:8c:bf", "vlan_name": "Exadata_BF-COL", "vlan_id": "703", "flag": "dhm           ", "port": "26"}, {"mac": "b4:de:31:c5:8c:bf", "vlan_name": "Exadata_BF-PE", "vlan_id": "704", "flag": "dhm           ", "port": "26"}, {"mac": "b4:de:31:c5:8c:bf", "vlan_name": "Exadata_CMR-AR", "vlan_id": "702", "flag": "dhm           ", "port": "26"}, {"mac": "b4:de:31:c5:8c:bf", "vlan_name": "Exadata_CMR-CL", "vlan_id": "701", "flag": "dhm           ", "port": "26"}, {"mac": "b4:de:31:c5:8c:bf", "vlan_name": "Exadata_Homologacion", "vlan_id": "706", "flag": "dhm           ", "port": "26"}, {"mac": "b4:de:31:c5:8c:bf", "vlan_name": "Exalogic_BF-CL", "vlan_id": "735", "flag": "dhm           ", "port": "26"}, {"mac": "b4:de:31:c5:8c:bf", "vlan_name": "Exalogic_BF-COL", "vlan_id": "733", "flag": "dhm           ", "port": "26"}, {"mac": "b4:de:31:c5:8c:bf", "vlan_name": "Exalogic_BF-PE", "vlan_id": "734", "flag": "dhm           ", "port": "26"}, {"mac": "b4:de:31:c5:8c:bf", "vlan_name": "Exalogic_CMR-AR", "vlan_id": "732", "flag": "dhm           ", "port": "26"}, {"mac": "b4:de:31:c5:8c:bf", "vlan_name": "Exalogic_CMR-CL", "vlan_id": "731", "flag": "dhm           ", "port": "26"}, {"mac": "b4:de:31:c5:8c:bf", "vlan_name": "Exalogic_Homologacion", "vlan_id": "736", "flag": "dhm           ", "port": "26"}, {"mac": "b4:de:31:c5:8c:bf", "vlan_name": "Monitoreo_OEM", "vlan_id": "709", "flag": "dhm           ", "port": "26"}, {"mac": "b4:de:31:c5:8c:bf", "vlan_name": "A7_CMR-CL", "vlan_id": "614", "flag": "dhm           ", "port": "26"}, {"mac": "b4:de:31:c5:8c:bf", "vlan_name": "EXT_F5_Omni", "vlan_id": "625", "flag": "dhm           ", "port": "26"}, {"mac": "b4:de:31:c5:8c:bf", "vlan_name": "HSM_VU", "vlan_id": "1602", "flag": "dhm           ", "port": "26"}, {"mac": "d0:94:66:01:12:67", "vlan_name": "ODS_TDS_SAT_AR", "vlan_id": "905", "flag": "dhm           ", "port": "25"}, {"mac": "f4:15:63:92:d8:0f", "vlan_name": "Exalogic_BF-CL", "vlan_id": "735", "flag": "dhm           ", "port": "26"}, {"mac": "f4:15:63:92:d8:0f", "vlan_name": "Exalogic_BF-COL", "vlan_id": "733", "flag": "dhm           ", "port": "26"}, {"mac": "f4:15:63:92:d8:0f", "vlan_name": "Exalogic_BF-PE", "vlan_id": "734", "flag": "dhm           ", "port": "26"}, {"mac": "f4:15:63:92:d8:0f", "vlan_name": "Exalogic_CMR-AR", "vlan_id": "732", "flag": "dhm           ", "port": "26"}, {"mac": "f4:15:63:92:d8:0f", "vlan_name": "Exalogic_CMR-CL", "vlan_id": "731", "flag": "dhm           ", "port": "26"}, {"mac": "f4:15:63:93:4e:0d", "vlan_name": "Exalogic_BF-COL", "vlan_id": "733", "flag": "dhm           ", "port": "26"}, {"mac": "f4:15:63:93:4e:0d", "vlan_name": "Exalogic_BF-PE", "vlan_id": "734", "flag": "dhm           ", "port": "26"}, {"mac": "f4:15:63:93:4e:0d", "vlan_name": "Exalogic_CMR-AR", "vlan_id": "732", "flag": "dhm           ", "port": "26"}, {"mac": "f4:15:63:93:4e:0d", "vlan_name": "Exalogic_CMR-CL", "vlan_id": "731", "flag": "dhm           ", "port": "26"}, {"mac": "f4:15:63:93:4e:0e", "vlan_name": "Exalogic_BF-CL", "vlan_id": "735", "flag": "dhm           ", "port": "26"}]