[{"vrf": "VR-Default", "destination": "10.200.16.137", "mac": "00:04:96:43:e3:10", "static": "NO", "vlan_name": "CORE1", "vlan_id": "4094", "port": "25"}, {"vrf": "VR-Default", "destination": "10.201.16.137", "mac": "00:04:96:43:bc:80", "static": "NO", "vlan_name": "CORE2", "vlan_id": "4093", "port": "26"}, {"vrf": "VR-Default", "destination": "10.201.15.162", "mac": "00:1c:7f:38:e3:05", "static": "NO", "vlan_name": "FW_Core_Banc", "vlan_id": "4092", "port": "24"}, {"vrf": "VR-Default", "destination": "10.200.10.234", "mac": "a8:d0:e5:a7:79:80", "static": "NO", "vlan_name": "FW_SAT_Peru", "vlan_id": "4089", "port": "13"}, {"vrf": "VR-Default", "destination": "10.200.24.110", "mac": "00:1b:17:00:0b:10", "static": "NO", "vlan_name": "FW_PAN_FIF", "vlan_id": "2000", "port": "22"}, {"vrf": "VR-Default", "destination": "10.201.28.10", "mac": "00:1b:17:00:0b:10", "static": "NO", "vlan_name": "vFW_SAT_Colombia", "vlan_id": "2001", "port": "22"}, {"vrf": "VR-Default", "destination": "10.201.28.18", "mac": "00:1b:17:00:0b:10", "static": "NO", "vlan_name": "vFW_SAT_Argentina", "vlan_id": "2002", "port": "22"}, {"vrf": "VR-Default", "destination": "10.201.28.250", "mac": "00:1b:17:00:0b:10", "static": "NO", "vlan_name": "vFW_CMR_MX", "vlan_id": "2003", "port": "22"}]