[{"port": "Port", "neighbor": "Neighbor", "neighbor_id": "Neighbor-ID", "remote_port": "Remote", "num_vlans": "Num"}, {"port": "2", "neighbor": "LV_RM25C_STACK_SAT_CO", "neighbor_id": "00:00:02:04:96:9b:42:b4", "remote_port": "2:21", "num_vlans": "4"}, {"port": "4", "neighbor": "CDLV_RD24_Stack-Omnichan", "neighbor_id": "00:00:02:04:96:99:59:3e", "remote_port": "1:4", "num_vlans": "18"}, {"port": "14", "neighbor": "LV_RM25C_STACK_SAT_AR", "neighbor_id": "00:00:02:04:96:9b:42:ca", "remote_port": "1:24", "num_vlans": "3"}, {"port": "15", "neighbor": "LV_RM25C_STACK_SAT_AR", "neighbor_id": "00:00:02:04:96:9b:42:ca", "remote_port": "2:24", "num_vlans": "3"}, {"port": "21", "neighbor": "LV_RM25C_STACK_SAT_CO", "neighbor_id": "00:00:02:04:96:9b:42:b4", "remote_port": "1:21", "num_vlans": "4"}, {"port": "25", "neighbor": "LV_RL27_CORE_01", "neighbor_id": "00:00:00:04:96:43:e3:10", "remote_port": "8:5", "num_vlans": "5"}, {"port": "26", "neighbor": "LV_RL28_CORE_02", "neighbor_id": "00:00:00:04:96:43:bc:80", "remote_port": "8:5", "num_vlans": "22"}]