[{"port": "Port", "neighbor": "Neighbor", "neighbor_id": "Neighbor-ID", "remote_port": "Remote", "num_vlans": "Num"}, {"port": "1:1", "neighbor": "LV_RL27_CORE_01", "neighbor_id": "00:00:00:04:96:43:e3:10", "remote_port": "3:3", "num_vlans": "1"}, {"port": "1:3", "neighbor": "LV_RL27_CORE_01", "neighbor_id": "00:00:00:04:96:43:e3:10", "remote_port": "3:5", "num_vlans": "2"}, {"port": "2:3", "neighbor": "LV_RL28_CORE_02", "neighbor_id": "00:00:00:04:96:43:bc:80", "remote_port": "3:5", "num_vlans": "2"}]