[{"mac": "00:00:5e:00:01:32", "vlan_name": "Serv_Extendida", "vlan_id": "202", "flag": "d m            ", "port": "1:1"}, {"mac": "00:04:96:43:bc:80", "vlan_name": "Serv_Extendida", "vlan_id": "202", "flag": "d m            ", "port": "1:1"}, {"mac": "00:04:96:43:e3:10", "vlan_name": "Serv_Extendida", "vlan_id": "202", "flag": "d m            ", "port": "1:1"}, {"mac": "00:04:96:98:80:b2", "vlan_name": "Serv_Extendida", "vlan_id": "202", "flag": "d m            ", "port": "1:1"}, {"mac": "00:04:96:9a:73:d6", "vlan_name": "Serv_Extendida", "vlan_id": "202", "flag": "d m            ", "port": "1:1"}, {"mac": "00:50:56:9c:0c:67", "vlan_name": "Serv_Extendida", "vlan_id": "202", "flag": "d m            ", "port": "1:3"}, {"mac": "00:50:56:9c:5c:49", "vlan_name": "Serv_Extendida", "vlan_id": "202", "flag": "d m            ", "port": "2:3"}, {"mac": "00:50:56:9c:65:77", "vlan_name": "Serv_Extendida", "vlan_id": "202", "flag": "d m            ", "port": "2:3"}, {"mac": "00:50:56:9c:67:b0", "vlan_name": "Serv_Extendida", "vlan_id": "202", "flag": "d m            ", "port": "1:3"}, {"mac": "00:50:56:9c:6b:87", "vlan_name": "Serv_Extendida", "vlan_id": "202", "flag": "d m            ", "port": "2:3"}, {"mac": "00:62:ec:b3:e8:f2", "vlan_name": "Serv_Extendida", "vlan_id": "202", "flag": "d m            ", "port": "1:1"}, {"mac": "c4:34:6b:b2:3f:30", "vlan_name": "Serv_Extendida", "vlan_id": "202", "flag": "d m            ", "port": "1:2"}, {"mac": "c4:34:6b:c7:5c:d8", "vlan_name": "Serv_Extendida", "vlan_id": "202", "flag": "d m            ", "port": "1:2"}, {"mac": "c4:34:6b:c7:7c:b0", "vlan_name": "Serv_Extendida", "vlan_id": "202", "flag": "d m            ", "port": "1:2"}, {"mac": "c4:34:6b:c7:7e:c8", "vlan_name": "Serv_Extendida", "vlan_id": "202", "flag": "d m            ", "port": "1:2"}, {"mac": "c4:34:6b:c7:cb:c8", "vlan_name": "Serv_Extendida", "vlan_id": "202", "flag": "d m            ", "port": "1:2"}, {"mac": "c4:34:6b:c8:5f:e0", "vlan_name": "Serv_Extendida", "vlan_id": "202", "flag": "d m            ", "port": "1:2"}, {"mac": "c4:34:6b:c8:94:b8", "vlan_name": "Serv_Extendida", "vlan_id": "202", "flag": "d m            ", "port": "1:2"}, {"mac": "c4:34:6b:c8:c6:b0", "vlan_name": "Serv_Extendida", "vlan_id": "202", "flag": "d m            ", "port": "1:2"}, {"mac": "c4:34:6b:c8:f4:20", "vlan_name": "Serv_Extendida", "vlan_id": "202", "flag": "d m            ", "port": "1:2"}, {"mac": "c4:34:6b:c9:1b:70", "vlan_name": "Serv_Extendida", "vlan_id": "202", "flag": "d m            ", "port": "1:2"}, {"mac": "c4:34:6b:c9:9b:c0", "vlan_name": "Serv_Extendida", "vlan_id": "202", "flag": "d m            ", "port": "1:1"}, {"mac": "cc:16:7e:fa:31:94", "vlan_name": "Serv_Extendida", "vlan_id": "202", "flag": "d m            ", "port": "1:1"}, {"mac": "ec:b1:d7:76:1c:f0", "vlan_name": "Serv_Extendida", "vlan_id": "202", "flag": "d m            ", "port": "1:2"}, {"mac": "ec:b1:d7:76:bc:90", "vlan_name": "Serv_Extendida", "vlan_id": "202", "flag": "d m            ", "port": "1:2"}, {"mac": "fc:15:b4:1d:2a:c8", "vlan_name": "Serv_Extendida", "vlan_id": "202", "flag": "d m            ", "port": "1:2"}, {"mac": "fc:15:b4:1d:c7:a8", "vlan_name": "Serv_Extendida", "vlan_id": "202", "flag": "d m            ", "port": "1:2"}]