[{"vrf": "VR-Default", "destination": "10.141.0.1", "mac": "00:04:96:36:64:8c", "static": "NO", "vlan_name": "Respaldos", "vlan_id": "4085", "port": "28"}, {"vrf": "VR-Default", "destination": "10.141.0.9", "mac": "00:04:96:52:23:1f", "static": "NO", "vlan_name": "Respaldos", "vlan_id": "4085", "port": "28"}, {"vrf": "VR-Default", "destination": "10.141.0.12", "mac": "00:04:96:52:18:9a", "static": "NO", "vlan_name": "Respaldos", "vlan_id": "4085", "port": "28"}, {"vrf": "VR-Default", "destination": "10.141.0.35", "mac": "90:e2:ba:6e:4b:9a", "static": "NO", "vlan_name": "Respaldos", "vlan_id": "4085", "port": "28"}]