[{"mac": "00:00:c9:f4:95:c6", "vlan_name": "pdi", "vlan_id": "141", "flag": "d m           ", "port": "28"}, {"mac": "00:04:96:36:64:8c", "vlan_name": "Respaldos", "vlan_id": "4085", "flag": "d m           ", "port": "28"}, {"mac": "00:04:96:52:18:9a", "vlan_name": "Respaldos", "vlan_id": "4085", "flag": "d m           ", "port": "28"}, {"mac": "00:04:96:52:23:1f", "vlan_name": "Respaldos", "vlan_id": "4085", "flag": "d m           ", "port": "28"}, {"mac": "00:04:96:83:97:62", "vlan_name": "pdi", "vlan_id": "141", "flag": "d m           ", "port": "28"}, {"mac": "00:04:96:83:97:62", "vlan_name": "PDI2", "vlan_id": "132", "flag": "d m           ", "port": "28"}, {"mac": "00:04:96:99:1c:46", "vlan_name": "PDI2", "vlan_id": "132", "flag": "d m           ", "port": "28"}, {"mac": "00:0a:f7:9b:c7:b7", "vlan_name": "pdi", "vlan_id": "141", "flag": "d m           ", "port": "28"}, {"mac": "00:14:4f:f8:15:52", "vlan_name": "PDI2", "vlan_id": "132", "flag": "d m           ", "port": "28"}, {"mac": "00:14:4f:f9:05:99", "vlan_name": "PDI2", "vlan_id": "132", "flag": "d m           ", "port": "28"}, {"mac": "00:14:4f:f9:6e:84", "vlan_name": "PDI2", "vlan_id": "132", "flag": "d m           ", "port": "28"}, {"mac": "00:14:4f:fa:4e:66", "vlan_name": "PDI2", "vlan_id": "132", "flag": "d m           ", "port": "28"}, {"mac": "00:14:4f:fa:e2:75", "vlan_name": "PDI2", "vlan_id": "132", "flag": "d m           ", "port": "28"}, {"mac": "00:15:5d:06:6f:a1", "vlan_name": "PDI2", "vlan_id": "132", "flag": "d m           ", "port": "28"}, {"mac": "00:15:5d:06:7f:78", "vlan_name": "PDI2", "vlan_id": "132", "flag": "d m           ", "port": "28"}, {"mac": "00:50:56:90:1b:97", "vlan_name": "pdi", "vlan_id": "141", "flag": "d m           ", "port": "28"}, {"mac": "00:50:56:90:40:f9", "vlan_name": "pdi", "vlan_id": "141", "flag": "d m           ", "port": "28"}, {"mac": "00:50:56:90:41:5e", "vlan_name": "pdi", "vlan_id": "141", "flag": "d m           ", "port": "28"}, {"mac": "00:50:56:90:41:67", "vlan_name": "pdi", "vlan_id": "141", "flag": "d m           ", "port": "28"}, {"mac": "00:50:56:90:41:79", "vlan_name": "pdi", "vlan_id": "141", "flag": "d m           ", "port": "28"}, {"mac": "00:50:56:90:41:b6", "vlan_name": "pdi", "vlan_id": "141", "flag": "d m           ", "port": "28"}, {"mac": "00:50:56:9c:12:27", "vlan_name": "PDI2", "vlan_id": "132", "flag": "d m           ", "port": "28"}, {"mac": "00:50:56:9c:13:3f", "vlan_name": "pdi", "vlan_id": "141", "flag": "d m           ", "port": "28"}, {"mac": "00:50:56:9c:15:55", "vlan_name": "PDI2", "vlan_id": "132", "flag": "d m           ", "port": "28"}, {"mac": "00:50:56:9c:18:1a", "vlan_name": "PDI2", "vlan_id": "132", "flag": "d m           ", "port": "28"}, {"mac": "00:50:56:9c:1e:b7", "vlan_name": "PDI2", "vlan_id": "132", "flag": "d m           ", "port": "28"}, {"mac": "00:50:56:9c:1e:d8", "vlan_name": "pdi", "vlan_id": "141", "flag": "d m           ", "port": "28"}, {"mac": "00:50:56:9c:29:ca", "vlan_name": "PDI2", "vlan_id": "132", "flag": "d m           ", "port": "28"}, {"mac": "00:50:56:9c:31:7a", "vlan_name": "PDI2", "vlan_id": "132", "flag": "d m           ", "port": "28"}, {"mac": "00:50:56:9c:31:d9", "vlan_name": "pdi", "vlan_id": "141", "flag": "d m           ", "port": "28"}, {"mac": "00:50:56:9c:38:63", "vlan_name": "PDI2", "vlan_id": "132", "flag": "d m           ", "port": "28"}, {"mac": "00:50:56:9c:48:a9", "vlan_name": "PDI2", "vlan_id": "132", "flag": "d m           ", "port": "28"}, {"mac": "00:50:56:9c:4e:e8", "vlan_name": "PDI2", "vlan_id": "132", "flag": "d m           ", "port": "28"}, {"mac": "00:50:56:9c:58:8d", "vlan_name": "PDI2", "vlan_id": "132", "flag": "d m           ", "port": "28"}, {"mac": "00:50:56:9c:59:4a", "vlan_name": "PDI2", "vlan_id": "132", "flag": "d m           ", "port": "28"}, {"mac": "00:50:56:9c:5d:7a", "vlan_name": "PDI2", "vlan_id": "132", "flag": "d m           ", "port": "28"}, {"mac": "00:50:56:9c:60:1f", "vlan_name": "PDI2", "vlan_id": "132", "flag": "d m           ", "port": "28"}, {"mac": "00:50:56:9c:63:09", "vlan_name": "PDI2", "vlan_id": "132", "flag": "d m           ", "port": "28"}, {"mac": "00:50:56:9c:67:a0", "vlan_name": "PDI2", "vlan_id": "132", "flag": "d m           ", "port": "28"}, {"mac": "00:50:56:9c:6d:ea", "vlan_name": "PDI2", "vlan_id": "132", "flag": "d m           ", "port": "28"}, {"mac": "00:50:56:9c:7b:77", "vlan_name": "PDI2", "vlan_id": "132", "flag": "d m           ", "port": "28"}, {"mac": "00:90:fa:3d:2b:ac", "vlan_name": "pdi", "vlan_id": "141", "flag": "d m           ", "port": "28"}, {"mac": "00:e0:ec:2a:66:2b", "vlan_name": "pdi", "vlan_id": "141", "flag": "d m           ", "port": "28"}, {"mac": "02:04:96:7e:30:be", "vlan_name": "pdi", "vlan_id": "141", "flag": "d m           ", "port": "28"}, {"mac": "02:04:96:7e:30:be", "vlan_name": "PDI2", "vlan_id": "132", "flag": "d m           ", "port": "28"}, {"mac": "10:7d:1a:e3:4d:4f", "vlan_name": "PDI2", "vlan_id": "132", "flag": "d m           ", "port": "28"}, {"mac": "10:7d:1a:e3:4e:06", "vlan_name": "PDI2", "vlan_id": "132", "flag": "d m           ", "port": "28"}, {"mac": "10:7d:1a:e3:4e:bd", "vlan_name": "PDI2", "vlan_id": "132", "flag": "d m           ", "port": "28"}, {"mac": "10:7d:1a:e3:4f:74", "vlan_name": "PDI2", "vlan_id": "132", "flag": "d m           ", "port": "28"}, {"mac": "10:7d:1a:e3:52:50", "vlan_name": "PDI2", "vlan_id": "132", "flag": "d m           ", "port": "28"}, {"mac": "10:7d:1a:e3:53:07", "vlan_name": "PDI2", "vlan_id": "132", "flag": "d m           ", "port": "28"}, {"mac": "10:7d:1a:e3:54:75", "vlan_name": "PDI2", "vlan_id": "132", "flag": "d m           ", "port": "28"}, {"mac": "18:66:da:f8:3f:15", "vlan_name": "PDI2", "vlan_id": "132", "flag": "d m           ", "port": "28"}, {"mac": "2c:44:fd:94:c8:15", "vlan_name": "PDI2", "vlan_id": "132", "flag": "d m           ", "port": "13"}, {"mac": "40:f2:e9:07:11:03", "vlan_name": "pdi", "vlan_id": "141", "flag": "d m           ", "port": "28"}, {"mac": "40:f2:e9:c2:ef:52", "vlan_name": "pdi", "vlan_id": "141", "flag": "d m           ", "port": "28"}, {"mac": "40:f2:e9:c3:31:fa", "vlan_name": "PDI2", "vlan_id": "132", "flag": "d m           ", "port": "28"}, {"mac": "40:f2:e9:c3:33:4a", "vlan_name": "pdi", "vlan_id": "141", "flag": "d m           ", "port": "28"}, {"mac": "40:f2:e9:c3:81:4a", "vlan_name": "pdi", "vlan_id": "141", "flag": "d m           ", "port": "28"}, {"mac": "58:8a:5a:86:98:c3", "vlan_name": "PDI2", "vlan_id": "132", "flag": "d m           ", "port": "28"}, {"mac": "58:8a:5a:86:9f:e9", "vlan_name": "PDI2", "vlan_id": "132", "flag": "d m           ", "port": "28"}, {"mac": "5c:f3:fc:5d:7e:d4", "vlan_name": "pdi", "vlan_id": "141", "flag": "d m           ", "port": "28"}, {"mac": "6c:ae:8b:31:ab:52", "vlan_name": "pdi", "vlan_id": "141", "flag": "d m           ", "port": "28"}, {"mac": "6c:ae:8b:31:d6:32", "vlan_name": "pdi", "vlan_id": "141", "flag": "d m           ", "port": "28"}, {"mac": "6c:ae:8b:33:bf:7a", "vlan_name": "pdi", "vlan_id": "141", "flag": "d m           ", "port": "28"}, {"mac": "6c:ae:8b:33:cb:d2", "vlan_name": "pdi", "vlan_id": "141", "flag": "d m           ", "port": "28"}, {"mac": "6c:ae:8b:34:19:72", "vlan_name": "pdi", "vlan_id": "141", "flag": "d m           ", "port": "28"}, {"mac": "6c:ae:8b:34:41:82", "vlan_name": "pdi", "vlan_id": "141", "flag": "d m           ", "port": "28"}, {"mac": "6c:ae:8b:34:ce:3a", "vlan_name": "pdi", "vlan_id": "141", "flag": "d m           ", "port": "28"}, {"mac": "78:e3:b5:0f:4f:6b", "vlan_name": "PDI2", "vlan_id": "132", "flag": "d m           ", "port": "28"}, {"mac": "80:18:44:e7:85:4d", "vlan_name": "PDI2", "vlan_id": "132", "flag": "d m           ", "port": "28"}, {"mac": "90:e2:ba:6e:4b:9a", "vlan_name": "Respaldos", "vlan_id": "4085", "flag": "d m           ", "port": "28"}, {"mac": "98:be:94:37:16:82", "vlan_name": "PDI2", "vlan_id": "132", "flag": "d m           ", "port": "28"}, {"mac": "a0:36:9f:6f:5e:b4", "vlan_name": "PDI2", "vlan_id": "132", "flag": "d m           ", "port": "28"}, {"mac": "b4:0c:25:ef:40:11", "vlan_name": "PDI2", "vlan_id": "132", "flag": "d m           ", "port": "28"}, {"mac": "b4:e1:0f:da:9e:a6", "vlan_name": "PDI2", "vlan_id": "132", "flag": "d m           ", "port": "28"}, {"mac": "b4:e1:0f:da:9f:5d", "vlan_name": "PDI2", "vlan_id": "132", "flag": "d m           ", "port": "28"}, {"mac": "b4:e1:0f:da:a5:c9", "vlan_name": "PDI2", "vlan_id": "132", "flag": "d m           ", "port": "28"}, {"mac": "b4:e1:0f:da:a6:80", "vlan_name": "PDI2", "vlan_id": "132", "flag": "d m           ", "port": "28"}, {"mac": "b4:e1:0f:da:a7:3a", "vlan_name": "PDI2", "vlan_id": "132", "flag": "d m           ", "port": "28"}, {"mac": "b4:e1:0f:da:a7:f1", "vlan_name": "PDI2", "vlan_id": "132", "flag": "d m           ", "port": "28"}, {"mac": "c4:34:6b:c7:5c:da", "vlan_name": "pdi", "vlan_id": "141", "flag": "d m           ", "port": "28"}, {"mac": "c4:34:6b:c8:94:ba", "vlan_name": "pdi", "vlan_id": "141", "flag": "d m           ", "port": "28"}, {"mac": "c4:34:6b:fe:9d:2b", "vlan_name": "pdi", "vlan_id": "141", "flag": "d m           ", "port": "28"}, {"mac": "c4:34:6b:fe:9d:7b", "vlan_name": "pdi", "vlan_id": "141", "flag": "d m           ", "port": "28"}, {"mac": "c4:34:6b:fe:cb:93", "vlan_name": "pdi", "vlan_id": "141", "flag": "d m           ", "port": "28"}, {"mac": "d0:43:1e:f3:ca:78", "vlan_name": "PDI2", "vlan_id": "132", "flag": "d m           ", "port": "28"}, {"mac": "d0:43:1e:f3:ce:08", "vlan_name": "PDI2", "vlan_id": "132", "flag": "d m           ", "port": "28"}, {"mac": "d0:43:1e:f3:d2:55", "vlan_name": "PDI2", "vlan_id": "132", "flag": "d m           ", "port": "28"}, {"mac": "d0:43:1e:f3:d5:31", "vlan_name": "PDI2", "vlan_id": "132", "flag": "d m           ", "port": "28"}, {"mac": "d0:43:1e:fd:08:26", "vlan_name": "PDI2", "vlan_id": "132", "flag": "d m           ", "port": "28"}, {"mac": "d0:43:1e:fd:0a:4b", "vlan_name": "PDI2", "vlan_id": "132", "flag": "d m           ", "port": "28"}, {"mac": "d0:43:1e:fd:0c:70", "vlan_name": "PDI2", "vlan_id": "132", "flag": "d m           ", "port": "28"}, {"mac": "d0:43:1e:fd:11:71", "vlan_name": "PDI2", "vlan_id": "132", "flag": "d m           ", "port": "28"}, {"mac": "d8:9d:67:29:f4:6b", "vlan_name": "PDI2", "vlan_id": "132", "flag": "d m           ", "port": "28"}, {"mac": "e4:1f:13:31:6d:8e", "vlan_name": "PDI2", "vlan_id": "132", "flag": "d m           ", "port": "28"}, {"mac": "e4:1f:13:bd:51:be", "vlan_name": "PDI2", "vlan_id": "132", "flag": "d m           ", "port": "28"}, {"mac": "fc:15:b4:1d:c7:aa", "vlan_name": "pdi", "vlan_id": "141", "flag": "d m           ", "port": "28"}]