[{"mac": "00:14:4f:f8:11:53", "vlan_name": "RAC", "vlan_id": "4092", "flag": "dhm            ", "port": "2:10"}, {"mac": "00:14:4f:f8:1c:ff", "vlan_name": "RAC", "vlan_id": "4092", "flag": "dhm            ", "port": "1:10"}, {"mac": "00:14:4f:f8:32:13", "vlan_name": "RAC", "vlan_id": "4092", "flag": "dhm            ", "port": "1:6"}, {"mac": "00:14:4f:f8:33:87", "vlan_name": "Balanceo", "vlan_id": "629", "flag": "dhm            ", "port": "2:12"}, {"mac": "00:14:4f:f8:63:10", "vlan_name": "Servidores", "vlan_id": "631", "flag": "dhm            ", "port": "1:8"}, {"mac": "00:14:4f:f8:72:17", "vlan_name": "Balanceo", "vlan_id": "629", "flag": "dhm            ", "port": "2:11"}, {"mac": "00:14:4f:f8:94:f1", "vlan_name": "Servidores", "vlan_id": "631", "flag": "dhm            ", "port": "1:12"}, {"mac": "00:14:4f:f9:03:83", "vlan_name": "Servidores", "vlan_id": "631", "flag": "dhm            ", "port": "2:8"}, {"mac": "00:14:4f:f9:15:87", "vlan_name": "Servidores", "vlan_id": "631", "flag": "dhm            ", "port": "2:11"}, {"mac": "00:14:4f:f9:57:70", "vlan_name": "Servidores", "vlan_id": "631", "flag": "dhm            ", "port": "1:5"}, {"mac": "00:14:4f:f9:5b:a1", "vlan_name": "Servidores", "vlan_id": "631", "flag": "dhm            ", "port": "1:8"}, {"mac": "00:14:4f:f9:60:2d", "vlan_name": "Servidores", "vlan_id": "631", "flag": "dhm            ", "port": "1:9"}, {"mac": "00:14:4f:f9:ef:45", "vlan_name": "Servidores", "vlan_id": "631", "flag": "dhm            ", "port": "2:5"}, {"mac": "00:14:4f:fa:1e:cc", "vlan_name": "RAC", "vlan_id": "4092", "flag": "dhm            ", "port": "2:6"}, {"mac": "00:14:4f:fa:23:8a", "vlan_name": "Balanceo", "vlan_id": "629", "flag": "dhm            ", "port": "2:7"}, {"mac": "00:14:4f:fa:7f:2e", "vlan_name": "Servidores", "vlan_id": "631", "flag": "dhm            ", "port": "1:11"}, {"mac": "00:14:4f:fa:b8:7e", "vlan_name": "Balanceo", "vlan_id": "629", "flag": "dhm            ", "port": "2:8"}, {"mac": "00:14:4f:fa:f1:b4", "vlan_name": "Servidores", "vlan_id": "631", "flag": "dhm            ", "port": "2:9"}, {"mac": "00:14:4f:fb:15:b0", "vlan_name": "Servidores", "vlan_id": "631", "flag": "dhm            ", "port": "1:8"}, {"mac": "00:14:4f:fb:24:99", "vlan_name": "Servidores", "vlan_id": "631", "flag": "dhm            ", "port": "1:7"}, {"mac": "00:14:4f:fb:25:6f", "vlan_name": "Servidores", "vlan_id": "631", "flag": "dhm            ", "port": "2:12"}, {"mac": "00:14:4f:fb:78:12", "vlan_name": "Servidores", "vlan_id": "631", "flag": "dhm            ", "port": "2:8"}, {"mac": "00:14:4f:fb:84:05", "vlan_name": "Servidores", "vlan_id": "631", "flag": "dhm            ", "port": "2:7"}, {"mac": "00:14:4f:fb:8b:e1", "vlan_name": "Balanceo", "vlan_id": "629", "flag": "dhm            ", "port": "1:8"}, {"mac": "00:14:4f:fb:e9:21", "vlan_name": "Servidores", "vlan_id": "631", "flag": "dhm            ", "port": "1:11"}, {"mac": "02:01:23:c1:c2:c3", "vlan_name": "Balanceo", "vlan_id": "629", "flag": "dhm            ", "port": "1:25"}, {"mac": "02:01:23:c1:c2:c3", "vlan_name": "Externa", "vlan_id": "640", "flag": "dhm            ", "port": "1:25"}, {"mac": "a8:d0:e5:a7:79:86", "vlan_name": "Servidores", "vlan_id": "631", "flag": "dhm            ", "port": "1:2"}, {"mac": "a8:d0:e5:a7:79:86", "vlan_name": "GW_Oracle", "vlan_id": "4000", "flag": "dhm            ", "port": "1:2"}, {"mac": "a8:d0:e5:a7:79:86", "vlan_name": "Externa", "vlan_id": "640", "flag": "dhm            ", "port": "1:2"}, {"mac": "b4:de:31:ad:20:48", "vlan_name": "Balanceo", "vlan_id": "629", "flag": "dhm            ", "port": "1:25"}, {"mac": "b4:de:31:ad:20:48", "vlan_name": "Externa", "vlan_id": "640", "flag": "dhm            ", "port": "1:25"}, {"mac": "f4:15:63:92:d8:3d", "vlan_name": "Balanceo", "vlan_id": "629", "flag": "dhm            ", "port": "1:25"}, {"mac": "f4:15:63:92:d8:3e", "vlan_name": "Externa", "vlan_id": "640", "flag": "dhm            ", "port": "1:25"}, {"mac": "f4:15:63:93:4e:3b", "vlan_name": "Balanceo", "vlan_id": "629", "flag": "dhm            ", "port": "1:25"}, {"mac": "f4:15:63:93:4e:3c", "vlan_name": "Externa", "vlan_id": "640", "flag": "dhm            ", "port": "1:25"}]