[{"mac": "00:00:c9:f4:9d:62", "vlan_name": "PDI", "vlan_id": "141", "flag": "d m           ", "port": "24"}, {"mac": "00:04:96:36:64:8c", "vlan_name": "Respaldos", "vlan_id": "4094", "flag": "d mi          ", "port": "24"}, {"mac": "00:04:96:36:64:8c", "vlan_name": "PDI", "vlan_id": "141", "flag": "d m           ", "port": "24"}, {"mac": "00:04:96:52:18:9a", "vlan_name": "Respaldos", "vlan_id": "4094", "flag": "d mi          ", "port": "24"}, {"mac": "00:04:96:82:5a:4f", "vlan_name": "Respaldos", "vlan_id": "4094", "flag": "d mi          ", "port": "24"}, {"mac": "00:04:96:82:5a:4f", "vlan_name": "PDI", "vlan_id": "141", "flag": "d m           ", "port": "24"}, {"mac": "00:04:96:82:5a:75", "vlan_name": "Respaldos", "vlan_id": "4094", "flag": "d mi          ", "port": "24"}, {"mac": "00:04:96:82:5a:75", "vlan_name": "PDI", "vlan_id": "141", "flag": "d m           ", "port": "24"}, {"mac": "00:04:96:83:88:0f", "vlan_name": "PDI", "vlan_id": "141", "flag": "d m           ", "port": "24"}, {"mac": "00:04:96:83:97:62", "vlan_name": "PDI", "vlan_id": "141", "flag": "d m           ", "port": "24"}, {"mac": "00:04:96:8b:f1:4e", "vlan_name": "PDI", "vlan_id": "141", "flag": "d m           ", "port": "24"}, {"mac": "00:04:96:8f:b6:e9", "vlan_name": "Respaldos", "vlan_id": "4094", "flag": "d mi          ", "port": "24"}, {"mac": "00:04:96:97:87:13", "vlan_name": "PDI", "vlan_id": "141", "flag": "d m           ", "port": "24"}, {"mac": "00:04:96:98:5b:f3", "vlan_name": "PDI", "vlan_id": "141", "flag": "d m           ", "port": "24"}, {"mac": "00:04:96:99:1c:49", "vlan_name": "Respaldos", "vlan_id": "4094", "flag": "d mi          ", "port": "24"}, {"mac": "00:04:96:99:64:a0", "vlan_name": "PDI", "vlan_id": "141", "flag": "d m           ", "port": "24"}, {"mac": "00:0a:f7:9b:c7:b7", "vlan_name": "PDI", "vlan_id": "141", "flag": "d m           ", "port": "24"}, {"mac": "00:15:5d:06:6f:16", "vlan_name": "PDI", "vlan_id": "141", "flag": "d m           ", "port": "24"}, {"mac": "00:15:5d:06:6f:99", "vlan_name": "PDI", "vlan_id": "141", "flag": "d m           ", "port": "24"}, {"mac": "00:15:5d:06:6f:af", "vlan_name": "PDI", "vlan_id": "141", "flag": "d m           ", "port": "24"}, {"mac": "00:15:5d:06:70:d2", "vlan_name": "PDI", "vlan_id": "141", "flag": "d m           ", "port": "24"}, {"mac": "00:15:5d:06:70:eb", "vlan_name": "PDI", "vlan_id": "141", "flag": "d m           ", "port": "24"}, {"mac": "00:15:5d:06:7f:a0", "vlan_name": "PDI", "vlan_id": "141", "flag": "d m           ", "port": "24"}, {"mac": "00:15:5d:06:7f:aa", "vlan_name": "PDI", "vlan_id": "141", "flag": "d m           ", "port": "24"}, {"mac": "00:1a:64:65:e7:c6", "vlan_name": "PDI", "vlan_id": "141", "flag": "d m           ", "port": "24"}, {"mac": "00:21:5e:ad:20:60", "vlan_name": "PDI", "vlan_id": "141", "flag": "d m           ", "port": "24"}, {"mac": "00:50:56:90:1b:98", "vlan_name": "PDI", "vlan_id": "141", "flag": "d m           ", "port": "24"}, {"mac": "00:50:56:90:38:08", "vlan_name": "PDI", "vlan_id": "141", "flag": "d m           ", "port": "24"}, {"mac": "00:50:56:90:40:f5", "vlan_name": "PDI", "vlan_id": "141", "flag": "d m           ", "port": "24"}, {"mac": "00:50:56:90:40:f6", "vlan_name": "PDI", "vlan_id": "141", "flag": "d m           ", "port": "24"}, {"mac": "00:50:56:90:40:f7", "vlan_name": "PDI", "vlan_id": "141", "flag": "d m           ", "port": "24"}, {"mac": "00:50:56:90:40:f9", "vlan_name": "PDI", "vlan_id": "141", "flag": "d m           ", "port": "24"}, {"mac": "00:50:56:90:40:fb", "vlan_name": "PDI", "vlan_id": "141", "flag": "d m           ", "port": "24"}, {"mac": "00:50:56:90:40:fc", "vlan_name": "PDI", "vlan_id": "141", "flag": "d m           ", "port": "24"}, {"mac": "00:50:56:90:40:fd", "vlan_name": "PDI", "vlan_id": "141", "flag": "d m           ", "port": "24"}, {"mac": "00:50:56:90:40:fe", "vlan_name": "PDI", "vlan_id": "141", "flag": "d m           ", "port": "24"}, {"mac": "00:50:56:90:40:ff", "vlan_name": "PDI", "vlan_id": "141", "flag": "d m           ", "port": "24"}, {"mac": "00:50:56:90:41:07", "vlan_name": "PDI", "vlan_id": "141", "flag": "d m           ", "port": "24"}, {"mac": "00:50:56:90:41:49", "vlan_name": "PDI", "vlan_id": "141", "flag": "d m           ", "port": "24"}, {"mac": "00:50:56:90:41:51", "vlan_name": "PDI", "vlan_id": "141", "flag": "d m           ", "port": "24"}, {"mac": "00:50:56:90:41:5b", "vlan_name": "PDI", "vlan_id": "141", "flag": "d m           ", "port": "24"}, {"mac": "00:50:56:90:41:5e", "vlan_name": "PDI", "vlan_id": "141", "flag": "d m           ", "port": "24"}, {"mac": "00:50:56:90:41:5f", "vlan_name": "PDI", "vlan_id": "141", "flag": "d m           ", "port": "24"}, {"mac": "00:50:56:90:41:67", "vlan_name": "PDI", "vlan_id": "141", "flag": "d m           ", "port": "24"}, {"mac": "00:50:56:90:41:69", "vlan_name": "PDI", "vlan_id": "141", "flag": "d m           ", "port": "24"}, {"mac": "00:50:56:90:41:6a", "vlan_name": "PDI", "vlan_id": "141", "flag": "d m           ", "port": "24"}, {"mac": "00:50:56:90:41:73", "vlan_name": "PDI", "vlan_id": "141", "flag": "d m           ", "port": "24"}, {"mac": "00:50:56:90:41:79", "vlan_name": "PDI", "vlan_id": "141", "flag": "d m           ", "port": "24"}, {"mac": "00:50:56:90:41:80", "vlan_name": "PDI", "vlan_id": "141", "flag": "d m           ", "port": "24"}, {"mac": "00:50:56:90:41:b6", "vlan_name": "PDI", "vlan_id": "141", "flag": "d m           ", "port": "24"}, {"mac": "00:50:56:90:41:c0", "vlan_name": "PDI", "vlan_id": "141", "flag": "d m           ", "port": "24"}, {"mac": "00:50:56:90:55:af", "vlan_name": "PDI", "vlan_id": "141", "flag": "d m           ", "port": "24"}, {"mac": "00:50:56:9c:08:1a", "vlan_name": "PDI", "vlan_id": "141", "flag": "d m           ", "port": "24"}, {"mac": "00:50:56:9c:0f:14", "vlan_name": "PDI", "vlan_id": "141", "flag": "d m           ", "port": "24"}, {"mac": "00:50:56:9c:13:3f", "vlan_name": "PDI", "vlan_id": "141", "flag": "d m           ", "port": "24"}, {"mac": "00:50:56:9c:1b:a8", "vlan_name": "PDI", "vlan_id": "141", "flag": "d m           ", "port": "24"}, {"mac": "00:50:56:9c:1b:e7", "vlan_name": "PDI", "vlan_id": "141", "flag": "d m           ", "port": "24"}, {"mac": "00:50:56:9c:1e:d8", "vlan_name": "PDI", "vlan_id": "141", "flag": "d m           ", "port": "24"}, {"mac": "00:50:56:9c:31:d9", "vlan_name": "PDI", "vlan_id": "141", "flag": "d m           ", "port": "24"}, {"mac": "00:50:56:9c:35:0c", "vlan_name": "PDI", "vlan_id": "141", "flag": "d m           ", "port": "24"}, {"mac": "00:50:56:9c:46:ad", "vlan_name": "PDI", "vlan_id": "141", "flag": "d m           ", "port": "24"}, {"mac": "00:50:56:9c:4d:bb", "vlan_name": "PDI", "vlan_id": "141", "flag": "d m           ", "port": "24"}, {"mac": "00:50:56:9c:59:bd", "vlan_name": "PDI", "vlan_id": "141", "flag": "d m           ", "port": "24"}, {"mac": "00:50:56:9c:66:dc", "vlan_name": "PDI", "vlan_id": "141", "flag": "d m           ", "port": "24"}, {"mac": "00:50:56:9c:67:81", "vlan_name": "PDI", "vlan_id": "141", "flag": "d m           ", "port": "24"}, {"mac": "00:50:56:9c:7e:51", "vlan_name": "PDI", "vlan_id": "141", "flag": "d m           ", "port": "24"}, {"mac": "00:90:fa:79:53:56", "vlan_name": "PDI", "vlan_id": "141", "flag": "d m           ", "port": "24"}, {"mac": "00:90:fa:7f:f2:c8", "vlan_name": "PDI", "vlan_id": "141", "flag": "d m           ", "port": "24"}, {"mac": "00:90:fa:af:d2:22", "vlan_name": "PDI", "vlan_id": "141", "flag": "d m           ", "port": "24"}, {"mac": "00:e0:ec:2a:66:2b", "vlan_name": "PDI", "vlan_id": "141", "flag": "d m           ", "port": "24"}, {"mac": "02:04:96:7e:30:be", "vlan_name": "PDI", "vlan_id": "141", "flag": "d m           ", "port": "24"}, {"mac": "14:18:77:40:dd:52", "vlan_name": "Respaldos", "vlan_id": "4094", "flag": "d m           ", "port": "24"}, {"mac": "14:18:77:40:e1:02", "vlan_name": "Respaldos", "vlan_id": "4094", "flag": "d m           ", "port": "24"}, {"mac": "14:18:77:41:08:3c", "vlan_name": "Respaldos", "vlan_id": "4094", "flag": "d m           ", "port": "24"}, {"mac": "14:18:77:41:15:71", "vlan_name": "Respaldos", "vlan_id": "4094", "flag": "d m           ", "port": "24"}, {"mac": "14:18:77:46:6c:2b", "vlan_name": "Respaldos", "vlan_id": "4094", "flag": "d mi          ", "port": "24"}, {"mac": "14:18:77:46:77:a5", "vlan_name": "Respaldos", "vlan_id": "4094", "flag": "d mi          ", "port": "24"}, {"mac": "14:18:77:46:f0:e0", "vlan_name": "Respaldos", "vlan_id": "4094", "flag": "d mi          ", "port": "24"}, {"mac": "14:18:77:47:0d:83", "vlan_name": "Respaldos", "vlan_id": "4094", "flag": "d mi          ", "port": "24"}, {"mac": "34:40:b5:a1:10:92", "vlan_name": "PDI", "vlan_id": "141", "flag": "d m           ", "port": "24"}, {"mac": "34:40:b5:a6:62:b0", "vlan_name": "Respaldos", "vlan_id": "4094", "flag": "d mi          ", "port": "24"}, {"mac": "34:40:b5:a6:6b:48", "vlan_name": "Respaldos", "vlan_id": "4094", "flag": "d mi          ", "port": "24"}, {"mac": "34:40:b5:a6:6b:60", "vlan_name": "Respaldos", "vlan_id": "4094", "flag": "d mi          ", "port": "24"}, {"mac": "34:40:b5:f3:0c:d1", "vlan_name": "PDI", "vlan_id": "141", "flag": "d m           ", "port": "2"}, {"mac": "40:f2:e9:07:11:03", "vlan_name": "PDI", "vlan_id": "141", "flag": "d m           ", "port": "24"}, {"mac": "40:f2:e9:5c:3a:7a", "vlan_name": "PDI", "vlan_id": "141", "flag": "d m           ", "port": "24"}, {"mac": "40:f2:e9:c2:ef:52", "vlan_name": "PDI", "vlan_id": "141", "flag": "d m           ", "port": "24"}, {"mac": "40:f2:e9:c3:33:4a", "vlan_name": "PDI", "vlan_id": "141", "flag": "d m           ", "port": "24"}, {"mac": "40:f2:e9:c3:81:4a", "vlan_name": "PDI", "vlan_id": "141", "flag": "d m           ", "port": "24"}, {"mac": "40:f2:e9:c3:f9:fa", "vlan_name": "PDI", "vlan_id": "141", "flag": "d m           ", "port": "24"}, {"mac": "40:f2:e9:f5:28:f2", "vlan_name": "PDI", "vlan_id": "141", "flag": "d m           ", "port": "24"}, {"mac": "40:f2:e9:f5:28:f3", "vlan_name": "PDI", "vlan_id": "141", "flag": "d m           ", "port": "24"}, {"mac": "40:f2:e9:f5:28:f5", "vlan_name": "Respaldos", "vlan_id": "4094", "flag": "d mi          ", "port": "24"}, {"mac": "5c:f3:fc:5d:7e:d4", "vlan_name": "PDI", "vlan_id": "141", "flag": "d m           ", "port": "24"}, {"mac": "6c:ae:8b:1c:80:eb", "vlan_name": "PDI", "vlan_id": "141", "flag": "d m           ", "port": "24"}, {"mac": "6c:ae:8b:25:43:33", "vlan_name": "PDI", "vlan_id": "141", "flag": "d m           ", "port": "24"}, {"mac": "6c:ae:8b:31:ab:52", "vlan_name": "PDI", "vlan_id": "141", "flag": "d m           ", "port": "24"}, {"mac": "6c:ae:8b:31:c5:ea", "vlan_name": "PDI", "vlan_id": "141", "flag": "d m           ", "port": "24"}, {"mac": "6c:ae:8b:31:d6:32", "vlan_name": "PDI", "vlan_id": "141", "flag": "d m           ", "port": "24"}, {"mac": "6c:ae:8b:33:84:62", "vlan_name": "PDI", "vlan_id": "141", "flag": "d m           ", "port": "24"}, {"mac": "6c:ae:8b:33:a1:fa", "vlan_name": "PDI", "vlan_id": "141", "flag": "d m           ", "port": "24"}, {"mac": "6c:ae:8b:33:c0:2a", "vlan_name": "PDI", "vlan_id": "141", "flag": "d m           ", "port": "24"}, {"mac": "6c:ae:8b:33:c1:ca", "vlan_name": "PDI", "vlan_id": "141", "flag": "d m           ", "port": "24"}, {"mac": "6c:ae:8b:33:cb:d2", "vlan_name": "PDI", "vlan_id": "141", "flag": "d m           ", "port": "24"}, {"mac": "6c:ae:8b:34:17:aa", "vlan_name": "PDI", "vlan_id": "141", "flag": "d m           ", "port": "24"}, {"mac": "6c:ae:8b:34:19:72", "vlan_name": "PDI", "vlan_id": "141", "flag": "d m           ", "port": "24"}, {"mac": "6c:ae:8b:34:3f:12", "vlan_name": "PDI", "vlan_id": "141", "flag": "d m           ", "port": "24"}, {"mac": "6c:ae:8b:34:41:82", "vlan_name": "PDI", "vlan_id": "141", "flag": "d m           ", "port": "24"}, {"mac": "6c:ae:8b:34:43:72", "vlan_name": "PDI", "vlan_id": "141", "flag": "d m           ", "port": "24"}, {"mac": "6c:ae:8b:34:45:32", "vlan_name": "PDI", "vlan_id": "141", "flag": "d m           ", "port": "24"}, {"mac": "6c:ae:8b:34:4a:5a", "vlan_name": "PDI", "vlan_id": "141", "flag": "d m           ", "port": "24"}, {"mac": "6c:ae:8b:34:4b:42", "vlan_name": "PDI", "vlan_id": "141", "flag": "d m           ", "port": "24"}, {"mac": "6c:ae:8b:34:4b:72", "vlan_name": "PDI", "vlan_id": "141", "flag": "d m           ", "port": "24"}, {"mac": "90:e2:ba:6e:4b:9a", "vlan_name": "Respaldos", "vlan_id": "4094", "flag": "d mi          ", "port": "24"}, {"mac": "90:e2:ba:6e:4b:d6", "vlan_name": "Respaldos", "vlan_id": "4094", "flag": "d mi          ", "port": "24"}, {"mac": "90:e2:ba:94:b3:23", "vlan_name": "PDI", "vlan_id": "141", "flag": "d m           ", "port": "24"}, {"mac": "98:be:94:44:cf:7a", "vlan_name": "PDI", "vlan_id": "141", "flag": "d m           ", "port": "24"}, {"mac": "98:be:94:44:cf:7b", "vlan_name": "PDI", "vlan_id": "141", "flag": "d m           ", "port": "24"}, {"mac": "a8:97:dc:90:69:2d", "vlan_name": "PDI", "vlan_id": "141", "flag": "d m           ", "port": "24"}, {"mac": "c4:34:6b:b2:3f:32", "vlan_name": "PDI", "vlan_id": "141", "flag": "d m           ", "port": "24"}, {"mac": "c4:34:6b:c7:5c:da", "vlan_name": "PDI", "vlan_id": "141", "flag": "d m           ", "port": "24"}, {"mac": "c4:34:6b:c7:cb:ca", "vlan_name": "PDI", "vlan_id": "141", "flag": "d m           ", "port": "24"}, {"mac": "c4:34:6b:c8:f4:22", "vlan_name": "PDI", "vlan_id": "141", "flag": "d m           ", "port": "24"}, {"mac": "c4:34:6b:fe:9d:2b", "vlan_name": "PDI", "vlan_id": "141", "flag": "d m           ", "port": "24"}, {"mac": "c4:34:6b:fe:9d:7b", "vlan_name": "PDI", "vlan_id": "141", "flag": "d m           ", "port": "24"}, {"mac": "c4:34:6b:fe:cb:93", "vlan_name": "PDI", "vlan_id": "141", "flag": "d m           ", "port": "24"}, {"mac": "fc:15:b4:1d:2a:ca", "vlan_name": "PDI", "vlan_id": "141", "flag": "d m           ", "port": "24"}, {"mac": "fc:15:b4:1d:c7:aa", "vlan_name": "PDI", "vlan_id": "141", "flag": "d m           ", "port": "24"}]