[{"vlan_name": "Adm_Virt_Center", "vlan_id": "146"}, {"vlan_name": "CDLV_Servidores", "vlan_id": "105"}, {"vlan_name": "Default", "vlan_id": "1"}, {"vlan_name": "Mgmt", "vlan_id": "4095"}, {"vlan_name": "New-Servidores", "vlan_id": "104"}, {"vlan_name": "Sala_Rosas", "vlan_id": "108"}, {"vlan_name": "ser_balanceados", "vlan_id": "98"}, {"vlan_name": "servidores2_CDLV", "vlan_id": "113"}, {"vlan_name": "Servidores_Cientec", "vlan_id": "102"}, {"vlan_name": "Servidores_LoEspejo", "vlan_id": "101"}, {"vlan_name": "Servidores_Rosas", "vlan_id": "100"}]