[{"local_port": "8", "neighbor_port_id": "\"45\"", "neighbor_system_name": "\""}, {"local_port": "13", "neighbor_port_id": "\"46\"", "neighbor_system_name": "\""}, {"local_port": "14", "neighbor_port_id": "\"46\"", "neighbor_system_name": "\""}, {"local_port": "15", "neighbor_port_id": "\"46\"", "neighbor_system_name": "\""}, {"local_port": "16", "neighbor_port_id": "\"46\"", "neighbor_system_name": "\""}, {"local_port": "20", "neighbor_port_id": "\"45\"", "neighbor_system_name": "\""}, {"local_port": "22", "neighbor_port_id": "\"45\"", "neighbor_system_name": "\""}]