[{"port": "Port", "neighbor": "Neighbor", "neighbor_id": "Neighbor-ID", "remote_port": "Remote", "num_vlans": "Num"}, {"port": "20", "neighbor": "LV_RD35C_DMZ_Desarrollo_", "neighbor_id": "00:00:00:04:96:8b:8f:d6", "remote_port": "1:6", "num_vlans": "0"}, {"port": "21", "neighbor": "LV_RG31C_PDI_01", "neighbor_id": "00:00:02:04:96:7e:30:be", "remote_port": "1:21", "num_vlans": "3"}, {"port": "27", "neighbor": "LV_RL29C_RESP_01", "neighbor_id": "00:00:00:04:96:36:64:8c", "remote_port": "1:22", "num_vlans": "3"}, {"port": "28", "neighbor": "LV_RG31C_RESP_06", "neighbor_id": "00:00:00:04:96:8f:b6:e9", "remote_port": "1:27", "num_vlans": "1"}]