[{"mac": "00:00:c9:f4:95:c6", "vlan_name": "pdi", "vlan_id": "4094", "flag": "dhm            ", "port": "24"}, {"mac": "00:00:c9:f4:9d:62", "vlan_name": "pdi", "vlan_id": "4094", "flag": "dhm            ", "port": "24"}, {"mac": "00:04:96:36:64:8c", "vlan_name": "pdi", "vlan_id": "4094", "flag": "dhm            ", "port": "24"}, {"mac": "00:04:96:36:64:8c", "vlan_name": "PDI2", "vlan_id": "132", "flag": "dhm            ", "port": "24"}, {"mac": "00:04:96:82:5a:4f", "vlan_name": "pdi", "vlan_id": "4094", "flag": "dhm            ", "port": "24"}, {"mac": "00:04:96:82:5a:4f", "vlan_name": "PDI2", "vlan_id": "132", "flag": "dhm            ", "port": "24"}, {"mac": "00:04:96:82:5a:75", "vlan_name": "pdi", "vlan_id": "4094", "flag": "dhm            ", "port": "24"}, {"mac": "00:04:96:82:5a:75", "vlan_name": "PDI2", "vlan_id": "132", "flag": "dhm            ", "port": "24"}, {"mac": "00:04:96:83:88:0f", "vlan_name": "pdi", "vlan_id": "4094", "flag": "dhm            ", "port": "24"}, {"mac": "00:04:96:83:97:62", "vlan_name": "pdi", "vlan_id": "4094", "flag": "dhm            ", "port": "24"}, {"mac": "00:04:96:83:97:62", "vlan_name": "PDI2", "vlan_id": "132", "flag": "dhm            ", "port": "24"}, {"mac": "00:04:96:8b:f1:4e", "vlan_name": "pdi", "vlan_id": "4094", "flag": "dhm            ", "port": "24"}, {"mac": "00:04:96:97:87:13", "vlan_name": "pdi", "vlan_id": "4094", "flag": "dhm            ", "port": "24"}, {"mac": "00:04:96:98:5b:f3", "vlan_name": "pdi", "vlan_id": "4094", "flag": "dhm            ", "port": "24"}, {"mac": "00:04:96:99:1c:46", "vlan_name": "PDI2", "vlan_id": "132", "flag": "dhm            ", "port": "24"}, {"mac": "00:04:96:9b:42:ae", "vlan_name": "PDI2", "vlan_id": "132", "flag": "dhm            ", "port": "24"}, {"mac": "00:0a:f7:9b:c7:b7", "vlan_name": "pdi", "vlan_id": "4094", "flag": "dhm            ", "port": "24"}, {"mac": "00:10:9b:27:2f:10", "vlan_name": "PDI2", "vlan_id": "132", "flag": "dhm            ", "port": "19"}, {"mac": "00:10:e0:8a:2a:ce", "vlan_name": "PDI_SAT_AR", "vlan_id": "4080", "flag": "dhm            ", "port": "24"}, {"mac": "00:10:e0:8a:2a:d1", "vlan_name": "PDI_SAT_AR", "vlan_id": "4080", "flag": "dhm            ", "port": "24"}, {"mac": "00:10:e0:8a:2d:80", "vlan_name": "PDI_SAT_AR", "vlan_id": "4080", "flag": "dhm            ", "port": "24"}, {"mac": "00:10:e0:8a:2d:83", "vlan_name": "PDI_SAT_AR", "vlan_id": "4080", "flag": "dhm            ", "port": "24"}, {"mac": "00:14:4f:f8:15:52", "vlan_name": "PDI2", "vlan_id": "132", "flag": "dhm            ", "port": "24"}, {"mac": "00:14:4f:f8:68:2d", "vlan_name": "PDI2", "vlan_id": "132", "flag": "dhm            ", "port": "24"}, {"mac": "00:14:4f:f8:89:a7", "vlan_name": "PDI_SAT_AR", "vlan_id": "4080", "flag": "dhm            ", "port": "24"}, {"mac": "00:14:4f:f8:d5:d7", "vlan_name": "PDI_SAT_AR", "vlan_id": "4080", "flag": "dhm            ", "port": "24"}, {"mac": "00:14:4f:f9:05:99", "vlan_name": "PDI2", "vlan_id": "132", "flag": "dhm            ", "port": "24"}, {"mac": "00:14:4f:f9:6e:84", "vlan_name": "PDI2", "vlan_id": "132", "flag": "dhm            ", "port": "24"}, {"mac": "00:14:4f:f9:88:16", "vlan_name": "PDI_SAT_AR", "vlan_id": "4080", "flag": "dhm            ", "port": "24"}, {"mac": "00:14:4f:f9:cd:97", "vlan_name": "PDI_SAT_AR", "vlan_id": "4080", "flag": "dhm            ", "port": "24"}, {"mac": "00:14:4f:fa:3e:e3", "vlan_name": "PDI_SAT_AR", "vlan_id": "4080", "flag": "dhm            ", "port": "24"}, {"mac": "00:14:4f:fa:46:69", "vlan_name": "PDI2", "vlan_id": "132", "flag": "dhm            ", "port": "24"}, {"mac": "00:14:4f:fa:4e:66", "vlan_name": "PDI2", "vlan_id": "132", "flag": "dhm            ", "port": "24"}, {"mac": "00:14:4f:fa:e2:75", "vlan_name": "PDI2", "vlan_id": "132", "flag": "dhm            ", "port": "24"}, {"mac": "00:14:4f:fb:10:a5", "vlan_name": "PDI_SAT_AR", "vlan_id": "4080", "flag": "dhm            ", "port": "24"}, {"mac": "00:14:4f:fb:b9:7f", "vlan_name": "PDI_SAT_AR", "vlan_id": "4080", "flag": "dhm            ", "port": "24"}, {"mac": "00:14:4f:fb:fa:ce", "vlan_name": "PDI_SAT_AR", "vlan_id": "4080", "flag": "dhm            ", "port": "24"}, {"mac": "00:14:5e:15:f2:df", "vlan_name": "PDI2", "vlan_id": "132", "flag": "dhm            ", "port": "24"}, {"mac": "00:15:5d:06:6f:16", "vlan_name": "pdi", "vlan_id": "4094", "flag": "dhm            ", "port": "24"}, {"mac": "00:15:5d:06:6f:68", "vlan_name": "pdi", "vlan_id": "4094", "flag": "dhm            ", "port": "24"}, {"mac": "00:15:5d:06:6f:99", "vlan_name": "pdi", "vlan_id": "4094", "flag": "dhm            ", "port": "24"}, {"mac": "00:15:5d:06:6f:a1", "vlan_name": "PDI2", "vlan_id": "132", "flag": "dhm            ", "port": "24"}, {"mac": "00:15:5d:06:6f:af", "vlan_name": "pdi", "vlan_id": "4094", "flag": "dhm            ", "port": "24"}, {"mac": "00:15:5d:06:70:d2", "vlan_name": "pdi", "vlan_id": "4094", "flag": "dhm            ", "port": "24"}, {"mac": "00:15:5d:06:70:eb", "vlan_name": "pdi", "vlan_id": "4094", "flag": "dhm            ", "port": "24"}, {"mac": "00:15:5d:06:7f:78", "vlan_name": "PDI2", "vlan_id": "132", "flag": "dhm            ", "port": "24"}, {"mac": "00:15:5d:06:7f:94", "vlan_name": "PDI2", "vlan_id": "132", "flag": "dhm            ", "port": "24"}, {"mac": "00:15:5d:06:7f:a0", "vlan_name": "pdi", "vlan_id": "4094", "flag": "dhm            ", "port": "24"}, {"mac": "00:15:5d:06:7f:aa", "vlan_name": "pdi", "vlan_id": "4094", "flag": "dhm            ", "port": "24"}, {"mac": "00:15:5d:06:7f:b3", "vlan_name": "PDI2", "vlan_id": "132", "flag": "dhm            ", "port": "24"}, {"mac": "00:1a:64:65:e7:c6", "vlan_name": "pdi", "vlan_id": "4094", "flag": "dhm            ", "port": "24"}, {"mac": "00:21:5e:ad:20:60", "vlan_name": "pdi", "vlan_id": "4094", "flag": "dhm            ", "port": "24"}, {"mac": "00:21:5e:ad:25:c0", "vlan_name": "pdi", "vlan_id": "4094", "flag": "dhm            ", "port": "24"}, {"mac": "00:24:81:e5:4d:2c", "vlan_name": "PDI2", "vlan_id": "132", "flag": "dhm            ", "port": "24"}, {"mac": "00:25:03:3c:16:00", "vlan_name": "PDI2", "vlan_id": "132", "flag": "dhm            ", "port": "24"}, {"mac": "00:50:56:90:1b:7c", "vlan_name": "PDI2", "vlan_id": "132", "flag": "dhm            ", "port": "24"}, {"mac": "00:50:56:90:1b:8a", "vlan_name": "PDI2", "vlan_id": "132", "flag": "dhm            ", "port": "24"}, {"mac": "00:50:56:90:1b:96", "vlan_name": "PDI2", "vlan_id": "132", "flag": "dhm            ", "port": "24"}, {"mac": "00:50:56:90:1b:97", "vlan_name": "pdi", "vlan_id": "4094", "flag": "dhm            ", "port": "24"}, {"mac": "00:50:56:90:38:08", "vlan_name": "pdi", "vlan_id": "4094", "flag": "dhm            ", "port": "24"}, {"mac": "00:50:56:90:40:f4", "vlan_name": "pdi", "vlan_id": "4094", "flag": "dhm            ", "port": "24"}, {"mac": "00:50:56:90:40:f5", "vlan_name": "pdi", "vlan_id": "4094", "flag": "dhm            ", "port": "24"}, {"mac": "00:50:56:90:40:f6", "vlan_name": "pdi", "vlan_id": "4094", "flag": "dhm            ", "port": "24"}, {"mac": "00:50:56:90:40:f7", "vlan_name": "pdi", "vlan_id": "4094", "flag": "dhm            ", "port": "24"}, {"mac": "00:50:56:90:40:f9", "vlan_name": "pdi", "vlan_id": "4094", "flag": "dhm            ", "port": "24"}, {"mac": "00:50:56:90:40:fb", "vlan_name": "pdi", "vlan_id": "4094", "flag": "dhm            ", "port": "24"}, {"mac": "00:50:56:90:40:fc", "vlan_name": "pdi", "vlan_id": "4094", "flag": "dhm            ", "port": "24"}, {"mac": "00:50:56:90:40:fd", "vlan_name": "pdi", "vlan_id": "4094", "flag": "dhm            ", "port": "24"}, {"mac": "00:50:56:90:40:fe", "vlan_name": "pdi", "vlan_id": "4094", "flag": "dhm            ", "port": "24"}, {"mac": "00:50:56:90:40:ff", "vlan_name": "pdi", "vlan_id": "4094", "flag": "dhm            ", "port": "24"}, {"mac": "00:50:56:90:41:07", "vlan_name": "pdi", "vlan_id": "4094", "flag": "dhm            ", "port": "24"}, {"mac": "00:50:56:90:41:49", "vlan_name": "pdi", "vlan_id": "4094", "flag": "dhm            ", "port": "24"}, {"mac": "00:50:56:90:41:51", "vlan_name": "pdi", "vlan_id": "4094", "flag": "dhm            ", "port": "24"}, {"mac": "00:50:56:90:41:59", "vlan_name": "pdi", "vlan_id": "4094", "flag": "dhm            ", "port": "24"}, {"mac": "00:50:56:90:41:5b", "vlan_name": "pdi", "vlan_id": "4094", "flag": "dhm            ", "port": "24"}, {"mac": "00:50:56:90:41:5e", "vlan_name": "pdi", "vlan_id": "4094", "flag": "dhm            ", "port": "24"}, {"mac": "00:50:56:90:41:5f", "vlan_name": "pdi", "vlan_id": "4094", "flag": "dhm            ", "port": "24"}, {"mac": "00:50:56:90:41:67", "vlan_name": "pdi", "vlan_id": "4094", "flag": "dhm            ", "port": "24"}, {"mac": "00:50:56:90:41:6a", "vlan_name": "pdi", "vlan_id": "4094", "flag": "dhm            ", "port": "24"}, {"mac": "00:50:56:90:41:73", "vlan_name": "pdi", "vlan_id": "4094", "flag": "dhm            ", "port": "24"}, {"mac": "00:50:56:90:41:79", "vlan_name": "pdi", "vlan_id": "4094", "flag": "dhm            ", "port": "24"}, {"mac": "00:50:56:90:41:80", "vlan_name": "pdi", "vlan_id": "4094", "flag": "dhm            ", "port": "24"}, {"mac": "00:50:56:90:41:b6", "vlan_name": "pdi", "vlan_id": "4094", "flag": "dhm            ", "port": "24"}, {"mac": "00:50:56:90:41:c0", "vlan_name": "pdi", "vlan_id": "4094", "flag": "dhm            ", "port": "24"}, {"mac": "00:50:56:90:55:af", "vlan_name": "pdi", "vlan_id": "4094", "flag": "dhm            ", "port": "24"}, {"mac": "00:50:56:90:55:b6", "vlan_name": "PDI2", "vlan_id": "132", "flag": "dhm            ", "port": "24"}, {"mac": "00:50:56:9c:00:fb", "vlan_name": "pdi", "vlan_id": "4094", "flag": "dhm            ", "port": "24"}, {"mac": "00:50:56:9c:01:95", "vlan_name": "PDI2", "vlan_id": "132", "flag": "dhm            ", "port": "24"}, {"mac": "00:50:56:9c:02:15", "vlan_name": "PDI2", "vlan_id": "132", "flag": "dhm            ", "port": "24"}, {"mac": "00:50:56:9c:02:6c", "vlan_name": "PDI2", "vlan_id": "132", "flag": "dhm            ", "port": "24"}, {"mac": "00:50:56:9c:03:2e", "vlan_name": "pdi", "vlan_id": "4094", "flag": "dhm            ", "port": "24"}, {"mac": "00:50:56:9c:04:f6", "vlan_name": "PDI2", "vlan_id": "132", "flag": "dhm            ", "port": "24"}, {"mac": "00:50:56:9c:08:1a", "vlan_name": "pdi", "vlan_id": "4094", "flag": "dhm            ", "port": "24"}, {"mac": "00:50:56:9c:09:ff", "vlan_name": "pdi", "vlan_id": "4094", "flag": "dhm            ", "port": "24"}, {"mac": "00:50:56:9c:0a:43", "vlan_name": "pdi", "vlan_id": "4094", "flag": "dhm            ", "port": "24"}, {"mac": "00:50:56:9c:0d:80", "vlan_name": "PDI2", "vlan_id": "132", "flag": "dhm            ", "port": "24"}, {"mac": "00:50:56:9c:0f:14", "vlan_name": "pdi", "vlan_id": "4094", "flag": "dhm            ", "port": "24"}, {"mac": "00:50:56:9c:12:27", "vlan_name": "PDI2", "vlan_id": "132", "flag": "dhm            ", "port": "24"}, {"mac": "00:50:56:9c:13:3f", "vlan_name": "pdi", "vlan_id": "4094", "flag": "dhm            ", "port": "24"}, {"mac": "00:50:56:9c:15:fa", "vlan_name": "PDI2", "vlan_id": "132", "flag": "dhm            ", "port": "24"}, {"mac": "00:50:56:9c:16:12", "vlan_name": "PDI2", "vlan_id": "132", "flag": "dhm            ", "port": "24"}, {"mac": "00:50:56:9c:19:47", "vlan_name": "PDI2", "vlan_id": "132", "flag": "dhm            ", "port": "24"}, {"mac": "00:50:56:9c:1b:a8", "vlan_name": "pdi", "vlan_id": "4094", "flag": "dhm            ", "port": "24"}, {"mac": "00:50:56:9c:1b:b3", "vlan_name": "PDI2", "vlan_id": "132", "flag": "dhm            ", "port": "24"}, {"mac": "00:50:56:9c:1b:e7", "vlan_name": "pdi", "vlan_id": "4094", "flag": "dhm            ", "port": "24"}, {"mac": "00:50:56:9c:1c:f6", "vlan_name": "PDI2", "vlan_id": "132", "flag": "dhm            ", "port": "24"}, {"mac": "00:50:56:9c:1e:b7", "vlan_name": "PDI2", "vlan_id": "132", "flag": "dhm            ", "port": "24"}, {"mac": "00:50:56:9c:1e:d8", "vlan_name": "pdi", "vlan_id": "4094", "flag": "dhm            ", "port": "24"}, {"mac": "00:50:56:9c:1e:ee", "vlan_name": "PDI2", "vlan_id": "132", "flag": "dhm            ", "port": "24"}, {"mac": "00:50:56:9c:25:75", "vlan_name": "pdi", "vlan_id": "4094", "flag": "dhm            ", "port": "24"}, {"mac": "00:50:56:9c:2a:68", "vlan_name": "PDI2", "vlan_id": "132", "flag": "dhm            ", "port": "24"}, {"mac": "00:50:56:9c:31:7a", "vlan_name": "PDI2", "vlan_id": "132", "flag": "dhm            ", "port": "24"}, {"mac": "00:50:56:9c:31:d9", "vlan_name": "pdi", "vlan_id": "4094", "flag": "dhm            ", "port": "24"}, {"mac": "00:50:56:9c:33:8d", "vlan_name": "pdi", "vlan_id": "4094", "flag": "dhm            ", "port": "24"}, {"mac": "00:50:56:9c:35:0c", "vlan_name": "pdi", "vlan_id": "4094", "flag": "dhm            ", "port": "24"}, {"mac": "00:50:56:9c:38:63", "vlan_name": "PDI2", "vlan_id": "132", "flag": "dhm            ", "port": "24"}, {"mac": "00:50:56:9c:39:4b", "vlan_name": "PDI2", "vlan_id": "132", "flag": "dhm            ", "port": "24"}, {"mac": "00:50:56:9c:39:56", "vlan_name": "pdi", "vlan_id": "4094", "flag": "dhm            ", "port": "24"}, {"mac": "00:50:56:9c:3d:3a", "vlan_name": "PDI2", "vlan_id": "132", "flag": "dhm            ", "port": "24"}, {"mac": "00:50:56:9c:43:0f", "vlan_name": "PDI2", "vlan_id": "132", "flag": "dhm            ", "port": "24"}, {"mac": "00:50:56:9c:46:ad", "vlan_name": "pdi", "vlan_id": "4094", "flag": "dhm            ", "port": "24"}, {"mac": "00:50:56:9c:48:a9", "vlan_name": "PDI2", "vlan_id": "132", "flag": "dhm            ", "port": "24"}, {"mac": "00:50:56:9c:49:54", "vlan_name": "PDI2", "vlan_id": "132", "flag": "dhm            ", "port": "24"}, {"mac": "00:50:56:9c:4d:bb", "vlan_name": "pdi", "vlan_id": "4094", "flag": "dhm            ", "port": "24"}, {"mac": "00:50:56:9c:4e:e8", "vlan_name": "PDI2", "vlan_id": "132", "flag": "dhm            ", "port": "24"}, {"mac": "00:50:56:9c:50:02", "vlan_name": "pdi", "vlan_id": "4094", "flag": "dhm            ", "port": "24"}, {"mac": "00:50:56:9c:50:88", "vlan_name": "PDI2", "vlan_id": "132", "flag": "dhm            ", "port": "24"}, {"mac": "00:50:56:9c:51:b0", "vlan_name": "PDI2", "vlan_id": "132", "flag": "dhm            ", "port": "24"}, {"mac": "00:50:56:9c:58:da", "vlan_name": "pdi", "vlan_id": "4094", "flag": "dhm            ", "port": "24"}, {"mac": "00:50:56:9c:59:4a", "vlan_name": "PDI2", "vlan_id": "132", "flag": "dhm            ", "port": "24"}, {"mac": "00:50:56:9c:59:bd", "vlan_name": "pdi", "vlan_id": "4094", "flag": "dhm            ", "port": "24"}, {"mac": "00:50:56:9c:5c:3d", "vlan_name": "PDI2", "vlan_id": "132", "flag": "dhm            ", "port": "24"}, {"mac": "00:50:56:9c:5d:7a", "vlan_name": "PDI2", "vlan_id": "132", "flag": "dhm            ", "port": "24"}, {"mac": "00:50:56:9c:5f:62", "vlan_name": "PDI2", "vlan_id": "132", "flag": "dhm            ", "port": "24"}, {"mac": "00:50:56:9c:60:1f", "vlan_name": "PDI2", "vlan_id": "132", "flag": "dhm            ", "port": "24"}, {"mac": "00:50:56:9c:62:e7", "vlan_name": "PDI2", "vlan_id": "132", "flag": "dhm            ", "port": "24"}, {"mac": "00:50:56:9c:63:09", "vlan_name": "PDI2", "vlan_id": "132", "flag": "dhm            ", "port": "24"}, {"mac": "00:50:56:9c:66:5f", "vlan_name": "PDI2", "vlan_id": "132", "flag": "dhm            ", "port": "24"}, {"mac": "00:50:56:9c:66:74", "vlan_name": "pdi", "vlan_id": "4094", "flag": "dhm            ", "port": "24"}, {"mac": "00:50:56:9c:66:dc", "vlan_name": "pdi", "vlan_id": "4094", "flag": "dhm            ", "port": "24"}, {"mac": "00:50:56:9c:67:81", "vlan_name": "pdi", "vlan_id": "4094", "flag": "dhm            ", "port": "24"}, {"mac": "00:50:56:9c:67:a0", "vlan_name": "PDI2", "vlan_id": "132", "flag": "dhm            ", "port": "24"}, {"mac": "00:50:56:9c:69:e6", "vlan_name": "PDI2", "vlan_id": "132", "flag": "dhm            ", "port": "24"}, {"mac": "00:50:56:9c:6d:ea", "vlan_name": "PDI2", "vlan_id": "132", "flag": "dhm            ", "port": "24"}, {"mac": "00:50:56:9c:71:87", "vlan_name": "PDI2", "vlan_id": "132", "flag": "dhm            ", "port": "24"}, {"mac": "00:50:56:9c:74:b8", "vlan_name": "PDI2", "vlan_id": "132", "flag": "dhm            ", "port": "24"}, {"mac": "00:50:56:9c:75:1c", "vlan_name": "PDI2", "vlan_id": "132", "flag": "dhm            ", "port": "24"}, {"mac": "00:50:56:9c:7b:77", "vlan_name": "PDI2", "vlan_id": "132", "flag": "dhm            ", "port": "24"}, {"mac": "00:e0:ec:2a:66:2b", "vlan_name": "pdi", "vlan_id": "4094", "flag": "dhm            ", "port": "24"}, {"mac": "02:04:96:7e:30:be", "vlan_name": "pdi", "vlan_id": "4094", "flag": "dhm            ", "port": "24"}, {"mac": "02:04:96:7e:30:be", "vlan_name": "PDI2", "vlan_id": "132", "flag": "dhm            ", "port": "24"}, {"mac": "02:04:96:7e:30:be", "vlan_name": "PDI3", "vlan_id": "142", "flag": "dhm            ", "port": "24"}, {"mac": "02:04:96:7e:30:be", "vlan_name": "PDI_SAT_AR", "vlan_id": "4080", "flag": "dhm            ", "port": "24"}, {"mac": "10:7d:1a:e3:4c:95", "vlan_name": "PDI2", "vlan_id": "132", "flag": "dhm            ", "port": "24"}, {"mac": "10:7d:1a:e3:4d:4c", "vlan_name": "PDI2", "vlan_id": "132", "flag": "dhm            ", "port": "24"}, {"mac": "10:7d:1a:e3:4d:4f", "vlan_name": "PDI2", "vlan_id": "132", "flag": "dhm            ", "port": "24"}, {"mac": "10:7d:1a:e3:4e:06", "vlan_name": "PDI2", "vlan_id": "132", "flag": "dhm            ", "port": "24"}, {"mac": "10:7d:1a:e3:4e:bd", "vlan_name": "PDI2", "vlan_id": "132", "flag": "dhm            ", "port": "24"}, {"mac": "10:7d:1a:e3:4f:74", "vlan_name": "PDI2", "vlan_id": "132", "flag": "dhm            ", "port": "24"}, {"mac": "10:7d:1a:e3:50:e2", "vlan_name": "PDI2", "vlan_id": "132", "flag": "dhm            ", "port": "24"}, {"mac": "10:7d:1a:e3:51:99", "vlan_name": "PDI2", "vlan_id": "132", "flag": "dhm            ", "port": "24"}, {"mac": "10:7d:1a:e3:53:be", "vlan_name": "PDI2", "vlan_id": "132", "flag": "dhm            ", "port": "24"}, {"mac": "10:7d:1a:e3:54:75", "vlan_name": "PDI2", "vlan_id": "132", "flag": "dhm            ", "port": "24"}, {"mac": "14:18:77:46:6c:2d", "vlan_name": "PDI2", "vlan_id": "132", "flag": "dhm            ", "port": "24"}, {"mac": "14:18:77:46:f0:e2", "vlan_name": "PDI2", "vlan_id": "132", "flag": "dhm            ", "port": "24"}, {"mac": "14:18:77:47:0d:85", "vlan_name": "PDI2", "vlan_id": "132", "flag": "dhm            ", "port": "24"}, {"mac": "14:18:77:49:8d:b6", "vlan_name": "PDI2", "vlan_id": "132", "flag": "dhm            ", "port": "24"}, {"mac": "18:66:da:f8:3a:85", "vlan_name": "PDI2", "vlan_id": "132", "flag": "dhm            ", "port": "24"}, {"mac": "18:66:da:f8:3f:15", "vlan_name": "PDI2", "vlan_id": "132", "flag": "dhm            ", "port": "24"}, {"mac": "18:66:da:f8:58:85", "vlan_name": "PDI2", "vlan_id": "132", "flag": "dhm            ", "port": "24"}, {"mac": "2c:44:fd:94:c8:15", "vlan_name": "PDI2", "vlan_id": "132", "flag": "dhm            ", "port": "24"}, {"mac": "34:40:b5:a1:10:92", "vlan_name": "pdi", "vlan_id": "4094", "flag": "dhm            ", "port": "24"}, {"mac": "34:40:b5:a1:6d:8c", "vlan_name": "pdi", "vlan_id": "4094", "flag": "dhm            ", "port": "24"}, {"mac": "34:40:b5:f3:0c:d1", "vlan_name": "pdi", "vlan_id": "4094", "flag": "dhm            ", "port": "24"}, {"mac": "40:f2:e9:07:11:03", "vlan_name": "pdi", "vlan_id": "4094", "flag": "dhm            ", "port": "24"}, {"mac": "40:f2:e9:13:78:b3", "vlan_name": "PDI2", "vlan_id": "132", "flag": "dhm            ", "port": "24"}, {"mac": "40:f2:e9:20:8c:33", "vlan_name": "pdi", "vlan_id": "4094", "flag": "dhm            ", "port": "24"}, {"mac": "40:f2:e9:20:ab:e5", "vlan_name": "PDI2", "vlan_id": "132", "flag": "dhm            ", "port": "24"}, {"mac": "40:f2:e9:23:b7:cd", "vlan_name": "PDI2", "vlan_id": "132", "flag": "dhm            ", "port": "24"}, {"mac": "40:f2:e9:5c:39:46", "vlan_name": "pdi", "vlan_id": "4094", "flag": "dhm            ", "port": "24"}, {"mac": "40:f2:e9:5c:41:5e", "vlan_name": "pdi", "vlan_id": "4094", "flag": "dhm            ", "port": "24"}, {"mac": "40:f2:e9:c2:8d:6a", "vlan_name": "pdi", "vlan_id": "4094", "flag": "dhm            ", "port": "24"}, {"mac": "40:f2:e9:c2:ef:52", "vlan_name": "pdi", "vlan_id": "4094", "flag": "dhm            ", "port": "24"}, {"mac": "40:f2:e9:c3:24:b2", "vlan_name": "PDI2", "vlan_id": "132", "flag": "dhm            ", "port": "24"}, {"mac": "40:f2:e9:c3:31:fa", "vlan_name": "PDI2", "vlan_id": "132", "flag": "dhm            ", "port": "24"}, {"mac": "40:f2:e9:c3:33:4a", "vlan_name": "pdi", "vlan_id": "4094", "flag": "dhm            ", "port": "24"}, {"mac": "40:f2:e9:c3:f9:fa", "vlan_name": "pdi", "vlan_id": "4094", "flag": "dhm            ", "port": "24"}, {"mac": "40:f2:e9:f5:28:f2", "vlan_name": "pdi", "vlan_id": "4094", "flag": "dhm            ", "port": "24"}, {"mac": "40:f2:e9:f5:28:f3", "vlan_name": "pdi", "vlan_id": "4094", "flag": "dhm            ", "port": "24"}, {"mac": "42:00:3c:18:24:3c", "vlan_name": "pdi", "vlan_id": "4094", "flag": "dhm            ", "port": "24"}, {"mac": "58:8a:5a:86:97:55", "vlan_name": "PDI2", "vlan_id": "132", "flag": "dhm            ", "port": "1"}, {"mac": "58:8a:5a:86:98:c3", "vlan_name": "PDI2", "vlan_id": "132", "flag": "dhm            ", "port": "1"}, {"mac": "58:8a:5a:86:99:7a", "vlan_name": "PDI2", "vlan_id": "132", "flag": "dhm            ", "port": "1"}, {"mac": "58:8a:5a:86:9a:34", "vlan_name": "PDI2", "vlan_id": "132", "flag": "dhm            ", "port": "1"}, {"mac": "58:8a:5a:86:9f:35", "vlan_name": "PDI2", "vlan_id": "132", "flag": "dhm            ", "port": "1"}, {"mac": "5c:f3:fc:0c:64:5e", "vlan_name": "PDI2", "vlan_id": "132", "flag": "dhm            ", "port": "24"}, {"mac": "5c:f3:fc:5d:7e:d4", "vlan_name": "pdi", "vlan_id": "4094", "flag": "dhm            ", "port": "24"}, {"mac": "5c:f3:fc:e5:e2:46", "vlan_name": "PDI2", "vlan_id": "132", "flag": "dhm            ", "port": "24"}, {"mac": "6c:ae:8b:1c:80:eb", "vlan_name": "pdi", "vlan_id": "4094", "flag": "dhm            ", "port": "24"}, {"mac": "6c:ae:8b:25:43:33", "vlan_name": "pdi", "vlan_id": "4094", "flag": "dhm            ", "port": "24"}, {"mac": "6c:ae:8b:31:ab:52", "vlan_name": "pdi", "vlan_id": "4094", "flag": "dhm            ", "port": "24"}, {"mac": "6c:ae:8b:31:c5:ea", "vlan_name": "pdi", "vlan_id": "4094", "flag": "dhm            ", "port": "24"}, {"mac": "6c:ae:8b:31:d6:32", "vlan_name": "pdi", "vlan_id": "4094", "flag": "dhm            ", "port": "24"}, {"mac": "6c:ae:8b:33:84:62", "vlan_name": "pdi", "vlan_id": "4094", "flag": "dhm            ", "port": "24"}, {"mac": "6c:ae:8b:33:a1:fa", "vlan_name": "pdi", "vlan_id": "4094", "flag": "dhm            ", "port": "24"}, {"mac": "6c:ae:8b:33:c0:2a", "vlan_name": "pdi", "vlan_id": "4094", "flag": "dhm            ", "port": "24"}, {"mac": "6c:ae:8b:33:c1:ca", "vlan_name": "pdi", "vlan_id": "4094", "flag": "dhm            ", "port": "24"}, {"mac": "6c:ae:8b:33:cb:d2", "vlan_name": "pdi", "vlan_id": "4094", "flag": "dhm            ", "port": "24"}, {"mac": "6c:ae:8b:34:17:aa", "vlan_name": "pdi", "vlan_id": "4094", "flag": "dhm            ", "port": "24"}, {"mac": "6c:ae:8b:34:19:72", "vlan_name": "pdi", "vlan_id": "4094", "flag": "dhm            ", "port": "24"}, {"mac": "6c:ae:8b:34:3e:0a", "vlan_name": "pdi", "vlan_id": "4094", "flag": "dhm            ", "port": "24"}, {"mac": "6c:ae:8b:34:3f:12", "vlan_name": "pdi", "vlan_id": "4094", "flag": "dhm            ", "port": "24"}, {"mac": "6c:ae:8b:34:41:82", "vlan_name": "pdi", "vlan_id": "4094", "flag": "dhm            ", "port": "24"}, {"mac": "6c:ae:8b:34:43:72", "vlan_name": "pdi", "vlan_id": "4094", "flag": "dhm            ", "port": "24"}, {"mac": "6c:ae:8b:34:45:32", "vlan_name": "pdi", "vlan_id": "4094", "flag": "dhm            ", "port": "24"}, {"mac": "6c:ae:8b:34:47:92", "vlan_name": "pdi", "vlan_id": "4094", "flag": "dhm            ", "port": "24"}, {"mac": "6c:ae:8b:34:4a:5a", "vlan_name": "pdi", "vlan_id": "4094", "flag": "dhm            ", "port": "24"}, {"mac": "6c:ae:8b:34:4b:42", "vlan_name": "pdi", "vlan_id": "4094", "flag": "dhm            ", "port": "24"}, {"mac": "6c:ae:8b:34:4b:72", "vlan_name": "pdi", "vlan_id": "4094", "flag": "dhm            ", "port": "24"}, {"mac": "6c:ae:8b:3b:fa:8d", "vlan_name": "PDI2", "vlan_id": "132", "flag": "dhm            ", "port": "24"}, {"mac": "6c:ae:8b:61:69:1c", "vlan_name": "PDI2", "vlan_id": "132", "flag": "dhm            ", "port": "24"}, {"mac": "78:e3:b5:0f:4f:6b", "vlan_name": "PDI2", "vlan_id": "132", "flag": "dhm            ", "port": "24"}, {"mac": "80:18:44:e7:85:19", "vlan_name": "PDI2", "vlan_id": "132", "flag": "dhm            ", "port": "24"}, {"mac": "80:18:44:e7:85:39", "vlan_name": "PDI2", "vlan_id": "132", "flag": "dhm            ", "port": "24"}, {"mac": "80:18:44:e7:85:4d", "vlan_name": "PDI2", "vlan_id": "132", "flag": "dhm            ", "port": "24"}, {"mac": "90:e2:ba:10:d7:1a", "vlan_name": "PDI2", "vlan_id": "132", "flag": "dhm            ", "port": "24"}, {"mac": "90:e2:ba:10:d9:aa", "vlan_name": "PDI2", "vlan_id": "132", "flag": "dhm            ", "port": "24"}, {"mac": "90:e2:ba:10:da:2e", "vlan_name": "PDI2", "vlan_id": "132", "flag": "dhm            ", "port": "24"}, {"mac": "90:e2:ba:80:2c:ef", "vlan_name": "pdi", "vlan_id": "4094", "flag": "dhm            ", "port": "24"}, {"mac": "98:be:94:37:0b:e2", "vlan_name": "PDI2", "vlan_id": "132", "flag": "dhm            ", "port": "24"}, {"mac": "98:be:94:37:13:b2", "vlan_name": "PDI2", "vlan_id": "132", "flag": "dhm            ", "port": "24"}, {"mac": "98:be:94:44:cf:7a", "vlan_name": "pdi", "vlan_id": "4094", "flag": "dhm            ", "port": "24"}, {"mac": "98:be:94:44:cf:7b", "vlan_name": "pdi", "vlan_id": "4094", "flag": "dhm            ", "port": "24"}, {"mac": "98:be:94:65:38:d0", "vlan_name": "PDI2", "vlan_id": "132", "flag": "dhm            ", "port": "24"}, {"mac": "98:be:94:65:39:60", "vlan_name": "PDI3", "vlan_id": "142", "flag": "dhm            ", "port": "24"}, {"mac": "a0:36:9f:6f:49:34", "vlan_name": "PDI2", "vlan_id": "132", "flag": "dhm            ", "port": "24"}, {"mac": "a0:36:9f:6f:5e:b4", "vlan_name": "PDI2", "vlan_id": "132", "flag": "dhm            ", "port": "24"}, {"mac": "a8:97:dc:90:69:2d", "vlan_name": "pdi", "vlan_id": "4094", "flag": "dhm            ", "port": "24"}, {"mac": "b4:0c:25:ef:40:11", "vlan_name": "PDI2", "vlan_id": "132", "flag": "dhm            ", "port": "24"}, {"mac": "b4:de:31:ad:28:75", "vlan_name": "PDI2", "vlan_id": "132", "flag": "dhm            ", "port": "24"}, {"mac": "b4:de:31:ad:28:75", "vlan_name": "PDI_SOD_AR_ACI", "vlan_id": "2160", "flag": "dhm            ", "port": "24"}, {"mac": "b4:de:31:c5:8c:bf", "vlan_name": "PDI2", "vlan_id": "132", "flag": "dhm            ", "port": "24"}, {"mac": "b4:de:31:c5:8c:bf", "vlan_name": "PDI_SOD_AR_ACI", "vlan_id": "2160", "flag": "dhm            ", "port": "24"}, {"mac": "b4:e1:0f:da:9d:38", "vlan_name": "PDI2", "vlan_id": "132", "flag": "dhm            ", "port": "24"}, {"mac": "b4:e1:0f:da:9e:a6", "vlan_name": "PDI2", "vlan_id": "132", "flag": "dhm            ", "port": "24"}, {"mac": "b4:e1:0f:da:9f:5d", "vlan_name": "PDI2", "vlan_id": "132", "flag": "dhm            ", "port": "24"}, {"mac": "b4:e1:0f:da:a2:39", "vlan_name": "PDI2", "vlan_id": "132", "flag": "dhm            ", "port": "24"}, {"mac": "b4:e1:0f:da:a4:5b", "vlan_name": "PDI2", "vlan_id": "132", "flag": "dhm            ", "port": "24"}, {"mac": "b4:e1:0f:da:a4:5e", "vlan_name": "PDI2", "vlan_id": "132", "flag": "dhm            ", "port": "24"}, {"mac": "b4:e1:0f:da:a5:c9", "vlan_name": "PDI2", "vlan_id": "132", "flag": "dhm            ", "port": "24"}, {"mac": "b4:e1:0f:da:a6:80", "vlan_name": "PDI2", "vlan_id": "132", "flag": "dhm            ", "port": "24"}, {"mac": "b4:e1:0f:da:a7:3a", "vlan_name": "PDI2", "vlan_id": "132", "flag": "dhm            ", "port": "24"}, {"mac": "b4:e1:0f:da:a7:f1", "vlan_name": "PDI2", "vlan_id": "132", "flag": "dhm            ", "port": "24"}, {"mac": "c4:34:6b:b2:3f:32", "vlan_name": "pdi", "vlan_id": "4094", "flag": "dhm            ", "port": "24"}, {"mac": "c4:34:6b:c7:5c:da", "vlan_name": "pdi", "vlan_id": "4094", "flag": "dhm            ", "port": "24"}, {"mac": "c4:34:6b:c7:7c:b2", "vlan_name": "pdi", "vlan_id": "4094", "flag": "dhm            ", "port": "24"}, {"mac": "c4:34:6b:c7:cb:ca", "vlan_name": "pdi", "vlan_id": "4094", "flag": "dhm            ", "port": "24"}, {"mac": "c4:34:6b:c8:f4:22", "vlan_name": "pdi", "vlan_id": "4094", "flag": "dhm            ", "port": "24"}, {"mac": "c4:34:6b:fe:9d:2b", "vlan_name": "pdi", "vlan_id": "4094", "flag": "dhm            ", "port": "24"}, {"mac": "c4:34:6b:fe:9d:2f", "vlan_name": "PDI2", "vlan_id": "132", "flag": "dhm            ", "port": "24"}, {"mac": "c4:34:6b:fe:9d:7b", "vlan_name": "pdi", "vlan_id": "4094", "flag": "dhm            ", "port": "24"}, {"mac": "c4:34:6b:fe:cb:93", "vlan_name": "pdi", "vlan_id": "4094", "flag": "dhm            ", "port": "24"}, {"mac": "c4:34:6b:fe:cb:97", "vlan_name": "PDI2", "vlan_id": "132", "flag": "dhm            ", "port": "24"}, {"mac": "d0:43:1e:f3:ca:78", "vlan_name": "PDI2", "vlan_id": "132", "flag": "dhm            ", "port": "24"}, {"mac": "d0:43:1e:f3:cb:2f", "vlan_name": "PDI2", "vlan_id": "132", "flag": "dhm            ", "port": "24"}, {"mac": "d0:43:1e:f3:cb:e8", "vlan_name": "PDI2", "vlan_id": "132", "flag": "dhm            ", "port": "24"}, {"mac": "d0:43:1e:f3:cc:9f", "vlan_name": "PDI2", "vlan_id": "132", "flag": "dhm            ", "port": "24"}, {"mac": "d0:43:1e:f3:cd:56", "vlan_name": "PDI2", "vlan_id": "132", "flag": "dhm            ", "port": "24"}, {"mac": "d0:43:1e:f3:ce:08", "vlan_name": "PDI2", "vlan_id": "132", "flag": "dhm            ", "port": "24"}, {"mac": "d0:43:1e:f3:ce:0b", "vlan_name": "PDI2", "vlan_id": "132", "flag": "dhm            ", "port": "24"}, {"mac": "d0:43:1e:f3:cf:79", "vlan_name": "PDI2", "vlan_id": "132", "flag": "dhm            ", "port": "24"}, {"mac": "d0:43:1e:f3:d2:55", "vlan_name": "PDI2", "vlan_id": "132", "flag": "dhm            ", "port": "24"}, {"mac": "d0:43:1e:f3:d3:0c", "vlan_name": "PDI2", "vlan_id": "132", "flag": "dhm            ", "port": "24"}, {"mac": "d0:43:1e:f3:d3:c3", "vlan_name": "PDI2", "vlan_id": "132", "flag": "dhm            ", "port": "24"}, {"mac": "d0:43:1e:f3:d5:2e", "vlan_name": "PDI2", "vlan_id": "132", "flag": "dhm            ", "port": "24"}, {"mac": "d0:43:1e:f3:d5:31", "vlan_name": "PDI2", "vlan_id": "132", "flag": "dhm            ", "port": "24"}, {"mac": "d0:43:1e:fd:08:26", "vlan_name": "PDI2", "vlan_id": "132", "flag": "dhm            ", "port": "24"}, {"mac": "d0:43:1e:fd:08:dd", "vlan_name": "PDI2", "vlan_id": "132", "flag": "dhm            ", "port": "24"}, {"mac": "d0:43:1e:fd:0a:4b", "vlan_name": "PDI2", "vlan_id": "132", "flag": "dhm            ", "port": "24"}, {"mac": "d0:43:1e:fd:0b:b9", "vlan_name": "PDI2", "vlan_id": "132", "flag": "dhm            ", "port": "24"}, {"mac": "d0:43:1e:fd:0c:70", "vlan_name": "PDI2", "vlan_id": "132", "flag": "dhm            ", "port": "24"}, {"mac": "d0:43:1e:fd:0e:95", "vlan_name": "PDI2", "vlan_id": "132", "flag": "dhm            ", "port": "24"}, {"mac": "d0:43:1e:fd:11:71", "vlan_name": "PDI2", "vlan_id": "132", "flag": "dhm            ", "port": "24"}, {"mac": "d0:94:66:13:0b:a1", "vlan_name": "PDI_SAT_AR", "vlan_id": "4080", "flag": "dhm            ", "port": "17"}, {"mac": "d0:94:66:1a:59:95", "vlan_name": "PDI_SAT_AR", "vlan_id": "4080", "flag": "dhm            ", "port": "16"}, {"mac": "d0:94:66:1c:c1:21", "vlan_name": "PDI2", "vlan_id": "132", "flag": "dhm            ", "port": "24"}, {"mac": "d8:9d:67:29:f4:6b", "vlan_name": "PDI2", "vlan_id": "132", "flag": "dhm            ", "port": "24"}, {"mac": "e4:1f:13:31:6d:8e", "vlan_name": "PDI2", "vlan_id": "132", "flag": "dhm            ", "port": "24"}, {"mac": "e4:1f:13:51:b2:89", "vlan_name": "PDI2", "vlan_id": "132", "flag": "dhm            ", "port": "24"}, {"mac": "e4:1f:13:60:c6:e6", "vlan_name": "pdi", "vlan_id": "4094", "flag": "dhm            ", "port": "24"}, {"mac": "e4:1f:13:b8:db:a2", "vlan_name": "PDI2", "vlan_id": "132", "flag": "dhm            ", "port": "24"}, {"mac": "e4:1f:13:bd:51:be", "vlan_name": "PDI2", "vlan_id": "132", "flag": "dhm            ", "port": "24"}, {"mac": "e4:1f:13:d6:23:aa", "vlan_name": "PDI2", "vlan_id": "132", "flag": "dhm            ", "port": "24"}, {"mac": "e4:1f:13:e5:11:c0", "vlan_name": "PDI2", "vlan_id": "132", "flag": "dhm            ", "port": "24"}, {"mac": "fc:15:b4:1d:2a:ca", "vlan_name": "pdi", "vlan_id": "4094", "flag": "dhm            ", "port": "24"}, {"mac": "fc:15:b4:1d:c7:aa", "vlan_name": "pdi", "vlan_id": "4094", "flag": "dhm            ", "port": "24"}]