[{"local_port": "3", "neighbor_port_id": "\"X5\"", "neighbor_system_name": "\"VCEFX3C431700AL"}, {"local_port": "4", "neighbor_port_id": "\"X5\"", "neighbor_system_name": "\"VCEFX3C431700BK"}, {"local_port": "5", "neighbor_port_id": "\"X5\"", "neighbor_system_name": "\"VCEFX3C43170060"}, {"local_port": "6", "neighbor_port_id": "\"X5\"", "neighbor_system_name": "\"VCEFX3C43170061"}, {"local_port": "9", "neighbor_port_id": "\"47\"", "neighbor_system_name": "\""}, {"local_port": "10", "neighbor_port_id": "\"47\"", "neighbor_system_name": "\""}, {"local_port": "13", "neighbor_port_id": "\"47\"", "neighbor_system_name": "\""}, {"local_port": "14", "neighbor_port_id": "\"47\"", "neighbor_system_name": "\""}, {"local_port": "15", "neighbor_port_id": "\"47\"", "neighbor_system_name": "\""}, {"local_port": "16", "neighbor_port_id": "\"47\"", "neighbor_system_name": "\""}, {"local_port": "28", "neighbor_port_id": "\"25\"", "neighbor_system_name": ""}]