[{"mac": "00:00:5e:00:01:62", "vlan_name": "ser_balanceados", "vlan_id": "98", "flag": "d m            ", "port": "28"}, {"mac": "00:04:96:28:1a:fe", "vlan_name": "ser_balanceados", "vlan_id": "98", "flag": "d m            ", "port": "28"}, {"mac": "00:04:96:37:1d:f6", "vlan_name": "ser_balanceados", "vlan_id": "98", "flag": "d m            ", "port": "28"}, {"mac": "00:04:96:51:ef:9a", "vlan_name": "Balanceo", "vlan_id": "4094", "flag": "d m            ", "port": "28"}, {"mac": "00:04:96:51:ef:9a", "vlan_name": "ser_balanceados", "vlan_id": "98", "flag": "d m            ", "port": "28"}, {"mac": "00:04:96:52:18:50", "vlan_name": "Balanceo", "vlan_id": "4094", "flag": "d m            ", "port": "28"}, {"mac": "00:04:96:52:18:50", "vlan_name": "ser_balanceados", "vlan_id": "98", "flag": "d m            ", "port": "28"}, {"mac": "00:04:96:52:23:5b", "vlan_name": "Balanceo", "vlan_id": "4094", "flag": "d m            ", "port": "28"}, {"mac": "00:04:96:52:23:5b", "vlan_name": "ser_balanceados", "vlan_id": "98", "flag": "d m            ", "port": "28"}, {"mac": "00:0a:f7:13:19:fc", "vlan_name": "Balanceo", "vlan_id": "4094", "flag": "d m            ", "port": "12"}, {"mac": "00:0a:f7:13:1a:4c", "vlan_name": "Balanceo", "vlan_id": "4094", "flag": "d m            ", "port": "11"}, {"mac": "00:14:5e:15:cd:b9", "vlan_name": "ser_balanceados", "vlan_id": "98", "flag": "d m            ", "port": "18"}, {"mac": "00:14:5e:15:cd:bb", "vlan_name": "Balanceo", "vlan_id": "4094", "flag": "d m            ", "port": "22"}, {"mac": "00:14:5e:15:cd:bd", "vlan_name": "ser_balanceados", "vlan_id": "98", "flag": "d m            ", "port": "18"}, {"mac": "00:14:5e:7e:4a:d6", "vlan_name": "Balanceo", "vlan_id": "4094", "flag": "d m            ", "port": "19"}, {"mac": "00:14:5e:7e:4a:d7", "vlan_name": "ser_balanceados", "vlan_id": "98", "flag": "d m            ", "port": "26"}, {"mac": "00:14:5e:de:74:bc", "vlan_name": "ser_balanceados", "vlan_id": "98", "flag": "d m            ", "port": "28"}, {"mac": "00:1a:64:2b:9a:db", "vlan_name": "ser_balanceados", "vlan_id": "98", "flag": "d m            ", "port": "28"}, {"mac": "00:1a:64:77:e8:60", "vlan_name": "ser_balanceados", "vlan_id": "98", "flag": "d m            ", "port": "20"}, {"mac": "00:1a:64:79:be:f8", "vlan_name": "ser_balanceados", "vlan_id": "98", "flag": "d m            ", "port": "20"}, {"mac": "00:1a:64:79:be:fa", "vlan_name": "Balanceo", "vlan_id": "4094", "flag": "d m            ", "port": "24"}, {"mac": "00:1a:64:9a:1c:f8", "vlan_name": "ser_balanceados", "vlan_id": "98", "flag": "d m            ", "port": "28"}, {"mac": "00:1a:64:9a:42:ea", "vlan_name": "ser_balanceados", "vlan_id": "98", "flag": "d m            ", "port": "28"}, {"mac": "00:1a:64:9a:48:4b", "vlan_name": "ser_balanceados", "vlan_id": "98", "flag": "d m            ", "port": "28"}, {"mac": "00:1a:64:9a:5e:71", "vlan_name": "ser_balanceados", "vlan_id": "98", "flag": "d m            ", "port": "17"}, {"mac": "00:1a:64:dc:13:fc", "vlan_name": "ser_balanceados", "vlan_id": "98", "flag": "d m            ", "port": "28"}, {"mac": "00:21:5e:78:56:e0", "vlan_name": "Balanceo", "vlan_id": "4094", "flag": "d m            ", "port": "25"}, {"mac": "00:23:e9:40:74:05", "vlan_name": "Balanceo", "vlan_id": "4094", "flag": "d m            ", "port": "28"}, {"mac": "00:23:e9:6e:53:04", "vlan_name": "ser_balanceados", "vlan_id": "98", "flag": "d m            ", "port": "28"}, {"mac": "00:23:e9:ca:c6:1f", "vlan_name": "ser_balanceados", "vlan_id": "98", "flag": "d m            ", "port": "28"}, {"mac": "00:25:03:38:be:00", "vlan_name": "Balanceo", "vlan_id": "4094", "flag": "d m            ", "port": "28"}, {"mac": "00:50:56:50:b3:da", "vlan_name": "Balanceo", "vlan_id": "4094", "flag": "d m            ", "port": "5"}, {"mac": "00:50:56:50:b3:de", "vlan_name": "Balanceo", "vlan_id": "4094", "flag": "d m            ", "port": "6"}, {"mac": "00:50:56:50:dd:12", "vlan_name": "Balanceo", "vlan_id": "4094", "flag": "d m            ", "port": "3"}, {"mac": "00:50:56:50:dd:16", "vlan_name": "Balanceo", "vlan_id": "4094", "flag": "d m            ", "port": "4"}, {"mac": "00:50:56:51:bd:ea", "vlan_name": "Balanceo", "vlan_id": "4094", "flag": "d m            ", "port": "3"}, {"mac": "00:50:56:51:bd:ee", "vlan_name": "Balanceo", "vlan_id": "4094", "flag": "d m            ", "port": "4"}, {"mac": "00:50:56:51:bd:f2", "vlan_name": "Balanceo", "vlan_id": "4094", "flag": "d m            ", "port": "5"}, {"mac": "00:50:56:51:bd:f6", "vlan_name": "Balanceo", "vlan_id": "4094", "flag": "d m            ", "port": "6"}, {"mac": "00:50:56:51:cd:02", "vlan_name": "Balanceo", "vlan_id": "4094", "flag": "d m            ", "port": "3"}, {"mac": "00:50:56:51:cd:06", "vlan_name": "Balanceo", "vlan_id": "4094", "flag": "d m            ", "port": "4"}, {"mac": "00:50:56:5e:bb:ba", "vlan_name": "Balanceo", "vlan_id": "4094", "flag": "d m            ", "port": "3"}, {"mac": "00:50:56:5e:bb:be", "vlan_name": "Balanceo", "vlan_id": "4094", "flag": "d m            ", "port": "4"}, {"mac": "00:50:56:5e:ee:fa", "vlan_name": "Balanceo", "vlan_id": "4094", "flag": "d m            ", "port": "3"}, {"mac": "00:50:56:5e:ee:fe", "vlan_name": "Balanceo", "vlan_id": "4094", "flag": "d m            ", "port": "4"}, {"mac": "00:50:56:5e:f0:62", "vlan_name": "Balanceo", "vlan_id": "4094", "flag": "d m            ", "port": "5"}, {"mac": "00:50:56:5e:f0:66", "vlan_name": "Balanceo", "vlan_id": "4094", "flag": "d m            ", "port": "6"}, {"mac": "00:50:56:5e:f1:f2", "vlan_name": "Balanceo", "vlan_id": "4094", "flag": "d m            ", "port": "5"}, {"mac": "00:50:56:5e:f1:f6", "vlan_name": "Balanceo", "vlan_id": "4094", "flag": "d m            ", "port": "6"}, {"mac": "00:50:56:5f:71:ba", "vlan_name": "Balanceo", "vlan_id": "4094", "flag": "d m            ", "port": "5"}, {"mac": "00:50:56:5f:71:be", "vlan_name": "Balanceo", "vlan_id": "4094", "flag": "d m            ", "port": "6"}, {"mac": "00:50:56:90:20:86", "vlan_name": "Balanceo", "vlan_id": "4094", "flag": "d m            ", "port": "28"}, {"mac": "00:50:56:90:40:df", "vlan_name": "Balanceo", "vlan_id": "4094", "flag": "d m            ", "port": "28"}, {"mac": "00:50:56:90:41:c9", "vlan_name": "Balanceo", "vlan_id": "4094", "flag": "d m            ", "port": "28"}, {"mac": "00:50:56:90:41:ca", "vlan_name": "Balanceo", "vlan_id": "4094", "flag": "d m            ", "port": "28"}, {"mac": "00:50:56:90:41:d4", "vlan_name": "Balanceo", "vlan_id": "4094", "flag": "d m            ", "port": "28"}, {"mac": "00:50:56:90:41:d6", "vlan_name": "Balanceo", "vlan_id": "4094", "flag": "d m            ", "port": "28"}, {"mac": "00:50:56:90:55:8d", "vlan_name": "Balanceo", "vlan_id": "4094", "flag": "d m            ", "port": "28"}, {"mac": "00:50:56:9c:05:bb", "vlan_name": "Balanceo", "vlan_id": "4094", "flag": "d m            ", "port": "6"}, {"mac": "00:50:56:9c:06:df", "vlan_name": "Balanceo", "vlan_id": "4094", "flag": "d m            ", "port": "4"}, {"mac": "00:50:56:9c:0e:8e", "vlan_name": "Balanceo", "vlan_id": "4094", "flag": "d m            ", "port": "4"}, {"mac": "00:50:56:9c:14:73", "vlan_name": "Balanceo", "vlan_id": "4094", "flag": "d m            ", "port": "6"}, {"mac": "00:50:56:9c:19:22", "vlan_name": "Balanceo", "vlan_id": "4094", "flag": "d m            ", "port": "3"}, {"mac": "00:50:56:9c:22:0f", "vlan_name": "Balanceo", "vlan_id": "4094", "flag": "d m            ", "port": "3"}, {"mac": "00:50:56:9c:26:2a", "vlan_name": "Balanceo", "vlan_id": "4094", "flag": "d m            ", "port": "6"}, {"mac": "00:50:56:9c:2a:c2", "vlan_name": "Balanceo", "vlan_id": "4094", "flag": "d m            ", "port": "4"}, {"mac": "00:50:56:9c:31:48", "vlan_name": "Balanceo", "vlan_id": "4094", "flag": "d m            ", "port": "3"}, {"mac": "00:50:56:9c:31:8f", "vlan_name": "Balanceo", "vlan_id": "4094", "flag": "d m            ", "port": "6"}, {"mac": "00:50:56:9c:32:64", "vlan_name": "Balanceo", "vlan_id": "4094", "flag": "d m            ", "port": "3"}, {"mac": "00:50:56:9c:33:d4", "vlan_name": "Balanceo", "vlan_id": "4094", "flag": "d m            ", "port": "5"}, {"mac": "00:50:56:9c:39:ec", "vlan_name": "Balanceo", "vlan_id": "4094", "flag": "d m            ", "port": "3"}, {"mac": "00:50:56:9c:43:dc", "vlan_name": "Balanceo", "vlan_id": "4094", "flag": "d m            ", "port": "5"}, {"mac": "00:50:56:9c:51:f9", "vlan_name": "Balanceo", "vlan_id": "4094", "flag": "d m            ", "port": "4"}, {"mac": "00:50:56:9c:5a:d0", "vlan_name": "Balanceo", "vlan_id": "4094", "flag": "d m            ", "port": "3"}, {"mac": "00:50:56:9c:5b:3c", "vlan_name": "Balanceo", "vlan_id": "4094", "flag": "d m            ", "port": "6"}, {"mac": "00:50:56:9c:62:3f", "vlan_name": "Balanceo", "vlan_id": "4094", "flag": "d m            ", "port": "6"}, {"mac": "00:50:56:9c:67:4d", "vlan_name": "Balanceo", "vlan_id": "4094", "flag": "d m            ", "port": "6"}, {"mac": "00:50:56:9c:68:58", "vlan_name": "Balanceo", "vlan_id": "4094", "flag": "d m            ", "port": "6"}, {"mac": "00:50:56:9c:74:81", "vlan_name": "Balanceo", "vlan_id": "4094", "flag": "d m            ", "port": "3"}, {"mac": "00:50:56:9c:76:d8", "vlan_name": "Balanceo", "vlan_id": "4094", "flag": "d m            ", "port": "3"}, {"mac": "00:50:56:9c:77:d7", "vlan_name": "Balanceo", "vlan_id": "4094", "flag": "d m            ", "port": "4"}, {"mac": "00:50:56:9c:77:fb", "vlan_name": "Balanceo", "vlan_id": "4094", "flag": "d m            ", "port": "3"}, {"mac": "00:50:56:9c:79:08", "vlan_name": "Balanceo", "vlan_id": "4094", "flag": "d m            ", "port": "3"}, {"mac": "00:50:56:9c:79:b3", "vlan_name": "Balanceo", "vlan_id": "4094", "flag": "d m            ", "port": "5"}, {"mac": "00:50:56:9c:7b:47", "vlan_name": "Balanceo", "vlan_id": "4094", "flag": "d m            ", "port": "5"}, {"mac": "00:50:56:9c:7d:20", "vlan_name": "Balanceo", "vlan_id": "4094", "flag": "d m            ", "port": "6"}, {"mac": "00:50:56:9c:7f:33", "vlan_name": "Balanceo", "vlan_id": "4094", "flag": "d m            ", "port": "5"}, {"mac": "00:50:56:b3:0c:a6", "vlan_name": "Balanceo", "vlan_id": "4094", "flag": "d m            ", "port": "28"}, {"mac": "00:50:56:b3:35:c8", "vlan_name": "Balanceo", "vlan_id": "4094", "flag": "d m            ", "port": "28"}, {"mac": "00:62:ec:b3:e8:f2", "vlan_name": "ser_balanceados", "vlan_id": "98", "flag": "d m            ", "port": "28"}, {"mac": "02:01:30:10:3a:12", "vlan_name": "ser_balanceados", "vlan_id": "98", "flag": "d m            ", "port": "28"}, {"mac": "40:f2:e9:20:ab:e3", "vlan_name": "Balanceo", "vlan_id": "4094", "flag": "d m            ", "port": "2"}, {"mac": "40:f2:e9:c3:f9:f9", "vlan_name": "Balanceo", "vlan_id": "4094", "flag": "d m            ", "port": "15"}, {"mac": "40:f2:e9:c3:f9:fd", "vlan_name": "Balanceo", "vlan_id": "4094", "flag": "d m            ", "port": "16"}, {"mac": "5c:f3:fc:21:d7:be", "vlan_name": "Balanceo", "vlan_id": "4094", "flag": "d m            ", "port": "28"}, {"mac": "5c:f3:fc:b9:26:b6", "vlan_name": "Balanceo", "vlan_id": "4094", "flag": "d m            ", "port": "28"}, {"mac": "6c:ae:8b:28:11:eb", "vlan_name": "Balanceo", "vlan_id": "4094", "flag": "d m            ", "port": "1"}, {"mac": "6c:ae:8b:31:ab:51", "vlan_name": "Balanceo", "vlan_id": "4094", "flag": "d m            ", "port": "13"}, {"mac": "b4:de:31:ad:28:75", "vlan_name": "Balanceo", "vlan_id": "4094", "flag": "d m            ", "port": "28"}, {"mac": "b4:de:31:c5:8b:a9", "vlan_name": "ser_balanceados", "vlan_id": "98", "flag": "d m            ", "port": "28"}, {"mac": "b4:de:31:c5:8c:bf", "vlan_name": "Balanceo", "vlan_id": "4094", "flag": "d m            ", "port": "28"}, {"mac": "c4:34:6b:fe:9d:2e", "vlan_name": "Balanceo", "vlan_id": "4094", "flag": "d m            ", "port": "4"}, {"mac": "c4:34:6b:fe:9d:7e", "vlan_name": "Balanceo", "vlan_id": "4094", "flag": "d m            ", "port": "6"}, {"mac": "c4:34:6b:fe:cb:96", "vlan_name": "Balanceo", "vlan_id": "4094", "flag": "d m            ", "port": "4"}, {"mac": "cc:16:7e:fa:31:94", "vlan_name": "ser_balanceados", "vlan_id": "98", "flag": "d m            ", "port": "28"}, {"mac": "dc:c6:52:00:20:00", "vlan_name": "ser_balanceados", "vlan_id": "98", "flag": "d m            ", "port": "28"}]