[{"local_port": "5", "neighbor_port_id": "\"46\"", "neighbor_system_name": "\""}, {"local_port": "6", "neighbor_port_id": "\"46\"", "neighbor_system_name": "\""}, {"local_port": "13", "neighbor_port_id": "\"46\"", "neighbor_system_name": "\""}, {"local_port": "14", "neighbor_port_id": "\"46\"", "neighbor_system_name": "\""}, {"local_port": "17", "neighbor_port_id": "\"X5\"", "neighbor_system_name": "\"VCEFX7C94100024"}, {"local_port": "18", "neighbor_port_id": "\"X5\"", "neighbor_system_name": "\"VCEFX7C94100022"}, {"local_port": "21", "neighbor_port_id": "\"46\"", "neighbor_system_name": "\""}, {"local_port": "22", "neighbor_port_id": "\"46\"", "neighbor_system_name": "\""}, {"local_port": "29", "neighbor_port_id": "\"2:30\"", "neighbor_system_name": ""}]