[{"port": "Port", "neighbor": "Neighbor", "neighbor_id": "Neighbor-ID", "remote_port": "Remote", "num_vlans": "Num"}, {"port": "20", "neighbor": "LV_RL13C_RESP_02", "neighbor_id": "00:00:00:04:96:52:18:9a", "remote_port": "1:20", "num_vlans": "2"}, {"port": "23", "neighbor": "LV_RG03_PDI03", "neighbor_id": "00:00:00:04:96:97:87:13", "remote_port": "1:24", "num_vlans": "1"}, {"port": "24", "neighbor": "LV_RG03_PDI_04", "neighbor_id": "00:00:00:04:96:8b:f1:4e", "remote_port": "1:24", "num_vlans": "5"}, {"port": "26", "neighbor": "LV_RO04_PDI_06", "neighbor_id": "00:00:00:04:96:83:88:0f", "remote_port": "1:28", "num_vlans": "2"}, {"port": "29", "neighbor": "LV_RG31C_PDI_01", "neighbor_id": "00:00:02:04:96:7e:30:be", "remote_port": "2:30", "num_vlans": "5"}]