[{"mac": "00:00:c9:f4:95:c6", "vlan_name": "pdi", "vlan_id": "141", "flag": "d m           ", "port": "29"}, {"mac": "00:04:96:36:64:8c", "vlan_name": "pdi", "vlan_id": "141", "flag": "d m           ", "port": "29"}, {"mac": "00:04:96:36:64:8c", "vlan_name": "PDI2", "vlan_id": "132", "flag": "d m           ", "port": "29"}, {"mac": "00:04:96:52:18:9a", "vlan_name": "pdi", "vlan_id": "141", "flag": "d m           ", "port": "20"}, {"mac": "00:04:96:82:5a:4f", "vlan_name": "pdi", "vlan_id": "141", "flag": "d m           ", "port": "29"}, {"mac": "00:04:96:82:5a:4f", "vlan_name": "PDI2", "vlan_id": "132", "flag": "d m           ", "port": "29"}, {"mac": "00:04:96:82:5a:75", "vlan_name": "pdi", "vlan_id": "141", "flag": "d m           ", "port": "29"}, {"mac": "00:04:96:82:5a:75", "vlan_name": "PDI2", "vlan_id": "132", "flag": "d m           ", "port": "29"}, {"mac": "00:04:96:83:88:0f", "vlan_name": "pdi", "vlan_id": "141", "flag": "d m           ", "port": "26"}, {"mac": "00:04:96:8b:f1:4e", "vlan_name": "pdi", "vlan_id": "141", "flag": "d m           ", "port": "24"}, {"mac": "00:04:96:97:87:13", "vlan_name": "pdi", "vlan_id": "141", "flag": "d m           ", "port": "23"}, {"mac": "00:04:96:98:5b:f3", "vlan_name": "pdi", "vlan_id": "141", "flag": "d m           ", "port": "29"}, {"mac": "00:04:96:99:1c:46", "vlan_name": "PDI2", "vlan_id": "132", "flag": "d m           ", "port": "29"}, {"mac": "00:04:96:99:64:a0", "vlan_name": "pdi", "vlan_id": "141", "flag": "d m           ", "port": "24"}, {"mac": "00:04:96:99:64:a0", "vlan_name": "PDI2", "vlan_id": "132", "flag": "d m           ", "port": "24"}, {"mac": "00:04:96:9b:42:ae", "vlan_name": "PDI2", "vlan_id": "132", "flag": "d m           ", "port": "29"}, {"mac": "00:0a:f7:9b:c7:b7", "vlan_name": "pdi", "vlan_id": "141", "flag": "d m           ", "port": "26"}, {"mac": "00:0a:f7:9b:c7:bb", "vlan_name": "pdi", "vlan_id": "141", "flag": "d m           ", "port": "26"}, {"mac": "00:10:e0:8a:2a:ce", "vlan_name": "PDI_SAT_AR", "vlan_id": "4080", "flag": "d m           ", "port": "29"}, {"mac": "00:10:e0:8a:2a:d1", "vlan_name": "PDI_SAT_AR", "vlan_id": "4080", "flag": "d m           ", "port": "29"}, {"mac": "00:10:e0:8a:2d:80", "vlan_name": "PDI_SAT_AR", "vlan_id": "4080", "flag": "d m           ", "port": "29"}, {"mac": "00:10:e0:8a:2d:83", "vlan_name": "PDI_SAT_AR", "vlan_id": "4080", "flag": "d m           ", "port": "29"}, {"mac": "00:14:4f:f8:15:52", "vlan_name": "PDI2", "vlan_id": "132", "flag": "d m           ", "port": "29"}, {"mac": "00:14:4f:f8:68:2d", "vlan_name": "PDI2", "vlan_id": "132", "flag": "d m           ", "port": "29"}, {"mac": "00:14:4f:f8:89:a7", "vlan_name": "PDI_SAT_AR", "vlan_id": "4080", "flag": "d m           ", "port": "29"}, {"mac": "00:14:4f:f8:d5:d7", "vlan_name": "PDI_SAT_AR", "vlan_id": "4080", "flag": "d m           ", "port": "29"}, {"mac": "00:14:4f:f9:05:99", "vlan_name": "PDI2", "vlan_id": "132", "flag": "d m           ", "port": "29"}, {"mac": "00:14:4f:f9:6e:84", "vlan_name": "PDI2", "vlan_id": "132", "flag": "d m           ", "port": "29"}, {"mac": "00:14:4f:f9:88:16", "vlan_name": "PDI_SAT_AR", "vlan_id": "4080", "flag": "d m           ", "port": "29"}, {"mac": "00:14:4f:f9:cd:97", "vlan_name": "PDI_SAT_AR", "vlan_id": "4080", "flag": "d m           ", "port": "29"}, {"mac": "00:14:4f:fa:3e:e3", "vlan_name": "PDI_SAT_AR", "vlan_id": "4080", "flag": "d m           ", "port": "29"}, {"mac": "00:14:4f:fa:46:69", "vlan_name": "PDI2", "vlan_id": "132", "flag": "d m           ", "port": "29"}, {"mac": "00:14:4f:fa:4e:66", "vlan_name": "PDI2", "vlan_id": "132", "flag": "d m           ", "port": "29"}, {"mac": "00:14:4f:fa:e2:75", "vlan_name": "PDI2", "vlan_id": "132", "flag": "d m           ", "port": "29"}, {"mac": "00:14:4f:fb:10:a5", "vlan_name": "PDI_SAT_AR", "vlan_id": "4080", "flag": "d m           ", "port": "29"}, {"mac": "00:14:4f:fb:b9:7f", "vlan_name": "PDI_SAT_AR", "vlan_id": "4080", "flag": "d m           ", "port": "29"}, {"mac": "00:14:4f:fb:fa:ce", "vlan_name": "PDI_SAT_AR", "vlan_id": "4080", "flag": "d m           ", "port": "29"}, {"mac": "00:14:5e:c7:cb:04", "vlan_name": "PDI2", "vlan_id": "132", "flag": "d m           ", "port": "26"}, {"mac": "00:14:5e:e8:95:7e", "vlan_name": "PDI2", "vlan_id": "132", "flag": "d m           ", "port": "26"}, {"mac": "00:15:17:76:d9:f4", "vlan_name": "pdi", "vlan_id": "141", "flag": "d m           ", "port": "29"}, {"mac": "00:15:5d:06:6f:16", "vlan_name": "pdi", "vlan_id": "141", "flag": "d m           ", "port": "29"}, {"mac": "00:15:5d:06:6f:68", "vlan_name": "pdi", "vlan_id": "141", "flag": "d m           ", "port": "29"}, {"mac": "00:15:5d:06:6f:99", "vlan_name": "pdi", "vlan_id": "141", "flag": "d m           ", "port": "29"}, {"mac": "00:15:5d:06:6f:a1", "vlan_name": "PDI2", "vlan_id": "132", "flag": "d m           ", "port": "29"}, {"mac": "00:15:5d:06:6f:af", "vlan_name": "pdi", "vlan_id": "141", "flag": "d m           ", "port": "29"}, {"mac": "00:15:5d:06:70:d2", "vlan_name": "pdi", "vlan_id": "141", "flag": "d m           ", "port": "29"}, {"mac": "00:15:5d:06:70:eb", "vlan_name": "pdi", "vlan_id": "141", "flag": "d m           ", "port": "29"}, {"mac": "00:15:5d:06:7f:78", "vlan_name": "PDI2", "vlan_id": "132", "flag": "d m           ", "port": "29"}, {"mac": "00:15:5d:06:7f:94", "vlan_name": "PDI2", "vlan_id": "132", "flag": "d m           ", "port": "29"}, {"mac": "00:15:5d:06:7f:a0", "vlan_name": "pdi", "vlan_id": "141", "flag": "d m           ", "port": "29"}, {"mac": "00:15:5d:06:7f:aa", "vlan_name": "pdi", "vlan_id": "141", "flag": "d m           ", "port": "29"}, {"mac": "00:15:5d:06:7f:b3", "vlan_name": "PDI2", "vlan_id": "132", "flag": "d m           ", "port": "29"}, {"mac": "00:1a:64:1e:7c:fa", "vlan_name": "pdi", "vlan_id": "141", "flag": "d m           ", "port": "23"}, {"mac": "00:1a:64:65:e7:c6", "vlan_name": "pdi", "vlan_id": "141", "flag": "d m           ", "port": "23"}, {"mac": "00:21:5e:34:cd:c8", "vlan_name": "PDI2", "vlan_id": "132", "flag": "d m           ", "port": "24"}, {"mac": "00:21:5e:34:d1:a0", "vlan_name": "PDI2", "vlan_id": "132", "flag": "d m           ", "port": "24"}, {"mac": "00:21:5e:ad:20:60", "vlan_name": "pdi", "vlan_id": "141", "flag": "d m           ", "port": "23"}, {"mac": "00:21:5e:ad:25:c0", "vlan_name": "pdi", "vlan_id": "141", "flag": "d m           ", "port": "3"}, {"mac": "00:21:5e:ae:c3:80", "vlan_name": "pdi", "vlan_id": "141", "flag": "d m           ", "port": "1"}, {"mac": "00:21:5e:db:b2:be", "vlan_name": "pdi", "vlan_id": "141", "flag": "d m           ", "port": "23"}, {"mac": "00:22:bd:f8:19:ff", "vlan_name": "PDI_SOD_AR_ACI", "vlan_id": "2160", "flag": "d m           ", "port": "29"}, {"mac": "00:25:03:3c:16:00", "vlan_name": "PDI2", "vlan_id": "132", "flag": "d m           ", "port": "29"}, {"mac": "00:50:56:90:1b:7c", "vlan_name": "PDI2", "vlan_id": "132", "flag": "d m           ", "port": "29"}, {"mac": "00:50:56:90:1b:8a", "vlan_name": "PDI2", "vlan_id": "132", "flag": "d m           ", "port": "29"}, {"mac": "00:50:56:90:1b:96", "vlan_name": "PDI2", "vlan_id": "132", "flag": "d m           ", "port": "10"}, {"mac": "00:50:56:90:1b:97", "vlan_name": "pdi", "vlan_id": "141", "flag": "d m           ", "port": "10"}, {"mac": "00:50:56:90:1b:98", "vlan_name": "pdi", "vlan_id": "141", "flag": "d m           ", "port": "20"}, {"mac": "00:50:56:90:40:f4", "vlan_name": "pdi", "vlan_id": "141", "flag": "d m           ", "port": "10"}, {"mac": "00:50:56:90:40:f5", "vlan_name": "pdi", "vlan_id": "141", "flag": "d m           ", "port": "20"}, {"mac": "00:50:56:90:40:f6", "vlan_name": "pdi", "vlan_id": "141", "flag": "d m           ", "port": "10"}, {"mac": "00:50:56:90:40:f7", "vlan_name": "pdi", "vlan_id": "141", "flag": "d m           ", "port": "9"}, {"mac": "00:50:56:90:40:f8", "vlan_name": "pdi", "vlan_id": "141", "flag": "d m           ", "port": "20"}, {"mac": "00:50:56:90:40:f9", "vlan_name": "pdi", "vlan_id": "141", "flag": "d m           ", "port": "9"}, {"mac": "00:50:56:90:40:fb", "vlan_name": "pdi", "vlan_id": "141", "flag": "d m           ", "port": "20"}, {"mac": "00:50:56:90:40:fc", "vlan_name": "pdi", "vlan_id": "141", "flag": "d m           ", "port": "9"}, {"mac": "00:50:56:90:40:fd", "vlan_name": "pdi", "vlan_id": "141", "flag": "d m           ", "port": "9"}, {"mac": "00:50:56:90:40:fe", "vlan_name": "pdi", "vlan_id": "141", "flag": "d m           ", "port": "29"}, {"mac": "00:50:56:90:40:ff", "vlan_name": "pdi", "vlan_id": "141", "flag": "d m           ", "port": "29"}, {"mac": "00:50:56:90:41:49", "vlan_name": "pdi", "vlan_id": "141", "flag": "d m           ", "port": "29"}, {"mac": "00:50:56:90:41:51", "vlan_name": "pdi", "vlan_id": "141", "flag": "d m           ", "port": "29"}, {"mac": "00:50:56:90:41:5b", "vlan_name": "pdi", "vlan_id": "141", "flag": "d m           ", "port": "29"}, {"mac": "00:50:56:90:41:5e", "vlan_name": "pdi", "vlan_id": "141", "flag": "d m           ", "port": "29"}, {"mac": "00:50:56:90:41:5f", "vlan_name": "pdi", "vlan_id": "141", "flag": "d m           ", "port": "29"}, {"mac": "00:50:56:90:41:67", "vlan_name": "pdi", "vlan_id": "141", "flag": "d m           ", "port": "29"}, {"mac": "00:50:56:90:41:6a", "vlan_name": "pdi", "vlan_id": "141", "flag": "d m           ", "port": "29"}, {"mac": "00:50:56:90:41:73", "vlan_name": "pdi", "vlan_id": "141", "flag": "d m           ", "port": "29"}, {"mac": "00:50:56:90:41:79", "vlan_name": "pdi", "vlan_id": "141", "flag": "d m           ", "port": "29"}, {"mac": "00:50:56:90:41:80", "vlan_name": "pdi", "vlan_id": "141", "flag": "d m           ", "port": "29"}, {"mac": "00:50:56:90:41:b6", "vlan_name": "pdi", "vlan_id": "141", "flag": "d m           ", "port": "29"}, {"mac": "00:50:56:90:41:c0", "vlan_name": "pdi", "vlan_id": "141", "flag": "d m           ", "port": "29"}, {"mac": "00:50:56:90:55:af", "vlan_name": "pdi", "vlan_id": "141", "flag": "d m           ", "port": "29"}, {"mac": "00:50:56:90:61:0a", "vlan_name": "pdi", "vlan_id": "141", "flag": "d m           ", "port": "20"}, {"mac": "00:50:56:9c:08:1a", "vlan_name": "pdi", "vlan_id": "141", "flag": "d m           ", "port": "29"}, {"mac": "00:50:56:9c:0a:ff", "vlan_name": "pdi", "vlan_id": "141", "flag": "d m           ", "port": "29"}, {"mac": "00:50:56:9c:0f:14", "vlan_name": "pdi", "vlan_id": "141", "flag": "d m           ", "port": "29"}, {"mac": "00:50:56:9c:13:3f", "vlan_name": "pdi", "vlan_id": "141", "flag": "d m           ", "port": "29"}, {"mac": "00:50:56:9c:15:55", "vlan_name": "PDI2", "vlan_id": "132", "flag": "d m           ", "port": "29"}, {"mac": "00:50:56:9c:16:12", "vlan_name": "PDI2", "vlan_id": "132", "flag": "d m           ", "port": "29"}, {"mac": "00:50:56:9c:19:47", "vlan_name": "PDI2", "vlan_id": "132", "flag": "d m           ", "port": "29"}, {"mac": "00:50:56:9c:1b:a8", "vlan_name": "pdi", "vlan_id": "141", "flag": "d m           ", "port": "29"}, {"mac": "00:50:56:9c:1b:e7", "vlan_name": "pdi", "vlan_id": "141", "flag": "d m           ", "port": "29"}, {"mac": "00:50:56:9c:1c:f6", "vlan_name": "PDI2", "vlan_id": "132", "flag": "d m           ", "port": "29"}, {"mac": "00:50:56:9c:1e:b7", "vlan_name": "PDI2", "vlan_id": "132", "flag": "d m           ", "port": "29"}, {"mac": "00:50:56:9c:1e:d8", "vlan_name": "pdi", "vlan_id": "141", "flag": "d m           ", "port": "29"}, {"mac": "00:50:56:9c:29:ca", "vlan_name": "PDI2", "vlan_id": "132", "flag": "d m           ", "port": "29"}, {"mac": "00:50:56:9c:31:7a", "vlan_name": "PDI2", "vlan_id": "132", "flag": "d m           ", "port": "29"}, {"mac": "00:50:56:9c:31:d9", "vlan_name": "pdi", "vlan_id": "141", "flag": "d m           ", "port": "29"}, {"mac": "00:50:56:9c:34:aa", "vlan_name": "pdi", "vlan_id": "141", "flag": "d m           ", "port": "29"}, {"mac": "00:50:56:9c:35:0c", "vlan_name": "pdi", "vlan_id": "141", "flag": "d m           ", "port": "29"}, {"mac": "00:50:56:9c:38:63", "vlan_name": "PDI2", "vlan_id": "132", "flag": "d m           ", "port": "29"}, {"mac": "00:50:56:9c:39:4b", "vlan_name": "PDI2", "vlan_id": "132", "flag": "d m           ", "port": "29"}, {"mac": "00:50:56:9c:39:56", "vlan_name": "pdi", "vlan_id": "141", "flag": "d m           ", "port": "29"}, {"mac": "00:50:56:9c:3c:94", "vlan_name": "PDI2", "vlan_id": "132", "flag": "d m           ", "port": "26"}, {"mac": "00:50:56:9c:3d:3a", "vlan_name": "PDI2", "vlan_id": "132", "flag": "d m           ", "port": "29"}, {"mac": "00:50:56:9c:43:0f", "vlan_name": "PDI2", "vlan_id": "132", "flag": "d m           ", "port": "29"}, {"mac": "00:50:56:9c:4d:bb", "vlan_name": "pdi", "vlan_id": "141", "flag": "d m           ", "port": "29"}, {"mac": "00:50:56:9c:51:b0", "vlan_name": "PDI2", "vlan_id": "132", "flag": "d m           ", "port": "29"}, {"mac": "00:50:56:9c:53:5e", "vlan_name": "PDI2", "vlan_id": "132", "flag": "d m           ", "port": "26"}, {"mac": "00:50:56:9c:59:4a", "vlan_name": "PDI2", "vlan_id": "132", "flag": "d m           ", "port": "29"}, {"mac": "00:50:56:9c:59:bd", "vlan_name": "pdi", "vlan_id": "141", "flag": "d m           ", "port": "29"}, {"mac": "00:50:56:9c:5c:3d", "vlan_name": "PDI2", "vlan_id": "132", "flag": "d m           ", "port": "29"}, {"mac": "00:50:56:9c:5d:7a", "vlan_name": "PDI2", "vlan_id": "132", "flag": "d m           ", "port": "29"}, {"mac": "00:50:56:9c:63:09", "vlan_name": "PDI2", "vlan_id": "132", "flag": "d m           ", "port": "29"}, {"mac": "00:50:56:9c:66:dc", "vlan_name": "pdi", "vlan_id": "141", "flag": "d m           ", "port": "29"}, {"mac": "00:50:56:9c:67:a0", "vlan_name": "PDI2", "vlan_id": "132", "flag": "d m           ", "port": "29"}, {"mac": "00:50:56:9c:6e:e9", "vlan_name": "PDI2", "vlan_id": "132", "flag": "d m           ", "port": "26"}, {"mac": "00:50:56:9c:71:87", "vlan_name": "PDI2", "vlan_id": "132", "flag": "d m           ", "port": "29"}, {"mac": "00:50:56:9c:75:1c", "vlan_name": "PDI2", "vlan_id": "132", "flag": "d m           ", "port": "29"}, {"mac": "00:50:56:9c:75:43", "vlan_name": "PDI2", "vlan_id": "132", "flag": "d m           ", "port": "26"}, {"mac": "00:50:56:9c:7b:77", "vlan_name": "PDI2", "vlan_id": "132", "flag": "d m           ", "port": "29"}, {"mac": "00:90:fa:1c:99:c6", "vlan_name": "pdi", "vlan_id": "141", "flag": "d m           ", "port": "29"}, {"mac": "00:90:fa:7f:eb:68", "vlan_name": "pdi", "vlan_id": "141", "flag": "d m           ", "port": "26"}, {"mac": "00:90:fa:7f:f2:c8", "vlan_name": "pdi", "vlan_id": "141", "flag": "d m           ", "port": "26"}, {"mac": "00:e0:ec:2a:66:2b", "vlan_name": "pdi", "vlan_id": "141", "flag": "d m           ", "port": "29"}, {"mac": "02:04:96:7e:30:be", "vlan_name": "pdi", "vlan_id": "141", "flag": "d m           ", "port": "29"}, {"mac": "02:04:96:7e:30:be", "vlan_name": "PDI2", "vlan_id": "132", "flag": "d m           ", "port": "29"}, {"mac": "02:04:96:7e:30:be", "vlan_name": "PDI3", "vlan_id": "142", "flag": "d m           ", "port": "29"}, {"mac": "02:04:96:7e:30:be", "vlan_name": "PDI_SAT_AR", "vlan_id": "4080", "flag": "d m           ", "port": "29"}, {"mac": "10:7d:1a:e3:4c:95", "vlan_name": "PDI2", "vlan_id": "132", "flag": "d m           ", "port": "20"}, {"mac": "10:7d:1a:e3:4d:4c", "vlan_name": "PDI2", "vlan_id": "132", "flag": "d m           ", "port": "20"}, {"mac": "10:7d:1a:e3:4d:4f", "vlan_name": "PDI2", "vlan_id": "132", "flag": "d m           ", "port": "20"}, {"mac": "10:7d:1a:e3:4e:06", "vlan_name": "PDI2", "vlan_id": "132", "flag": "d m           ", "port": "20"}, {"mac": "10:7d:1a:e3:4e:bd", "vlan_name": "PDI2", "vlan_id": "132", "flag": "d m           ", "port": "20"}, {"mac": "10:7d:1a:e3:4f:74", "vlan_name": "PDI2", "vlan_id": "132", "flag": "d m           ", "port": "20"}, {"mac": "10:7d:1a:e3:50:e2", "vlan_name": "PDI2", "vlan_id": "132", "flag": "d m           ", "port": "20"}, {"mac": "10:7d:1a:e3:51:99", "vlan_name": "PDI2", "vlan_id": "132", "flag": "d m           ", "port": "20"}, {"mac": "10:7d:1a:e3:53:07", "vlan_name": "PDI2", "vlan_id": "132", "flag": "d m           ", "port": "20"}, {"mac": "10:7d:1a:e3:53:be", "vlan_name": "PDI2", "vlan_id": "132", "flag": "d m           ", "port": "20"}, {"mac": "10:7d:1a:e3:54:75", "vlan_name": "PDI2", "vlan_id": "132", "flag": "d m           ", "port": "20"}, {"mac": "10:7d:1a:e3:55:e3", "vlan_name": "PDI2", "vlan_id": "132", "flag": "d m           ", "port": "20"}, {"mac": "14:18:77:46:6c:2c", "vlan_name": "PDI2", "vlan_id": "132", "flag": "d m           ", "port": "29"}, {"mac": "14:18:77:46:6c:2d", "vlan_name": "PDI2", "vlan_id": "132", "flag": "d m           ", "port": "29"}, {"mac": "14:18:77:46:f0:e2", "vlan_name": "PDI2", "vlan_id": "132", "flag": "d m           ", "port": "29"}, {"mac": "14:18:77:47:0d:84", "vlan_name": "PDI2", "vlan_id": "132", "flag": "d m           ", "port": "29"}, {"mac": "14:18:77:47:0d:85", "vlan_name": "PDI2", "vlan_id": "132", "flag": "d m           ", "port": "29"}, {"mac": "14:18:77:49:8d:b6", "vlan_name": "PDI2", "vlan_id": "132", "flag": "d m           ", "port": "26"}, {"mac": "14:18:77:55:a6:25", "vlan_name": "PDI2", "vlan_id": "132", "flag": "d m           ", "port": "26"}, {"mac": "18:66:da:9e:f2:64", "vlan_name": "PDI2", "vlan_id": "132", "flag": "d m           ", "port": "11"}, {"mac": "18:66:da:f8:3a:85", "vlan_name": "PDI2", "vlan_id": "132", "flag": "d m           ", "port": "26"}, {"mac": "18:66:da:f8:3f:15", "vlan_name": "PDI2", "vlan_id": "132", "flag": "d m           ", "port": "26"}, {"mac": "18:66:da:f8:58:85", "vlan_name": "PDI2", "vlan_id": "132", "flag": "d m           ", "port": "26"}, {"mac": "18:66:da:fb:c2:f1", "vlan_name": "PDI2", "vlan_id": "132", "flag": "d m           ", "port": "26"}, {"mac": "2c:44:fd:94:c8:15", "vlan_name": "PDI2", "vlan_id": "132", "flag": "d m           ", "port": "29"}, {"mac": "34:40:b5:a1:10:92", "vlan_name": "pdi", "vlan_id": "141", "flag": "d m           ", "port": "8"}, {"mac": "34:40:b5:a1:6d:8c", "vlan_name": "pdi", "vlan_id": "141", "flag": "d m           ", "port": "29"}, {"mac": "34:40:b5:f3:0c:d1", "vlan_name": "pdi", "vlan_id": "141", "flag": "d m           ", "port": "20"}, {"mac": "40:f2:e9:07:11:03", "vlan_name": "pdi", "vlan_id": "141", "flag": "d m           ", "port": "29"}, {"mac": "40:f2:e9:11:c8:f3", "vlan_name": "pdi", "vlan_id": "141", "flag": "d m           ", "port": "14"}, {"mac": "40:f2:e9:13:78:b3", "vlan_name": "PDI2", "vlan_id": "132", "flag": "d m           ", "port": "25"}, {"mac": "40:f2:e9:20:ab:e5", "vlan_name": "PDI2", "vlan_id": "132", "flag": "d m           ", "port": "29"}, {"mac": "40:f2:e9:23:b7:cd", "vlan_name": "PDI2", "vlan_id": "132", "flag": "d m           ", "port": "29"}, {"mac": "40:f2:e9:5c:41:5e", "vlan_name": "pdi", "vlan_id": "141", "flag": "d m           ", "port": "29"}, {"mac": "40:f2:e9:c2:38:b2", "vlan_name": "pdi", "vlan_id": "141", "flag": "d m           ", "port": "22"}, {"mac": "40:f2:e9:c2:8d:6a", "vlan_name": "pdi", "vlan_id": "141", "flag": "d m           ", "port": "5"}, {"mac": "40:f2:e9:c2:ef:52", "vlan_name": "pdi", "vlan_id": "141", "flag": "d m           ", "port": "29"}, {"mac": "40:f2:e9:c3:24:b2", "vlan_name": "PDI2", "vlan_id": "132", "flag": "d m           ", "port": "26"}, {"mac": "40:f2:e9:c3:31:fa", "vlan_name": "PDI2", "vlan_id": "132", "flag": "d m           ", "port": "26"}, {"mac": "40:f2:e9:c3:33:4a", "vlan_name": "pdi", "vlan_id": "141", "flag": "d m           ", "port": "26"}, {"mac": "40:f2:e9:c3:7e:fa", "vlan_name": "pdi", "vlan_id": "141", "flag": "d m           ", "port": "22"}, {"mac": "40:f2:e9:c3:8a:ba", "vlan_name": "pdi", "vlan_id": "141", "flag": "d m           ", "port": "22"}, {"mac": "40:f2:e9:c3:bb:22", "vlan_name": "pdi", "vlan_id": "141", "flag": "d m           ", "port": "26"}, {"mac": "40:f2:e9:c3:c8:aa", "vlan_name": "pdi", "vlan_id": "141", "flag": "d m           ", "port": "22"}, {"mac": "40:f2:e9:c3:f9:fa", "vlan_name": "pdi", "vlan_id": "141", "flag": "d m           ", "port": "29"}, {"mac": "40:f2:e9:f5:28:f2", "vlan_name": "pdi", "vlan_id": "141", "flag": "d m           ", "port": "29"}, {"mac": "40:f2:e9:f5:28:f3", "vlan_name": "pdi", "vlan_id": "141", "flag": "d m           ", "port": "29"}, {"mac": "44:a8:42:43:0e:8f", "vlan_name": "PDI2", "vlan_id": "132", "flag": "d m           ", "port": "26"}, {"mac": "58:8a:5a:86:97:55", "vlan_name": "PDI2", "vlan_id": "132", "flag": "d m           ", "port": "24"}, {"mac": "58:8a:5a:86:98:c3", "vlan_name": "PDI2", "vlan_id": "132", "flag": "d m           ", "port": "24"}, {"mac": "58:8a:5a:86:9a:34", "vlan_name": "PDI2", "vlan_id": "132", "flag": "d m           ", "port": "24"}, {"mac": "58:8a:5a:86:9d:0d", "vlan_name": "PDI_SOD_AR_ACI", "vlan_id": "2160", "flag": "d m           ", "port": "24"}, {"mac": "5c:f3:fc:05:49:b2", "vlan_name": "pdi", "vlan_id": "141", "flag": "d m           ", "port": "24"}, {"mac": "5c:f3:fc:0c:64:5e", "vlan_name": "PDI2", "vlan_id": "132", "flag": "d m           ", "port": "20"}, {"mac": "5c:f3:fc:4d:b5:8c", "vlan_name": "pdi", "vlan_id": "141", "flag": "d m           ", "port": "23"}, {"mac": "5c:f3:fc:5d:7e:d4", "vlan_name": "pdi", "vlan_id": "141", "flag": "d m           ", "port": "29"}, {"mac": "5c:f3:fc:6b:d9:94", "vlan_name": "pdi", "vlan_id": "141", "flag": "d m           ", "port": "20"}, {"mac": "5c:f3:fc:e5:e2:46", "vlan_name": "PDI2", "vlan_id": "132", "flag": "d m           ", "port": "20"}, {"mac": "64:31:50:50:eb:c4", "vlan_name": "pdi", "vlan_id": "141", "flag": "d m           ", "port": "23"}, {"mac": "6c:ae:8b:1c:80:eb", "vlan_name": "pdi", "vlan_id": "141", "flag": "d m           ", "port": "23"}, {"mac": "6c:ae:8b:25:43:33", "vlan_name": "pdi", "vlan_id": "141", "flag": "d m           ", "port": "23"}, {"mac": "6c:ae:8b:31:ab:52", "vlan_name": "pdi", "vlan_id": "141", "flag": "d m           ", "port": "29"}, {"mac": "6c:ae:8b:31:c5:ea", "vlan_name": "pdi", "vlan_id": "141", "flag": "d m           ", "port": "14"}, {"mac": "6c:ae:8b:31:d6:32", "vlan_name": "pdi", "vlan_id": "141", "flag": "d m           ", "port": "5"}, {"mac": "6c:ae:8b:33:84:62", "vlan_name": "pdi", "vlan_id": "141", "flag": "d m           ", "port": "5"}, {"mac": "6c:ae:8b:33:93:ca", "vlan_name": "pdi", "vlan_id": "141", "flag": "d m           ", "port": "5"}, {"mac": "6c:ae:8b:33:a1:fa", "vlan_name": "pdi", "vlan_id": "141", "flag": "d m           ", "port": "29"}, {"mac": "6c:ae:8b:33:ba:42", "vlan_name": "pdi", "vlan_id": "141", "flag": "d m           ", "port": "29"}, {"mac": "6c:ae:8b:33:bf:7a", "vlan_name": "pdi", "vlan_id": "141", "flag": "d m           ", "port": "29"}, {"mac": "6c:ae:8b:33:c0:2a", "vlan_name": "pdi", "vlan_id": "141", "flag": "d m           ", "port": "14"}, {"mac": "6c:ae:8b:33:c1:ca", "vlan_name": "pdi", "vlan_id": "141", "flag": "d m           ", "port": "14"}, {"mac": "6c:ae:8b:33:cb:d2", "vlan_name": "pdi", "vlan_id": "141", "flag": "d m           ", "port": "29"}, {"mac": "6c:ae:8b:33:cb:da", "vlan_name": "pdi", "vlan_id": "141", "flag": "d m           ", "port": "29"}, {"mac": "6c:ae:8b:34:19:72", "vlan_name": "pdi", "vlan_id": "141", "flag": "d m           ", "port": "5"}, {"mac": "6c:ae:8b:34:3e:0a", "vlan_name": "pdi", "vlan_id": "141", "flag": "d m           ", "port": "29"}, {"mac": "6c:ae:8b:34:3f:12", "vlan_name": "pdi", "vlan_id": "141", "flag": "d m           ", "port": "5"}, {"mac": "6c:ae:8b:34:41:82", "vlan_name": "pdi", "vlan_id": "141", "flag": "d m           ", "port": "29"}, {"mac": "6c:ae:8b:34:43:72", "vlan_name": "pdi", "vlan_id": "141", "flag": "d m           ", "port": "14"}, {"mac": "6c:ae:8b:34:45:32", "vlan_name": "pdi", "vlan_id": "141", "flag": "d m           ", "port": "29"}, {"mac": "6c:ae:8b:34:4b:42", "vlan_name": "pdi", "vlan_id": "141", "flag": "d m           ", "port": "14"}, {"mac": "6c:ae:8b:34:4b:72", "vlan_name": "pdi", "vlan_id": "141", "flag": "d m           ", "port": "29"}, {"mac": "6c:ae:8b:34:5a:6a", "vlan_name": "pdi", "vlan_id": "141", "flag": "d m           ", "port": "14"}, {"mac": "6c:ae:8b:3a:61:1c", "vlan_name": "pdi", "vlan_id": "141", "flag": "d m           ", "port": "23"}, {"mac": "6c:ae:8b:3b:fa:8d", "vlan_name": "PDI2", "vlan_id": "132", "flag": "d m           ", "port": "29"}, {"mac": "6c:ae:8b:3e:24:cc", "vlan_name": "pdi", "vlan_id": "141", "flag": "d m           ", "port": "23"}, {"mac": "6c:ae:8b:61:69:1c", "vlan_name": "PDI2", "vlan_id": "132", "flag": "d m           ", "port": "20"}, {"mac": "6c:ae:8b:68:2e:c5", "vlan_name": "pdi", "vlan_id": "141", "flag": "d m           ", "port": "23"}, {"mac": "80:18:44:e7:85:19", "vlan_name": "PDI2", "vlan_id": "132", "flag": "d m           ", "port": "29"}, {"mac": "80:18:44:e7:85:39", "vlan_name": "PDI2", "vlan_id": "132", "flag": "d m           ", "port": "29"}, {"mac": "80:18:44:e7:85:4d", "vlan_name": "PDI2", "vlan_id": "132", "flag": "d m           ", "port": "29"}, {"mac": "90:e2:ba:10:d7:1a", "vlan_name": "PDI2", "vlan_id": "132", "flag": "d m           ", "port": "20"}, {"mac": "90:e2:ba:10:d9:aa", "vlan_name": "PDI2", "vlan_id": "132", "flag": "d m           ", "port": "20"}, {"mac": "90:e2:ba:10:da:2e", "vlan_name": "PDI2", "vlan_id": "132", "flag": "d m           ", "port": "20"}, {"mac": "90:e2:ba:80:2c:ef", "vlan_name": "pdi", "vlan_id": "141", "flag": "d m           ", "port": "26"}, {"mac": "90:e2:ba:94:b3:23", "vlan_name": "pdi", "vlan_id": "141", "flag": "d m           ", "port": "26"}, {"mac": "98:be:94:37:0b:e2", "vlan_name": "PDI2", "vlan_id": "132", "flag": "d m           ", "port": "26"}, {"mac": "98:be:94:44:cf:7a", "vlan_name": "pdi", "vlan_id": "141", "flag": "d m           ", "port": "29"}, {"mac": "98:be:94:44:cf:7b", "vlan_name": "pdi", "vlan_id": "141", "flag": "d m           ", "port": "29"}, {"mac": "98:be:94:65:38:d0", "vlan_name": "PDI2", "vlan_id": "132", "flag": "d m           ", "port": "24"}, {"mac": "98:be:94:65:39:60", "vlan_name": "PDI3", "vlan_id": "142", "flag": "d m           ", "port": "24"}, {"mac": "a0:36:9f:6f:49:34", "vlan_name": "PDI2", "vlan_id": "132", "flag": "d m           ", "port": "29"}, {"mac": "a0:36:9f:6f:5e:b4", "vlan_name": "PDI2", "vlan_id": "132", "flag": "d m           ", "port": "29"}, {"mac": "a0:36:9f:e8:74:70", "vlan_name": "pdi", "vlan_id": "141", "flag": "d m           ", "port": "24"}, {"mac": "a0:36:9f:e8:7d:c4", "vlan_name": "pdi", "vlan_id": "141", "flag": "d m           ", "port": "24"}, {"mac": "a8:97:dc:85:84:2e", "vlan_name": "pdi", "vlan_id": "141", "flag": "d m           ", "port": "5"}, {"mac": "a8:97:dc:85:90:2e", "vlan_name": "pdi", "vlan_id": "141", "flag": "d m           ", "port": "6"}, {"mac": "a8:97:dc:90:69:2d", "vlan_name": "pdi", "vlan_id": "141", "flag": "d m           ", "port": "29"}, {"mac": "a8:97:dc:95:eb:2e", "vlan_name": "pdi", "vlan_id": "141", "flag": "d m           ", "port": "14"}, {"mac": "a8:97:dc:95:fe:2e", "vlan_name": "pdi", "vlan_id": "141", "flag": "d m           ", "port": "13"}, {"mac": "a8:97:dc:c2:ab:2e", "vlan_name": "pdi", "vlan_id": "141", "flag": "d m           ", "port": "22"}, {"mac": "a8:97:dc:c2:d7:2e", "vlan_name": "pdi", "vlan_id": "141", "flag": "d m           ", "port": "21"}, {"mac": "b4:0c:25:ef:40:11", "vlan_name": "PDI2", "vlan_id": "132", "flag": "d m           ", "port": "29"}, {"mac": "b4:de:31:ad:28:75", "vlan_name": "PDI2", "vlan_id": "132", "flag": "d m           ", "port": "29"}, {"mac": "b4:de:31:ad:28:75", "vlan_name": "PDI_SOD_AR_ACI", "vlan_id": "2160", "flag": "d m           ", "port": "29"}, {"mac": "b4:de:31:c5:8c:bf", "vlan_name": "PDI2", "vlan_id": "132", "flag": "d m           ", "port": "29"}, {"mac": "b4:de:31:c5:8c:bf", "vlan_name": "PDI_SOD_AR_ACI", "vlan_id": "2160", "flag": "d m           ", "port": "29"}, {"mac": "b4:e1:0f:da:9d:38", "vlan_name": "PDI2", "vlan_id": "132", "flag": "d m           ", "port": "26"}, {"mac": "b4:e1:0f:da:9d:ef", "vlan_name": "PDI2", "vlan_id": "132", "flag": "d m           ", "port": "26"}, {"mac": "b4:e1:0f:da:9e:a6", "vlan_name": "PDI2", "vlan_id": "132", "flag": "d m           ", "port": "26"}, {"mac": "b4:e1:0f:da:9f:5d", "vlan_name": "PDI2", "vlan_id": "132", "flag": "d m           ", "port": "26"}, {"mac": "b4:e1:0f:da:a1:7f", "vlan_name": "PDI2", "vlan_id": "132", "flag": "d m           ", "port": "26"}, {"mac": "b4:e1:0f:da:a2:39", "vlan_name": "PDI2", "vlan_id": "132", "flag": "d m           ", "port": "26"}, {"mac": "b4:e1:0f:da:a4:5b", "vlan_name": "PDI2", "vlan_id": "132", "flag": "d m           ", "port": "26"}, {"mac": "b4:e1:0f:da:a4:5e", "vlan_name": "PDI2", "vlan_id": "132", "flag": "d m           ", "port": "26"}, {"mac": "b4:e1:0f:da:a5:c9", "vlan_name": "PDI2", "vlan_id": "132", "flag": "d m           ", "port": "26"}, {"mac": "b4:e1:0f:da:a6:80", "vlan_name": "PDI2", "vlan_id": "132", "flag": "d m           ", "port": "26"}, {"mac": "b4:e1:0f:da:a7:3a", "vlan_name": "PDI2", "vlan_id": "132", "flag": "d m           ", "port": "26"}, {"mac": "b4:e1:0f:da:a7:f1", "vlan_name": "PDI2", "vlan_id": "132", "flag": "d m           ", "port": "26"}, {"mac": "c4:34:6b:b2:3f:32", "vlan_name": "pdi", "vlan_id": "141", "flag": "d m           ", "port": "17"}, {"mac": "c4:34:6b:c7:5c:da", "vlan_name": "pdi", "vlan_id": "141", "flag": "d m           ", "port": "17"}, {"mac": "c4:34:6b:c7:7c:b2", "vlan_name": "pdi", "vlan_id": "141", "flag": "d m           ", "port": "17"}, {"mac": "c4:34:6b:c7:7e:ca", "vlan_name": "pdi", "vlan_id": "141", "flag": "d m           ", "port": "17"}, {"mac": "c4:34:6b:c7:cb:ca", "vlan_name": "pdi", "vlan_id": "141", "flag": "d m           ", "port": "17"}, {"mac": "c4:34:6b:c8:5f:e2", "vlan_name": "pdi", "vlan_id": "141", "flag": "d m           ", "port": "17"}, {"mac": "c4:34:6b:c8:94:ba", "vlan_name": "pdi", "vlan_id": "141", "flag": "d m           ", "port": "17"}, {"mac": "c4:34:6b:c8:c6:b2", "vlan_name": "pdi", "vlan_id": "141", "flag": "d m           ", "port": "17"}, {"mac": "c4:34:6b:c8:f4:22", "vlan_name": "pdi", "vlan_id": "141", "flag": "d m           ", "port": "17"}, {"mac": "c4:34:6b:c9:1b:72", "vlan_name": "pdi", "vlan_id": "141", "flag": "d m           ", "port": "17"}, {"mac": "c4:34:6b:fe:9d:2b", "vlan_name": "pdi", "vlan_id": "141", "flag": "d m           ", "port": "29"}, {"mac": "c4:34:6b:fe:9d:2f", "vlan_name": "PDI2", "vlan_id": "132", "flag": "d m           ", "port": "29"}, {"mac": "c4:34:6b:fe:9d:7b", "vlan_name": "pdi", "vlan_id": "141", "flag": "d m           ", "port": "29"}, {"mac": "c4:34:6b:fe:cb:93", "vlan_name": "pdi", "vlan_id": "141", "flag": "d m           ", "port": "29"}, {"mac": "c4:34:6b:fe:cb:97", "vlan_name": "PDI2", "vlan_id": "132", "flag": "d m           ", "port": "29"}, {"mac": "d0:43:1e:f3:ca:78", "vlan_name": "PDI2", "vlan_id": "132", "flag": "d m           ", "port": "29"}, {"mac": "d0:43:1e:f3:cb:e8", "vlan_name": "PDI2", "vlan_id": "132", "flag": "d m           ", "port": "29"}, {"mac": "d0:43:1e:f3:cc:9f", "vlan_name": "PDI2", "vlan_id": "132", "flag": "d m           ", "port": "29"}, {"mac": "d0:43:1e:f3:cd:56", "vlan_name": "PDI2", "vlan_id": "132", "flag": "d m           ", "port": "29"}, {"mac": "d0:43:1e:f3:ce:08", "vlan_name": "PDI2", "vlan_id": "132", "flag": "d m           ", "port": "29"}, {"mac": "d0:43:1e:f3:ce:0b", "vlan_name": "PDI2", "vlan_id": "132", "flag": "d m           ", "port": "29"}, {"mac": "d0:43:1e:f3:cf:79", "vlan_name": "PDI2", "vlan_id": "132", "flag": "d m           ", "port": "29"}, {"mac": "d0:43:1e:f3:d2:55", "vlan_name": "PDI2", "vlan_id": "132", "flag": "d m           ", "port": "29"}, {"mac": "d0:43:1e:f3:d3:0c", "vlan_name": "PDI2", "vlan_id": "132", "flag": "d m           ", "port": "29"}, {"mac": "d0:43:1e:f3:d3:c3", "vlan_name": "PDI2", "vlan_id": "132", "flag": "d m           ", "port": "29"}, {"mac": "d0:43:1e:f3:d5:2e", "vlan_name": "PDI2", "vlan_id": "132", "flag": "d m           ", "port": "29"}, {"mac": "d0:43:1e:f3:d5:31", "vlan_name": "PDI2", "vlan_id": "132", "flag": "d m           ", "port": "29"}, {"mac": "d0:43:1e:fd:06:b8", "vlan_name": "PDI2", "vlan_id": "132", "flag": "d m           ", "port": "26"}, {"mac": "d0:43:1e:fd:07:6f", "vlan_name": "PDI2", "vlan_id": "132", "flag": "d m           ", "port": "26"}, {"mac": "d0:43:1e:fd:08:26", "vlan_name": "PDI2", "vlan_id": "132", "flag": "d m           ", "port": "26"}, {"mac": "d0:43:1e:fd:08:dd", "vlan_name": "PDI2", "vlan_id": "132", "flag": "d m           ", "port": "26"}, {"mac": "d0:43:1e:fd:09:94", "vlan_name": "PDI2", "vlan_id": "132", "flag": "d m           ", "port": "26"}, {"mac": "d0:43:1e:fd:0a:4b", "vlan_name": "PDI2", "vlan_id": "132", "flag": "d m           ", "port": "26"}, {"mac": "d0:43:1e:fd:0b:02", "vlan_name": "PDI2", "vlan_id": "132", "flag": "d m           ", "port": "26"}, {"mac": "d0:43:1e:fd:0b:b9", "vlan_name": "PDI2", "vlan_id": "132", "flag": "d m           ", "port": "26"}, {"mac": "d0:43:1e:fd:0c:70", "vlan_name": "PDI2", "vlan_id": "132", "flag": "d m           ", "port": "26"}, {"mac": "d0:43:1e:fd:0d:27", "vlan_name": "PDI2", "vlan_id": "132", "flag": "d m           ", "port": "26"}, {"mac": "d0:43:1e:fd:0e:95", "vlan_name": "PDI2", "vlan_id": "132", "flag": "d m           ", "port": "26"}, {"mac": "d0:43:1e:fd:0f:4c", "vlan_name": "PDI2", "vlan_id": "132", "flag": "d m           ", "port": "26"}, {"mac": "d0:43:1e:fd:11:71", "vlan_name": "PDI2", "vlan_id": "132", "flag": "d m           ", "port": "26"}, {"mac": "d0:94:66:1a:59:95", "vlan_name": "PDI_SAT_AR", "vlan_id": "4080", "flag": "d m           ", "port": "24"}, {"mac": "d8:9d:67:29:f4:6b", "vlan_name": "PDI2", "vlan_id": "132", "flag": "d m           ", "port": "29"}, {"mac": "dc:f4:01:e6:68:67", "vlan_name": "PDI2", "vlan_id": "132", "flag": "d m           ", "port": "20"}, {"mac": "e4:1f:13:2d:82:8a", "vlan_name": "pdi", "vlan_id": "141", "flag": "d m           ", "port": "24"}, {"mac": "e4:1f:13:31:6d:8e", "vlan_name": "PDI2", "vlan_id": "132", "flag": "d m           ", "port": "29"}, {"mac": "e4:1f:13:36:dc:80", "vlan_name": "pdi", "vlan_id": "141", "flag": "d m           ", "port": "24"}, {"mac": "e4:1f:13:51:b2:89", "vlan_name": "PDI2", "vlan_id": "132", "flag": "d m           ", "port": "26"}, {"mac": "e4:1f:13:60:c6:e6", "vlan_name": "pdi", "vlan_id": "141", "flag": "d m           ", "port": "23"}, {"mac": "e4:1f:13:b8:db:a2", "vlan_name": "PDI2", "vlan_id": "132", "flag": "d m           ", "port": "24"}, {"mac": "e4:1f:13:bd:00:9e", "vlan_name": "pdi", "vlan_id": "141", "flag": "d m           ", "port": "29"}, {"mac": "e4:1f:13:bd:51:be", "vlan_name": "PDI2", "vlan_id": "132", "flag": "d m           ", "port": "29"}, {"mac": "ec:b1:d7:76:1c:f2", "vlan_name": "PDI2", "vlan_id": "132", "flag": "d m           ", "port": "17"}, {"mac": "ec:b1:d7:76:bc:92", "vlan_name": "PDI2", "vlan_id": "132", "flag": "d m           ", "port": "17"}, {"mac": "fc:15:b4:1d:2a:ca", "vlan_name": "pdi", "vlan_id": "141", "flag": "d m           ", "port": "17"}, {"mac": "fc:15:b4:1d:c7:aa", "vlan_name": "pdi", "vlan_id": "141", "flag": "d m           ", "port": "17"}]