[{"mac": "00:14:5e:d2:ff:74", "vlan_name": "HMC", "vlan_id": "4094", "flag": "d m          ", "port": "26"}, {"mac": "00:21:5e:44:39:12", "vlan_name": "HMC", "vlan_id": "4094", "flag": "d m          ", "port": "26"}, {"mac": "5c:f3:fc:00:00:b1", "vlan_name": "HMC", "vlan_id": "4094", "flag": "d m          ", "port": "26"}, {"mac": "5c:f3:fc:00:c7:52", "vlan_name": "HMC", "vlan_id": "4094", "flag": "d m          ", "port": "6"}, {"mac": "5c:f3:fc:00:cf:66", "vlan_name": "HMC", "vlan_id": "4094", "flag": "d m          ", "port": "2"}, {"mac": "5c:f3:fc:00:d0:d4", "vlan_name": "HMC", "vlan_id": "4094", "flag": "d m          ", "port": "5"}, {"mac": "5c:f3:fc:00:d0:ea", "vlan_name": "HMC", "vlan_id": "4094", "flag": "d m          ", "port": "4"}, {"mac": "5c:f3:fc:2f:cb:3c", "vlan_name": "HMC", "vlan_id": "4094", "flag": "d m          ", "port": "26"}, {"mac": "5c:f3:fc:3a:40:e8", "vlan_name": "HMC", "vlan_id": "4094", "flag": "d m          ", "port": "25"}, {"mac": "5c:f3:fc:4e:51:d0", "vlan_name": "HMC", "vlan_id": "4094", "flag": "d m          ", "port": "26"}, {"mac": "e4:1f:13:6f:48:60", "vlan_name": "HMC", "vlan_id": "4094", "flag": "d m          ", "port": "26"}, {"mac": "e4:1f:13:6f:6c:bc", "vlan_name": "HMC", "vlan_id": "4094", "flag": "d m          ", "port": "26"}, {"mac": "e4:1f:13:6f:75:ee", "vlan_name": "HMC", "vlan_id": "4094", "flag": "d m          ", "port": "26"}, {"mac": "e4:1f:13:6f:76:00", "vlan_name": "HMC", "vlan_id": "4094", "flag": "d m          ", "port": "26"}, {"mac": "e4:1f:13:6f:aa:a4", "vlan_name": "HMC", "vlan_id": "4094", "flag": "d m          ", "port": "26"}, {"mac": "e4:1f:13:6f:b2:16", "vlan_name": "HMC", "vlan_id": "4094", "flag": "d m          ", "port": "26"}, {"mac": "e4:1f:13:6f:d4:4a", "vlan_name": "HMC", "vlan_id": "4094", "flag": "d m          ", "port": "26"}, {"mac": "e4:1f:13:8e:15:1c", "vlan_name": "HMC", "vlan_id": "4094", "flag": "d m          ", "port": "11"}]