[{"mac": "00:04:96:36:c0:8e", "vlan_name": "DMZ_Desarrollo2", "vlan_id": "139", "flag": "d m           ", "port": "24"}, {"mac": "00:04:96:36:c0:8e", "vlan_name": "DMZ_Desarrollo", "vlan_id": "142", "flag": "d m           ", "port": "24"}, {"mac": "00:04:96:36:c0:8e", "vlan_name": "DMZ_Desarrollo3", "vlan_id": "143", "flag": "d m           ", "port": "24"}, {"mac": "00:04:96:37:1f:67", "vlan_name": "DMZ_Desarrollo2", "vlan_id": "139", "flag": "d m           ", "port": "24"}, {"mac": "00:04:96:37:1f:67", "vlan_name": "Synapsis", "vlan_id": "1041", "flag": "d m           ", "port": "24"}, {"mac": "00:04:96:37:1f:67", "vlan_name": "Synapsis_Desa_Serv", "vlan_id": "1049", "flag": "d m           ", "port": "24"}, {"mac": "00:04:96:37:1f:67", "vlan_name": "Synapsis_BalanceoVip", "vlan_id": "1047", "flag": "d m           ", "port": "24"}, {"mac": "00:04:96:37:1f:67", "vlan_name": "DMZ_Desarrollo", "vlan_id": "142", "flag": "d m           ", "port": "24"}, {"mac": "00:04:96:37:1f:67", "vlan_name": "Synapsis_BalanceoSrv", "vlan_id": "1048", "flag": "d m           ", "port": "24"}, {"mac": "00:04:96:37:1f:67", "vlan_name": "DMZ_Desarrollo3", "vlan_id": "143", "flag": "d m           ", "port": "24"}, {"mac": "00:04:96:37:1f:67", "vlan_name": "Synapsis_Desa_Serv2", "vlan_id": "1050", "flag": "d m           ", "port": "24"}, {"mac": "00:04:96:37:1f:67", "vlan_name": "Synapsis_Mgmt", "vlan_id": "1052", "flag": "d m           ", "port": "24"}, {"mac": "00:04:96:37:1f:67", "vlan_name": "PDI_Desarrollo", "vlan_id": "136", "flag": "d m           ", "port": "24"}, {"mac": "00:04:96:37:1f:67", "vlan_name": "DMZ_Desa_Motores", "vlan_id": "1803", "flag": "d m           ", "port": "24"}, {"mac": "00:04:96:51:e8:be", "vlan_name": "DMZ_Desarrollo", "vlan_id": "142", "flag": "d m           ", "port": "24"}, {"mac": "00:04:96:52:18:95", "vlan_name": "DMZ_Desarrollo", "vlan_id": "142", "flag": "d m           ", "port": "24"}, {"mac": "00:04:96:8b:f1:cc", "vlan_name": "DMZ_Desarrollo2", "vlan_id": "139", "flag": "d m           ", "port": "24"}, {"mac": "00:04:96:8b:f1:cc", "vlan_name": "DMZ_Desarrollo", "vlan_id": "142", "flag": "d m           ", "port": "24"}, {"mac": "00:04:96:8b:f1:cc", "vlan_name": "DMZ_Desarrollo3", "vlan_id": "143", "flag": "d m           ", "port": "24"}, {"mac": "00:04:96:99:1c:47", "vlan_name": "DMZ_Desarrollo3", "vlan_id": "143", "flag": "d m           ", "port": "24"}, {"mac": "00:04:96:99:1c:47", "vlan_name": "PDI_Desarrollo", "vlan_id": "136", "flag": "d m           ", "port": "24"}, {"mac": "00:0e:1e:93:6c:21", "vlan_name": "DMZ_Desarrollo3", "vlan_id": "143", "flag": "d m           ", "port": "24"}, {"mac": "00:0e:1e:93:6c:23", "vlan_name": "DMZ_Desarrollo3", "vlan_id": "143", "flag": "d m           ", "port": "24"}, {"mac": "00:0e:1e:93:6c:25", "vlan_name": "DMZ_Desarrollo3", "vlan_id": "143", "flag": "d m           ", "port": "24"}, {"mac": "00:14:5e:c7:7e:2c", "vlan_name": "DMZ_Desarrollo3", "vlan_id": "143", "flag": "d m           ", "port": "24"}, {"mac": "00:14:5e:e8:95:d5", "vlan_name": "DMZ_Desarrollo3", "vlan_id": "143", "flag": "d m           ", "port": "24"}, {"mac": "00:15:5d:64:03:6d", "vlan_name": "DMZ_Desarrollo", "vlan_id": "142", "flag": "d m           ", "port": "24"}, {"mac": "00:22:bd:f8:19:ff", "vlan_name": "Synapsis_Desa_Serv", "vlan_id": "1049", "flag": "d m           ", "port": "24"}, {"mac": "00:22:bd:f8:19:ff", "vlan_name": "Synapsis_BalanceoSrv", "vlan_id": "1048", "flag": "d m           ", "port": "24"}, {"mac": "00:22:bd:f8:19:ff", "vlan_name": "Synapsis_Desa_Serv2", "vlan_id": "1050", "flag": "d m           ", "port": "24"}, {"mac": "00:22:bd:f8:19:ff", "vlan_name": "Synapsis_Mgmt", "vlan_id": "1052", "flag": "d m           ", "port": "24"}, {"mac": "00:22:bd:f8:19:ff", "vlan_name": "PDI_Desarrollo", "vlan_id": "136", "flag": "d m           ", "port": "24"}, {"mac": "00:25:03:d4:d1:00", "vlan_name": "DMZ_Desarrollo", "vlan_id": "142", "flag": "d m           ", "port": "24"}, {"mac": "00:50:56:90:00:08", "vlan_name": "DMZ_Desarrollo", "vlan_id": "142", "flag": "d m           ", "port": "24"}, {"mac": "00:50:56:90:00:09", "vlan_name": "DMZ_Desarrollo", "vlan_id": "142", "flag": "d m           ", "port": "24"}, {"mac": "00:50:56:90:1a:65", "vlan_name": "DMZ_Desarrollo2", "vlan_id": "139", "flag": "d m           ", "port": "24"}, {"mac": "00:50:56:90:1a:71", "vlan_name": "DMZ_Desarrollo2", "vlan_id": "139", "flag": "d m           ", "port": "24"}, {"mac": "00:50:56:90:1d:1b", "vlan_name": "DMZ_Desarrollo2", "vlan_id": "139", "flag": "d m           ", "port": "24"}, {"mac": "00:50:56:90:20:79", "vlan_name": "DMZ_Desarrollo2", "vlan_id": "139", "flag": "d m           ", "port": "24"}, {"mac": "00:50:56:90:20:a3", "vlan_name": "DMZ_Desarrollo2", "vlan_id": "139", "flag": "d m           ", "port": "24"}, {"mac": "00:50:56:90:20:d2", "vlan_name": "DMZ_Desarrollo2", "vlan_id": "139", "flag": "d m           ", "port": "24"}, {"mac": "00:50:56:90:38:03", "vlan_name": "DMZ_Desarrollo", "vlan_id": "142", "flag": "d m           ", "port": "24"}, {"mac": "00:50:56:90:41:01", "vlan_name": "DMZ_Desarrollo2", "vlan_id": "139", "flag": "d m           ", "port": "24"}, {"mac": "00:50:56:90:61:13", "vlan_name": "DMZ_Desarrollo", "vlan_id": "142", "flag": "d m           ", "port": "24"}, {"mac": "00:50:56:90:61:2d", "vlan_name": "DMZ_Desarrollo2", "vlan_id": "139", "flag": "d m           ", "port": "24"}, {"mac": "00:50:56:90:6d:c2", "vlan_name": "DMZ_Desarrollo", "vlan_id": "142", "flag": "d m           ", "port": "24"}, {"mac": "00:50:56:90:6d:c8", "vlan_name": "DMZ_Desarrollo", "vlan_id": "142", "flag": "d m           ", "port": "24"}, {"mac": "00:50:56:90:6d:d9", "vlan_name": "DMZ_Desarrollo", "vlan_id": "142", "flag": "d m           ", "port": "24"}, {"mac": "00:50:56:9c:06:be", "vlan_name": "DMZ_Desarrollo2", "vlan_id": "139", "flag": "d m           ", "port": "2"}, {"mac": "00:50:56:9c:06:d0", "vlan_name": "DMZ_Desarrollo3", "vlan_id": "143", "flag": "d m           ", "port": "2"}, {"mac": "00:50:56:9c:09:3f", "vlan_name": "DMZ_Desarrollo2", "vlan_id": "139", "flag": "d m           ", "port": "1"}, {"mac": "00:50:56:9c:09:eb", "vlan_name": "DMZ_Desarrollo3", "vlan_id": "143", "flag": "d m           ", "port": "2"}, {"mac": "00:50:56:9c:0b:7b", "vlan_name": "DMZ_Desarrollo2", "vlan_id": "139", "flag": "d m           ", "port": "2"}, {"mac": "00:50:56:9c:0c:78", "vlan_name": "DMZ_Desarrollo3", "vlan_id": "143", "flag": "d m           ", "port": "2"}, {"mac": "00:50:56:9c:0d:83", "vlan_name": "DMZ_Desarrollo2", "vlan_id": "139", "flag": "d m           ", "port": "2"}, {"mac": "00:50:56:9c:0e:51", "vlan_name": "DMZ_Desarrollo2", "vlan_id": "139", "flag": "d m           ", "port": "2"}, {"mac": "00:50:56:9c:0e:df", "vlan_name": "DMZ_Desarrollo2", "vlan_id": "139", "flag": "d m           ", "port": "1"}, {"mac": "00:50:56:9c:0f:34", "vlan_name": "DMZ_Desarrollo2", "vlan_id": "139", "flag": "d m           ", "port": "2"}, {"mac": "00:50:56:9c:0f:de", "vlan_name": "DMZ_Desarrollo3", "vlan_id": "143", "flag": "d m           ", "port": "2"}, {"mac": "00:50:56:9c:11:7d", "vlan_name": "DMZ_Desarrollo2", "vlan_id": "139", "flag": "d m           ", "port": "2"}, {"mac": "00:50:56:9c:14:0f", "vlan_name": "DMZ_Desarrollo2", "vlan_id": "139", "flag": "d m           ", "port": "2"}, {"mac": "00:50:56:9c:15:0f", "vlan_name": "DMZ_Desarrollo2", "vlan_id": "139", "flag": "d m           ", "port": "1"}, {"mac": "00:50:56:9c:15:7f", "vlan_name": "DMZ_Desarrollo2", "vlan_id": "139", "flag": "d m           ", "port": "2"}, {"mac": "00:50:56:9c:17:8e", "vlan_name": "DMZ_Desarrollo2", "vlan_id": "139", "flag": "d m           ", "port": "1"}, {"mac": "00:50:56:9c:19:9a", "vlan_name": "DMZ_Desarrollo2", "vlan_id": "139", "flag": "d m           ", "port": "2"}, {"mac": "00:50:56:9c:19:f3", "vlan_name": "DMZ_Desarrollo2", "vlan_id": "139", "flag": "d m           ", "port": "1"}, {"mac": "00:50:56:9c:1a:55", "vlan_name": "DMZ_Desarrollo2", "vlan_id": "139", "flag": "d m           ", "port": "2"}, {"mac": "00:50:56:9c:1b:7b", "vlan_name": "DMZ_Desarrollo3", "vlan_id": "143", "flag": "d m           ", "port": "2"}, {"mac": "00:50:56:9c:1d:63", "vlan_name": "DMZ_Desarrollo3", "vlan_id": "143", "flag": "d m           ", "port": "1"}, {"mac": "00:50:56:9c:1e:29", "vlan_name": "DMZ_Desarrollo2", "vlan_id": "139", "flag": "d m           ", "port": "2"}, {"mac": "00:50:56:9c:20:29", "vlan_name": "DMZ_Desarrollo3", "vlan_id": "143", "flag": "d m           ", "port": "2"}, {"mac": "00:50:56:9c:22:d2", "vlan_name": "DMZ_Desarrollo3", "vlan_id": "143", "flag": "d m           ", "port": "2"}, {"mac": "00:50:56:9c:23:48", "vlan_name": "DMZ_Desarrollo2", "vlan_id": "139", "flag": "d m           ", "port": "1"}, {"mac": "00:50:56:9c:23:e3", "vlan_name": "DMZ_Desarrollo2", "vlan_id": "139", "flag": "d m           ", "port": "2"}, {"mac": "00:50:56:9c:24:55", "vlan_name": "DMZ_Desarrollo2", "vlan_id": "139", "flag": "d m           ", "port": "1"}, {"mac": "00:50:56:9c:24:aa", "vlan_name": "DMZ_Desarrollo3", "vlan_id": "143", "flag": "d m           ", "port": "1"}, {"mac": "00:50:56:9c:25:83", "vlan_name": "DMZ_Desarrollo2", "vlan_id": "139", "flag": "d m           ", "port": "1"}, {"mac": "00:50:56:9c:26:b3", "vlan_name": "DMZ_Desarrollo2", "vlan_id": "139", "flag": "d m           ", "port": "2"}, {"mac": "00:50:56:9c:27:83", "vlan_name": "DMZ_Desarrollo3", "vlan_id": "143", "flag": "d m           ", "port": "1"}, {"mac": "00:50:56:9c:28:b0", "vlan_name": "DMZ_Desarrollo2", "vlan_id": "139", "flag": "d m           ", "port": "1"}, {"mac": "00:50:56:9c:2b:83", "vlan_name": "DMZ_Desarrollo3", "vlan_id": "143", "flag": "d m           ", "port": "1"}, {"mac": "00:50:56:9c:2c:0e", "vlan_name": "DMZ_Desarrollo2", "vlan_id": "139", "flag": "d m           ", "port": "1"}, {"mac": "00:50:56:9c:2e:cc", "vlan_name": "DMZ_Desarrollo2", "vlan_id": "139", "flag": "d m           ", "port": "2"}, {"mac": "00:50:56:9c:30:af", "vlan_name": "DMZ_Desarrollo3", "vlan_id": "143", "flag": "d m           ", "port": "1"}, {"mac": "00:50:56:9c:31:6a", "vlan_name": "DMZ_Desarrollo2", "vlan_id": "139", "flag": "d m           ", "port": "2"}, {"mac": "00:50:56:9c:36:6e", "vlan_name": "DMZ_Desarrollo2", "vlan_id": "139", "flag": "d m           ", "port": "2"}, {"mac": "00:50:56:9c:37:1e", "vlan_name": "DMZ_Desarrollo2", "vlan_id": "139", "flag": "d m           ", "port": "1"}, {"mac": "00:50:56:9c:3a:bb", "vlan_name": "DMZ_Desarrollo2", "vlan_id": "139", "flag": "d m           ", "port": "1"}, {"mac": "00:50:56:9c:3e:2d", "vlan_name": "DMZ_Desarrollo3", "vlan_id": "143", "flag": "d m           ", "port": "2"}, {"mac": "00:50:56:9c:41:51", "vlan_name": "DMZ_Desarrollo3", "vlan_id": "143", "flag": "d m           ", "port": "1"}, {"mac": "00:50:56:9c:42:9a", "vlan_name": "DMZ_Desarrollo2", "vlan_id": "139", "flag": "d m           ", "port": "2"}, {"mac": "00:50:56:9c:43:86", "vlan_name": "DMZ_Desarrollo3", "vlan_id": "143", "flag": "d m           ", "port": "2"}, {"mac": "00:50:56:9c:44:0b", "vlan_name": "DMZ_Desarrollo2", "vlan_id": "139", "flag": "d m           ", "port": "1"}, {"mac": "00:50:56:9c:45:6f", "vlan_name": "DMZ_Desarrollo2", "vlan_id": "139", "flag": "d m           ", "port": "2"}, {"mac": "00:50:56:9c:45:a9", "vlan_name": "DMZ_Desarrollo3", "vlan_id": "143", "flag": "d m           ", "port": "2"}, {"mac": "00:50:56:9c:46:4a", "vlan_name": "DMZ_Desarrollo2", "vlan_id": "139", "flag": "d m           ", "port": "2"}, {"mac": "00:50:56:9c:46:b1", "vlan_name": "DMZ_Desarrollo2", "vlan_id": "139", "flag": "d m           ", "port": "2"}, {"mac": "00:50:56:9c:47:5e", "vlan_name": "DMZ_Desarrollo2", "vlan_id": "139", "flag": "d m           ", "port": "2"}, {"mac": "00:50:56:9c:49:11", "vlan_name": "DMZ_Desarrollo3", "vlan_id": "143", "flag": "d m           ", "port": "2"}, {"mac": "00:50:56:9c:4d:33", "vlan_name": "DMZ_Desarrollo2", "vlan_id": "139", "flag": "d m           ", "port": "2"}, {"mac": "00:50:56:9c:54:d2", "vlan_name": "DMZ_Desarrollo2", "vlan_id": "139", "flag": "d m           ", "port": "2"}, {"mac": "00:50:56:9c:56:9f", "vlan_name": "DMZ_Desarrollo2", "vlan_id": "139", "flag": "d m           ", "port": "2"}, {"mac": "00:50:56:9c:59:e8", "vlan_name": "DMZ_Desarrollo3", "vlan_id": "143", "flag": "d m           ", "port": "1"}, {"mac": "00:50:56:9c:5b:e1", "vlan_name": "DMZ_Desarrollo2", "vlan_id": "139", "flag": "d m           ", "port": "2"}, {"mac": "00:50:56:9c:5e:63", "vlan_name": "DMZ_Desarrollo2", "vlan_id": "139", "flag": "d m           ", "port": "1"}, {"mac": "00:50:56:9c:5e:98", "vlan_name": "DMZ_Desarrollo2", "vlan_id": "139", "flag": "d m           ", "port": "2"}, {"mac": "00:50:56:9c:62:21", "vlan_name": "DMZ_Desarrollo2", "vlan_id": "139", "flag": "d m           ", "port": "2"}, {"mac": "00:50:56:9c:62:85", "vlan_name": "DMZ_Desarrollo2", "vlan_id": "139", "flag": "d m           ", "port": "2"}, {"mac": "00:50:56:9c:64:0b", "vlan_name": "DMZ_Desarrollo3", "vlan_id": "143", "flag": "d m           ", "port": "2"}, {"mac": "00:50:56:9c:67:1f", "vlan_name": "DMZ_Desarrollo2", "vlan_id": "139", "flag": "d m           ", "port": "2"}, {"mac": "00:50:56:9c:69:56", "vlan_name": "DMZ_Desarrollo3", "vlan_id": "143", "flag": "d m           ", "port": "2"}, {"mac": "00:50:56:9c:6a:97", "vlan_name": "DMZ_Desarrollo2", "vlan_id": "139", "flag": "d m           ", "port": "1"}, {"mac": "00:50:56:9c:6b:db", "vlan_name": "DMZ_Desarrollo3", "vlan_id": "143", "flag": "d m           ", "port": "2"}, {"mac": "00:50:56:9c:6c:18", "vlan_name": "DMZ_Desarrollo3", "vlan_id": "143", "flag": "d m           ", "port": "2"}, {"mac": "00:50:56:9c:6e:be", "vlan_name": "DMZ_Desarrollo2", "vlan_id": "139", "flag": "d m           ", "port": "2"}, {"mac": "00:50:56:9c:71:01", "vlan_name": "DMZ_Desarrollo2", "vlan_id": "139", "flag": "d m           ", "port": "1"}, {"mac": "00:50:56:9c:71:f2", "vlan_name": "DMZ_Desarrollo2", "vlan_id": "139", "flag": "d m           ", "port": "2"}, {"mac": "00:50:56:9c:72:93", "vlan_name": "DMZ_Desarrollo3", "vlan_id": "143", "flag": "d m           ", "port": "1"}, {"mac": "00:50:56:9c:74:a0", "vlan_name": "DMZ_Desarrollo2", "vlan_id": "139", "flag": "d m           ", "port": "2"}, {"mac": "00:50:56:9c:75:ce", "vlan_name": "DMZ_Desarrollo2", "vlan_id": "139", "flag": "d m           ", "port": "1"}, {"mac": "00:50:56:9c:79:ee", "vlan_name": "DMZ_Desarrollo2", "vlan_id": "139", "flag": "d m           ", "port": "2"}, {"mac": "00:50:56:9c:7a:76", "vlan_name": "DMZ_Desarrollo2", "vlan_id": "139", "flag": "d m           ", "port": "2"}, {"mac": "00:50:56:9c:7a:7c", "vlan_name": "DMZ_Desarrollo2", "vlan_id": "139", "flag": "d m           ", "port": "1"}, {"mac": "00:50:56:9c:7b:13", "vlan_name": "DMZ_Desarrollo3", "vlan_id": "143", "flag": "d m           ", "port": "2"}, {"mac": "00:50:56:9c:7b:17", "vlan_name": "DMZ_Desarrollo2", "vlan_id": "139", "flag": "d m           ", "port": "2"}, {"mac": "00:50:56:9c:7c:45", "vlan_name": "DMZ_Desarrollo2", "vlan_id": "139", "flag": "d m           ", "port": "1"}, {"mac": "00:50:56:9c:7c:5a", "vlan_name": "DMZ_Desarrollo2", "vlan_id": "139", "flag": "d m           ", "port": "2"}, {"mac": "00:50:56:9c:7d:2b", "vlan_name": "DMZ_Desarrollo2", "vlan_id": "139", "flag": "d m           ", "port": "2"}, {"mac": "00:50:56:9c:7d:bc", "vlan_name": "DMZ_Desarrollo3", "vlan_id": "143", "flag": "d m           ", "port": "2"}, {"mac": "00:50:56:9f:00:d5", "vlan_name": "Synapsis_Desa_Serv2", "vlan_id": "1050", "flag": "d m           ", "port": "24"}, {"mac": "00:50:56:9f:00:da", "vlan_name": "Synapsis_Desa_Serv", "vlan_id": "1049", "flag": "d m           ", "port": "24"}, {"mac": "00:50:56:9f:01:c5", "vlan_name": "Synapsis_Desa_Serv2", "vlan_id": "1050", "flag": "d m           ", "port": "24"}, {"mac": "00:50:56:9f:02:dc", "vlan_name": "Synapsis_Mgmt", "vlan_id": "1052", "flag": "d m           ", "port": "24"}, {"mac": "00:50:56:9f:02:ec", "vlan_name": "Synapsis_Desa_Serv2", "vlan_id": "1050", "flag": "d m           ", "port": "24"}, {"mac": "00:50:56:9f:03:87", "vlan_name": "Synapsis_Mgmt", "vlan_id": "1052", "flag": "d m           ", "port": "24"}, {"mac": "00:50:56:9f:09:df", "vlan_name": "Synapsis_Desa_Serv2", "vlan_id": "1050", "flag": "d m           ", "port": "24"}, {"mac": "00:50:56:9f:09:ea", "vlan_name": "Synapsis_Desa_Serv2", "vlan_id": "1050", "flag": "d m           ", "port": "24"}, {"mac": "00:50:56:9f:0c:9e", "vlan_name": "Synapsis_Desa_Serv2", "vlan_id": "1050", "flag": "d m           ", "port": "24"}, {"mac": "00:50:56:9f:0f:b6", "vlan_name": "Synapsis_Desa_Serv2", "vlan_id": "1050", "flag": "d m           ", "port": "24"}, {"mac": "00:50:56:9f:10:cb", "vlan_name": "Synapsis_Desa_Serv2", "vlan_id": "1050", "flag": "d m           ", "port": "24"}, {"mac": "00:50:56:9f:15:e8", "vlan_name": "Synapsis_Desa_Serv2", "vlan_id": "1050", "flag": "d m           ", "port": "24"}, {"mac": "00:50:56:9f:19:1b", "vlan_name": "Synapsis_Desa_Serv2", "vlan_id": "1050", "flag": "d m           ", "port": "24"}, {"mac": "00:50:56:9f:1b:c9", "vlan_name": "Synapsis_Desa_Serv", "vlan_id": "1049", "flag": "d m           ", "port": "24"}, {"mac": "00:50:56:9f:20:e0", "vlan_name": "Synapsis_Mgmt", "vlan_id": "1052", "flag": "d m           ", "port": "24"}, {"mac": "00:50:56:9f:21:98", "vlan_name": "Synapsis_Desa_Serv", "vlan_id": "1049", "flag": "d m           ", "port": "24"}, {"mac": "00:50:56:9f:24:54", "vlan_name": "Synapsis_Desa_Serv2", "vlan_id": "1050", "flag": "d m           ", "port": "24"}, {"mac": "00:50:56:9f:26:2f", "vlan_name": "Synapsis_Desa_Serv2", "vlan_id": "1050", "flag": "d m           ", "port": "24"}, {"mac": "00:50:56:9f:26:c4", "vlan_name": "Synapsis_Desa_Serv2", "vlan_id": "1050", "flag": "d m           ", "port": "24"}, {"mac": "00:50:56:9f:27:fb", "vlan_name": "Synapsis_Desa_Serv", "vlan_id": "1049", "flag": "d m           ", "port": "24"}, {"mac": "00:50:56:9f:2a:87", "vlan_name": "Synapsis_Desa_Serv2", "vlan_id": "1050", "flag": "d m           ", "port": "24"}, {"mac": "00:50:56:9f:2d:57", "vlan_name": "Synapsis_Desa_Serv2", "vlan_id": "1050", "flag": "d m           ", "port": "24"}, {"mac": "00:50:56:9f:35:70", "vlan_name": "Synapsis_Desa_Serv2", "vlan_id": "1050", "flag": "d m           ", "port": "24"}, {"mac": "00:50:56:9f:38:64", "vlan_name": "Synapsis_Desa_Serv2", "vlan_id": "1050", "flag": "d m           ", "port": "24"}, {"mac": "00:50:56:9f:39:f0", "vlan_name": "Synapsis_Desa_Serv", "vlan_id": "1049", "flag": "d m           ", "port": "24"}, {"mac": "00:50:56:9f:3d:24", "vlan_name": "Synapsis_Desa_Serv2", "vlan_id": "1050", "flag": "d m           ", "port": "24"}, {"mac": "00:50:56:9f:3d:c0", "vlan_name": "Synapsis_Desa_Serv", "vlan_id": "1049", "flag": "d m           ", "port": "24"}, {"mac": "00:50:56:9f:3f:64", "vlan_name": "Synapsis_Desa_Serv", "vlan_id": "1049", "flag": "d m           ", "port": "24"}, {"mac": "00:50:56:9f:40:f0", "vlan_name": "Synapsis_Mgmt", "vlan_id": "1052", "flag": "d m           ", "port": "24"}, {"mac": "00:50:56:9f:42:64", "vlan_name": "Synapsis_Desa_Serv2", "vlan_id": "1050", "flag": "d m           ", "port": "24"}, {"mac": "00:50:56:9f:42:d9", "vlan_name": "Synapsis_Desa_Serv", "vlan_id": "1049", "flag": "d m           ", "port": "24"}, {"mac": "00:50:56:9f:47:33", "vlan_name": "Synapsis_Desa_Serv", "vlan_id": "1049", "flag": "d m           ", "port": "24"}, {"mac": "00:50:56:9f:4c:67", "vlan_name": "Synapsis_Mgmt", "vlan_id": "1052", "flag": "d m           ", "port": "24"}, {"mac": "00:50:56:9f:4e:ba", "vlan_name": "Synapsis_Desa_Serv", "vlan_id": "1049", "flag": "d m           ", "port": "24"}, {"mac": "00:50:56:9f:58:c2", "vlan_name": "Synapsis_Mgmt", "vlan_id": "1052", "flag": "d m           ", "port": "24"}, {"mac": "00:50:56:9f:5e:08", "vlan_name": "Synapsis_Desa_Serv2", "vlan_id": "1050", "flag": "d m           ", "port": "24"}, {"mac": "00:50:56:9f:60:45", "vlan_name": "Synapsis_Desa_Serv2", "vlan_id": "1050", "flag": "d m           ", "port": "24"}, {"mac": "00:50:56:9f:60:53", "vlan_name": "Synapsis_Desa_Serv", "vlan_id": "1049", "flag": "d m           ", "port": "24"}, {"mac": "00:50:56:9f:63:66", "vlan_name": "Synapsis_Desa_Serv2", "vlan_id": "1050", "flag": "d m           ", "port": "24"}, {"mac": "00:50:56:9f:6a:d0", "vlan_name": "Synapsis_Mgmt", "vlan_id": "1052", "flag": "d m           ", "port": "24"}, {"mac": "00:50:56:9f:6c:37", "vlan_name": "Synapsis_Desa_Serv2", "vlan_id": "1050", "flag": "d m           ", "port": "24"}, {"mac": "00:50:56:9f:6e:7b", "vlan_name": "Synapsis_Desa_Serv2", "vlan_id": "1050", "flag": "d m           ", "port": "24"}, {"mac": "00:50:56:9f:70:4d", "vlan_name": "Synapsis_Desa_Serv2", "vlan_id": "1050", "flag": "d m           ", "port": "24"}, {"mac": "00:50:56:9f:7c:35", "vlan_name": "Synapsis_Desa_Serv", "vlan_id": "1049", "flag": "d m           ", "port": "24"}, {"mac": "00:50:56:9f:7d:31", "vlan_name": "Synapsis_Desa_Serv2", "vlan_id": "1050", "flag": "d m           ", "port": "24"}, {"mac": "00:50:56:9f:7d:cb", "vlan_name": "Synapsis_Desa_Serv", "vlan_id": "1049", "flag": "d m           ", "port": "24"}, {"mac": "00:50:56:b3:1d:0b", "vlan_name": "DMZ_Desarrollo", "vlan_id": "142", "flag": "d m           ", "port": "24"}, {"mac": "00:50:56:b3:22:e1", "vlan_name": "DMZ_Desarrollo", "vlan_id": "142", "flag": "d m           ", "port": "24"}, {"mac": "00:50:56:b3:2a:11", "vlan_name": "DMZ_Desarrollo", "vlan_id": "142", "flag": "d m           ", "port": "24"}, {"mac": "00:50:56:b3:30:f3", "vlan_name": "DMZ_Desarrollo", "vlan_id": "142", "flag": "d m           ", "port": "24"}, {"mac": "00:50:56:b3:39:1a", "vlan_name": "DMZ_Desarrollo", "vlan_id": "142", "flag": "d m           ", "port": "24"}, {"mac": "00:50:56:b3:58:33", "vlan_name": "DMZ_Desarrollo", "vlan_id": "142", "flag": "d m           ", "port": "24"}, {"mac": "00:50:56:b3:5f:69", "vlan_name": "DMZ_Desarrollo", "vlan_id": "142", "flag": "d m           ", "port": "24"}, {"mac": "00:50:56:b3:70:fc", "vlan_name": "DMZ_Desarrollo", "vlan_id": "142", "flag": "d m           ", "port": "24"}, {"mac": "00:50:56:b3:71:b0", "vlan_name": "DMZ_Desarrollo", "vlan_id": "142", "flag": "d m           ", "port": "24"}, {"mac": "00:50:56:b3:71:d2", "vlan_name": "DMZ_Desarrollo", "vlan_id": "142", "flag": "d m           ", "port": "24"}, {"mac": "00:62:ec:b3:e8:f2", "vlan_name": "Synapsis", "vlan_id": "1041", "flag": "d m           ", "port": "24"}, {"mac": "00:62:ec:b3:e8:f2", "vlan_name": "Synapsis_Desa_Serv", "vlan_id": "1049", "flag": "d m           ", "port": "24"}, {"mac": "00:62:ec:b3:e8:f2", "vlan_name": "Synapsis_BalanceoVip", "vlan_id": "1047", "flag": "d m           ", "port": "24"}, {"mac": "00:62:ec:b3:e8:f2", "vlan_name": "Synapsis_BalanceoSrv", "vlan_id": "1048", "flag": "d m           ", "port": "24"}, {"mac": "00:62:ec:b3:e8:f2", "vlan_name": "Synapsis_Desa_Serv2", "vlan_id": "1050", "flag": "d m           ", "port": "24"}, {"mac": "00:62:ec:b3:e8:f2", "vlan_name": "Synapsis_Mgmt", "vlan_id": "1052", "flag": "d m           ", "port": "24"}, {"mac": "10:98:36:98:0e:d1", "vlan_name": "DMZ_Desarrollo3", "vlan_id": "143", "flag": "d m           ", "port": "24"}, {"mac": "10:98:36:98:0e:eb", "vlan_name": "DMZ_Desarrollo3", "vlan_id": "143", "flag": "d m           ", "port": "24"}, {"mac": "10:98:36:98:0f:3c", "vlan_name": "DMZ_Desarrollo3", "vlan_id": "143", "flag": "d m           ", "port": "24"}, {"mac": "14:58:d0:50:f0:96", "vlan_name": "DMZ_Desarrollo2", "vlan_id": "139", "flag": "d m           ", "port": "2"}, {"mac": "40:a8:f0:1f:28:f8", "vlan_name": "DMZ_Desarrollo2", "vlan_id": "139", "flag": "d m           ", "port": "9"}, {"mac": "40:f2:e9:07:b0:c2", "vlan_name": "DMZ_Desarrollo", "vlan_id": "142", "flag": "d m           ", "port": "24"}, {"mac": "40:f2:e9:5c:53:60", "vlan_name": "DMZ_Desarrollo2", "vlan_id": "139", "flag": "d m           ", "port": "18"}, {"mac": "40:f2:e9:c2:aa:f8", "vlan_name": "DMZ_Desarrollo2", "vlan_id": "139", "flag": "d m           ", "port": "15"}, {"mac": "40:f2:e9:c3:74:68", "vlan_name": "DMZ_Desarrollo2", "vlan_id": "139", "flag": "d m           ", "port": "15"}, {"mac": "40:f2:e9:c3:74:6a", "vlan_name": "PDI_Desarrollo", "vlan_id": "136", "flag": "d m           ", "port": "16"}, {"mac": "40:f2:e9:c3:87:40", "vlan_name": "DMZ_Desarrollo2", "vlan_id": "139", "flag": "d m           ", "port": "15"}, {"mac": "40:f2:e9:c3:87:42", "vlan_name": "PDI_Desarrollo", "vlan_id": "136", "flag": "d m           ", "port": "16"}, {"mac": "40:f2:e9:c3:b0:a8", "vlan_name": "DMZ_Desarrollo2", "vlan_id": "139", "flag": "d m           ", "port": "15"}, {"mac": "40:f2:e9:c3:b3:48", "vlan_name": "DMZ_Desarrollo2", "vlan_id": "139", "flag": "d m           ", "port": "15"}, {"mac": "40:f2:e9:c3:d2:50", "vlan_name": "DMZ_Desarrollo2", "vlan_id": "139", "flag": "d m           ", "port": "15"}, {"mac": "40:f2:e9:c3:d8:68", "vlan_name": "DMZ_Desarrollo2", "vlan_id": "139", "flag": "d m           ", "port": "15"}, {"mac": "40:f2:e9:c3:d8:6c", "vlan_name": "DMZ_Desarrollo2", "vlan_id": "139", "flag": "d m           ", "port": "16"}, {"mac": "40:f2:e9:c3:eb:58", "vlan_name": "DMZ_Desarrollo2", "vlan_id": "139", "flag": "d m           ", "port": "15"}, {"mac": "50:6b:8d:02:24:bd", "vlan_name": "Synapsis_Desa_Serv", "vlan_id": "1049", "flag": "d m           ", "port": "24"}, {"mac": "50:6b:8d:06:4f:70", "vlan_name": "Synapsis_Desa_Serv", "vlan_id": "1049", "flag": "d m           ", "port": "24"}, {"mac": "50:6b:8d:07:dd:14", "vlan_name": "Synapsis_Desa_Serv", "vlan_id": "1049", "flag": "d m           ", "port": "24"}, {"mac": "50:6b:8d:14:00:5a", "vlan_name": "Synapsis_Desa_Serv2", "vlan_id": "1050", "flag": "d m           ", "port": "24"}, {"mac": "50:6b:8d:15:d2:35", "vlan_name": "Synapsis_Desa_Serv2", "vlan_id": "1050", "flag": "d m           ", "port": "24"}, {"mac": "50:6b:8d:20:61:47", "vlan_name": "Synapsis_Desa_Serv2", "vlan_id": "1050", "flag": "d m           ", "port": "24"}, {"mac": "50:6b:8d:21:96:75", "vlan_name": "Synapsis_Desa_Serv2", "vlan_id": "1050", "flag": "d m           ", "port": "24"}, {"mac": "50:6b:8d:2c:30:a0", "vlan_name": "Synapsis_Desa_Serv2", "vlan_id": "1050", "flag": "d m           ", "port": "24"}, {"mac": "50:6b:8d:36:b0:34", "vlan_name": "Synapsis_Desa_Serv2", "vlan_id": "1050", "flag": "d m           ", "port": "24"}, {"mac": "50:6b:8d:37:3e:f4", "vlan_name": "Synapsis_Desa_Serv2", "vlan_id": "1050", "flag": "d m           ", "port": "24"}, {"mac": "50:6b:8d:3b:32:a1", "vlan_name": "Synapsis_Mgmt", "vlan_id": "1052", "flag": "d m           ", "port": "24"}, {"mac": "50:6b:8d:3f:bb:e1", "vlan_name": "Synapsis_Desa_Serv", "vlan_id": "1049", "flag": "d m           ", "port": "24"}, {"mac": "50:6b:8d:41:75:6e", "vlan_name": "Synapsis_Mgmt", "vlan_id": "1052", "flag": "d m           ", "port": "24"}, {"mac": "50:6b:8d:43:1c:81", "vlan_name": "Synapsis_Desa_Serv", "vlan_id": "1049", "flag": "d m           ", "port": "24"}, {"mac": "50:6b:8d:4b:24:d0", "vlan_name": "Synapsis_Desa_Serv", "vlan_id": "1049", "flag": "d m           ", "port": "24"}, {"mac": "50:6b:8d:59:7b:e8", "vlan_name": "Synapsis_Desa_Serv", "vlan_id": "1049", "flag": "d m           ", "port": "24"}, {"mac": "50:6b:8d:5e:83:08", "vlan_name": "Synapsis_Desa_Serv2", "vlan_id": "1050", "flag": "d m           ", "port": "24"}, {"mac": "50:6b:8d:5f:d7:66", "vlan_name": "Synapsis_Mgmt", "vlan_id": "1052", "flag": "d m           ", "port": "24"}, {"mac": "50:6b:8d:63:c7:df", "vlan_name": "Synapsis_Desa_Serv", "vlan_id": "1049", "flag": "d m           ", "port": "24"}, {"mac": "50:6b:8d:79:c2:56", "vlan_name": "Synapsis_Mgmt", "vlan_id": "1052", "flag": "d m           ", "port": "24"}, {"mac": "50:6b:8d:82:4b:1c", "vlan_name": "Synapsis_Desa_Serv", "vlan_id": "1049", "flag": "d m           ", "port": "24"}, {"mac": "50:6b:8d:85:c5:44", "vlan_name": "Synapsis_Desa_Serv2", "vlan_id": "1050", "flag": "d m           ", "port": "24"}, {"mac": "50:6b:8d:89:ce:28", "vlan_name": "Synapsis_Desa_Serv", "vlan_id": "1049", "flag": "d m           ", "port": "24"}, {"mac": "50:6b:8d:8a:5a:20", "vlan_name": "Synapsis_Desa_Serv2", "vlan_id": "1050", "flag": "d m           ", "port": "24"}, {"mac": "50:6b:8d:90:de:9a", "vlan_name": "Synapsis_Desa_Serv2", "vlan_id": "1050", "flag": "d m           ", "port": "24"}, {"mac": "50:6b:8d:93:46:2d", "vlan_name": "Synapsis_Desa_Serv2", "vlan_id": "1050", "flag": "d m           ", "port": "24"}, {"mac": "50:6b:8d:9f:5c:6c", "vlan_name": "Synapsis_Mgmt", "vlan_id": "1052", "flag": "d m           ", "port": "24"}, {"mac": "50:6b:8d:a2:08:b0", "vlan_name": "Synapsis_Desa_Serv", "vlan_id": "1049", "flag": "d m           ", "port": "24"}, {"mac": "50:6b:8d:a2:f6:52", "vlan_name": "Synapsis_Mgmt", "vlan_id": "1052", "flag": "d m           ", "port": "24"}, {"mac": "50:6b:8d:a9:7a:08", "vlan_name": "Synapsis_Desa_Serv2", "vlan_id": "1050", "flag": "d m           ", "port": "24"}, {"mac": "50:6b:8d:ab:85:e3", "vlan_name": "Synapsis_Mgmt", "vlan_id": "1052", "flag": "d m           ", "port": "24"}, {"mac": "50:6b:8d:af:b5:c0", "vlan_name": "Synapsis_Desa_Serv2", "vlan_id": "1050", "flag": "d m           ", "port": "24"}, {"mac": "50:6b:8d:bf:a1:0f", "vlan_name": "Synapsis_Desa_Serv2", "vlan_id": "1050", "flag": "d m           ", "port": "24"}, {"mac": "50:6b:8d:c2:04:89", "vlan_name": "Synapsis_Desa_Serv2", "vlan_id": "1050", "flag": "d m           ", "port": "24"}, {"mac": "50:6b:8d:df:68:23", "vlan_name": "Synapsis_Desa_Serv2", "vlan_id": "1050", "flag": "d m           ", "port": "24"}, {"mac": "50:6b:8d:ef:15:73", "vlan_name": "Synapsis_Mgmt", "vlan_id": "1052", "flag": "d m           ", "port": "24"}, {"mac": "50:6b:8d:f0:4b:21", "vlan_name": "Synapsis_Mgmt", "vlan_id": "1052", "flag": "d m           ", "port": "24"}, {"mac": "50:6b:8d:f1:68:27", "vlan_name": "Synapsis_Desa_Serv2", "vlan_id": "1050", "flag": "d m           ", "port": "24"}, {"mac": "50:6b:8d:f9:92:b0", "vlan_name": "Synapsis_Mgmt", "vlan_id": "1052", "flag": "d m           ", "port": "24"}, {"mac": "50:6b:8d:fb:cc:ac", "vlan_name": "Synapsis_Mgmt", "vlan_id": "1052", "flag": "d m           ", "port": "24"}, {"mac": "50:6b:8d:ff:00:e8", "vlan_name": "Synapsis_Desa_Serv2", "vlan_id": "1050", "flag": "d m           ", "port": "24"}, {"mac": "50:6b:8d:ff:71:8d", "vlan_name": "Synapsis_Desa_Serv2", "vlan_id": "1050", "flag": "d m           ", "port": "24"}, {"mac": "5c:f3:fc:05:c9:61", "vlan_name": "DMZ_Desarrollo", "vlan_id": "142", "flag": "d m           ", "port": "24"}, {"mac": "5c:f3:fc:05:c9:72", "vlan_name": "DMZ_Desarrollo", "vlan_id": "142", "flag": "d m           ", "port": "24"}, {"mac": "5c:f3:fc:4b:c1:04", "vlan_name": "DMZ_Desarrollo", "vlan_id": "142", "flag": "d m           ", "port": "24"}, {"mac": "5c:f3:fc:4b:c6:74", "vlan_name": "DMZ_Desarrollo", "vlan_id": "142", "flag": "d m           ", "port": "24"}, {"mac": "6c:0b:84:b8:47:2e", "vlan_name": "DMZ_Desarrollo2", "vlan_id": "139", "flag": "d m           ", "port": "24"}, {"mac": "6c:ae:8b:31:94:b8", "vlan_name": "DMZ_Desarrollo3", "vlan_id": "143", "flag": "d m           ", "port": "5"}, {"mac": "6c:ae:8b:31:c1:90", "vlan_name": "DMZ_Desarrollo2", "vlan_id": "139", "flag": "d m           ", "port": "5"}, {"mac": "6c:ae:8b:31:c2:48", "vlan_name": "DMZ_Desarrollo2", "vlan_id": "139", "flag": "d m           ", "port": "5"}, {"mac": "6c:ae:8b:31:d1:d0", "vlan_name": "DMZ_Desarrollo2", "vlan_id": "139", "flag": "d m           ", "port": "15"}, {"mac": "6c:ae:8b:31:d4:c8", "vlan_name": "DMZ_Desarrollo2", "vlan_id": "139", "flag": "d m           ", "port": "5"}, {"mac": "6c:ae:8b:31:d5:68", "vlan_name": "DMZ_Desarrollo3", "vlan_id": "143", "flag": "d m           ", "port": "5"}, {"mac": "6c:ae:8b:31:d7:28", "vlan_name": "DMZ_Desarrollo3", "vlan_id": "143", "flag": "d m           ", "port": "5"}, {"mac": "6c:ae:8b:31:d7:90", "vlan_name": "DMZ_Desarrollo2", "vlan_id": "139", "flag": "d m           ", "port": "5"}, {"mac": "6c:ae:8b:31:d7:e0", "vlan_name": "DMZ_Desarrollo2", "vlan_id": "139", "flag": "d m           ", "port": "5"}, {"mac": "6c:ae:8b:31:d8:60", "vlan_name": "DMZ_Desarrollo2", "vlan_id": "139", "flag": "d m           ", "port": "5"}, {"mac": "6c:ae:8b:31:d9:b0", "vlan_name": "DMZ_Desarrollo2", "vlan_id": "139", "flag": "d m           ", "port": "15"}, {"mac": "6c:ae:8b:33:bd:98", "vlan_name": "DMZ_Desarrollo2", "vlan_id": "139", "flag": "d m           ", "port": "5"}, {"mac": "6c:ae:8b:34:3b:40", "vlan_name": "DMZ_Desarrollo2", "vlan_id": "139", "flag": "d m           ", "port": "10"}, {"mac": "6c:ae:8b:34:3d:60", "vlan_name": "DMZ_Desarrollo2", "vlan_id": "139", "flag": "d m           ", "port": "5"}, {"mac": "6c:ae:8b:34:43:18", "vlan_name": "DMZ_Desarrollo2", "vlan_id": "139", "flag": "d m           ", "port": "10"}, {"mac": "6c:ae:8b:34:47:d8", "vlan_name": "DMZ_Desarrollo2", "vlan_id": "139", "flag": "d m           ", "port": "10"}, {"mac": "6c:ae:8b:34:56:b0", "vlan_name": "DMZ_Desarrollo2", "vlan_id": "139", "flag": "d m           ", "port": "15"}, {"mac": "6c:ae:8b:34:65:10", "vlan_name": "DMZ_Desarrollo2", "vlan_id": "139", "flag": "d m           ", "port": "15"}, {"mac": "6c:ae:8b:34:db:a8", "vlan_name": "DMZ_Desarrollo2", "vlan_id": "139", "flag": "d m           ", "port": "10"}, {"mac": "6c:ae:8b:34:e5:68", "vlan_name": "DMZ_Desarrollo2", "vlan_id": "139", "flag": "d m           ", "port": "5"}, {"mac": "6c:ae:8b:34:fb:20", "vlan_name": "DMZ_Desarrollo2", "vlan_id": "139", "flag": "d m           ", "port": "10"}, {"mac": "6c:ae:8b:53:bf:1b", "vlan_name": "DMZ_Desarrollo2", "vlan_id": "139", "flag": "d m           ", "port": "12"}, {"mac": "74:46:a0:73:44:a3", "vlan_name": "DMZ_Desarrollo2", "vlan_id": "139", "flag": "d m           ", "port": "3"}, {"mac": "74:46:a0:73:74:a3", "vlan_name": "DMZ_Desarrollo2", "vlan_id": "139", "flag": "d m           ", "port": "4"}, {"mac": "78:e7:d1:7c:46:ea", "vlan_name": "DMZ_Desarrollo", "vlan_id": "142", "flag": "d m           ", "port": "24"}, {"mac": "80:18:44:eb:c4:1c", "vlan_name": "DMZ_Desa_Motores", "vlan_id": "1803", "flag": "d m           ", "port": "7"}, {"mac": "90:e2:ba:6f:00:6e", "vlan_name": "DMZ_Desarrollo2", "vlan_id": "139", "flag": "d m           ", "port": "23"}, {"mac": "98:be:94:49:13:32", "vlan_name": "DMZ_Desarrollo3", "vlan_id": "143", "flag": "d m           ", "port": "24"}, {"mac": "a8:97:dc:90:69:2b", "vlan_name": "DMZ_Desarrollo2", "vlan_id": "139", "flag": "d m           ", "port": "5"}, {"mac": "a8:97:dc:99:24:2b", "vlan_name": "DMZ_Desarrollo2", "vlan_id": "139", "flag": "d m           ", "port": "11"}, {"mac": "a8:97:dc:99:42:2b", "vlan_name": "DMZ_Desarrollo2", "vlan_id": "139", "flag": "d m           ", "port": "10"}, {"mac": "b4:0c:25:ef:40:11", "vlan_name": "DMZ_Desarrollo", "vlan_id": "142", "flag": "d m           ", "port": "24"}, {"mac": "b4:de:31:ad:28:75", "vlan_name": "Synapsis", "vlan_id": "1041", "flag": "d m           ", "port": "24"}, {"mac": "b4:de:31:ad:28:75", "vlan_name": "Synapsis_Desa_Serv", "vlan_id": "1049", "flag": "d m           ", "port": "24"}, {"mac": "b4:de:31:ad:28:75", "vlan_name": "Synapsis_BalanceoVip", "vlan_id": "1047", "flag": "d m           ", "port": "24"}, {"mac": "b4:de:31:ad:28:75", "vlan_name": "Synapsis_BalanceoSrv", "vlan_id": "1048", "flag": "d m           ", "port": "24"}, {"mac": "b4:de:31:ad:28:75", "vlan_name": "Synapsis_Desa_Serv2", "vlan_id": "1050", "flag": "d m           ", "port": "24"}, {"mac": "b4:de:31:ad:28:75", "vlan_name": "Synapsis_Mgmt", "vlan_id": "1052", "flag": "d m           ", "port": "24"}, {"mac": "b4:de:31:ad:28:75", "vlan_name": "PDI_Desarrollo", "vlan_id": "136", "flag": "d m           ", "port": "24"}, {"mac": "b4:de:31:c5:8c:bf", "vlan_name": "Synapsis", "vlan_id": "1041", "flag": "d m           ", "port": "24"}, {"mac": "b4:de:31:c5:8c:bf", "vlan_name": "Synapsis_Desa_Serv", "vlan_id": "1049", "flag": "d m           ", "port": "24"}, {"mac": "b4:de:31:c5:8c:bf", "vlan_name": "Synapsis_BalanceoVip", "vlan_id": "1047", "flag": "d m           ", "port": "24"}, {"mac": "b4:de:31:c5:8c:bf", "vlan_name": "Synapsis_BalanceoSrv", "vlan_id": "1048", "flag": "d m           ", "port": "24"}, {"mac": "b4:de:31:c5:8c:bf", "vlan_name": "Synapsis_Desa_Serv2", "vlan_id": "1050", "flag": "d m           ", "port": "24"}, {"mac": "b4:de:31:c5:8c:bf", "vlan_name": "Synapsis_Mgmt", "vlan_id": "1052", "flag": "d m           ", "port": "24"}, {"mac": "b4:de:31:c5:8c:bf", "vlan_name": "PDI_Desarrollo", "vlan_id": "136", "flag": "d m           ", "port": "24"}, {"mac": "cc:16:7e:fa:31:94", "vlan_name": "Synapsis", "vlan_id": "1041", "flag": "d m           ", "port": "24"}, {"mac": "cc:16:7e:fa:31:94", "vlan_name": "Synapsis_Desa_Serv", "vlan_id": "1049", "flag": "d m           ", "port": "24"}, {"mac": "cc:16:7e:fa:31:94", "vlan_name": "Synapsis_BalanceoVip", "vlan_id": "1047", "flag": "d m           ", "port": "24"}, {"mac": "cc:16:7e:fa:31:94", "vlan_name": "Synapsis_BalanceoSrv", "vlan_id": "1048", "flag": "d m           ", "port": "24"}, {"mac": "cc:16:7e:fa:31:94", "vlan_name": "Synapsis_Desa_Serv2", "vlan_id": "1050", "flag": "d m           ", "port": "24"}, {"mac": "cc:16:7e:fa:31:94", "vlan_name": "Synapsis_Mgmt", "vlan_id": "1052", "flag": "d m           ", "port": "24"}, {"mac": "e0:4f:43:06:22:1c", "vlan_name": "DMZ_Desarrollo2", "vlan_id": "139", "flag": "d m           ", "port": "24"}]