[{"vlan_name": "Default", "vlan_id": "1"}, {"vlan_name": "DMZ_Desa_Motores", "vlan_id": "1803"}, {"vlan_name": "DMZ_Desarrollo", "vlan_id": "142"}, {"vlan_name": "DMZ_Desarrollo2", "vlan_id": "139"}, {"vlan_name": "DMZ_Desarrollo3", "vlan_id": "143"}, {"vlan_name": "Mgmt", "vlan_id": "4095"}, {"vlan_name": "PDI_Desarrollo", "vlan_id": "136"}, {"vlan_name": "Synapsis", "vlan_id": "1041"}, {"vlan_name": "Synapsis_BalanceoSrv", "vlan_id": "1048"}, {"vlan_name": "Synapsis_BalanceoVip", "vlan_id": "1047"}, {"vlan_name": "Synapsis_Desa_Serv", "vlan_id": "1049"}, {"vlan_name": "Synapsis_Desa_Serv2", "vlan_id": "1050"}, {"vlan_name": "Synapsis_Mgmt", "vlan_id": "1052"}]