[{"port": "Port", "neighbor": "Neighbor", "neighbor_id": "Neighbor-ID", "remote_port": "Remote", "num_vlans": "Num"}, {"port": "5", "neighbor": "LV_RD35C_RESP_04", "neighbor_id": "00:00:00:04:96:82:5a:75", "remote_port": "1:22", "num_vlans": "0"}, {"port": "6", "neighbor": "LV_RD35C_RESP_04", "neighbor_id": "00:00:00:04:96:82:5a:75", "remote_port": "1:20", "num_vlans": "1"}, {"port": "24", "neighbor": "LV_RL29C_DESA_01", "neighbor_id": "00:00:00:04:96:37:1f:67", "remote_port": "1:22", "num_vlans": "11"}]