[{"mac": "00:00:87:53:c2:15", "vlan_name": "Consolas", "vlan_id": "4094", "flag": "d m           ", "port": "26"}, {"mac": "00:01:d7:c6:60:01", "vlan_name": "Consolas", "vlan_id": "4094", "flag": "d m           ", "port": "26"}, {"mac": "00:01:d7:eb:28:81", "vlan_name": "Consolas", "vlan_id": "4094", "flag": "d m           ", "port": "26"}, {"mac": "00:04:96:28:16:6b", "vlan_name": "Consolas", "vlan_id": "4094", "flag": "d m           ", "port": "26"}, {"mac": "00:04:96:36:8b:1a", "vlan_name": "Consolas", "vlan_id": "4094", "flag": "d m           ", "port": "26"}, {"mac": "00:04:96:36:8b:22", "vlan_name": "Consolas", "vlan_id": "4094", "flag": "d m           ", "port": "26"}, {"mac": "00:04:96:36:c7:51", "vlan_name": "Consolas", "vlan_id": "4094", "flag": "d m           ", "port": "26"}, {"mac": "00:04:96:36:f9:13", "vlan_name": "Consolas", "vlan_id": "4094", "flag": "d m           ", "port": "26"}, {"mac": "00:04:96:36:fb:c7", "vlan_name": "Consolas", "vlan_id": "4094", "flag": "d m           ", "port": "26"}, {"mac": "00:04:96:51:de:aa", "vlan_name": "Consolas", "vlan_id": "4094", "flag": "d m           ", "port": "26"}, {"mac": "00:04:96:51:de:c5", "vlan_name": "Consolas", "vlan_id": "4094", "flag": "d m           ", "port": "26"}, {"mac": "00:04:96:52:18:50", "vlan_name": "Consolas", "vlan_id": "4094", "flag": "d m           ", "port": "22"}, {"mac": "00:04:96:52:18:9a", "vlan_name": "Consolas", "vlan_id": "4094", "flag": "d m           ", "port": "26"}, {"mac": "00:04:96:52:2b:f6", "vlan_name": "Consolas", "vlan_id": "4094", "flag": "d m           ", "port": "26"}, {"mac": "00:04:96:52:2c:c2", "vlan_name": "Consolas", "vlan_id": "4094", "flag": "d m           ", "port": "26"}, {"mac": "00:04:96:52:43:06", "vlan_name": "Consolas", "vlan_id": "4094", "flag": "d m           ", "port": "26"}, {"mac": "00:04:96:52:43:83", "vlan_name": "Consolas", "vlan_id": "4094", "flag": "d m           ", "port": "21"}, {"mac": "00:04:96:6d:6c:ce", "vlan_name": "Consolas", "vlan_id": "4094", "flag": "d m           ", "port": "26"}, {"mac": "00:04:96:7d:e3:1c", "vlan_name": "Consolas", "vlan_id": "4094", "flag": "d m           ", "port": "26"}, {"mac": "00:04:96:7d:e8:9a", "vlan_name": "Consolas", "vlan_id": "4094", "flag": "d m           ", "port": "26"}, {"mac": "00:04:96:7d:e8:a2", "vlan_name": "Consolas", "vlan_id": "4094", "flag": "d m           ", "port": "26"}, {"mac": "00:04:96:7e:03:87", "vlan_name": "Consolas", "vlan_id": "4094", "flag": "d m           ", "port": "26"}, {"mac": "00:04:96:82:14:54", "vlan_name": "Consolas", "vlan_id": "4094", "flag": "d m           ", "port": "26"}, {"mac": "00:04:96:82:14:80", "vlan_name": "Consolas", "vlan_id": "4094", "flag": "d m           ", "port": "26"}, {"mac": "00:04:96:82:1a:8a", "vlan_name": "Consolas", "vlan_id": "4094", "flag": "d m           ", "port": "26"}, {"mac": "00:04:96:82:5a:4f", "vlan_name": "Consolas", "vlan_id": "4094", "flag": "d m           ", "port": "26"}, {"mac": "00:04:96:82:5a:71", "vlan_name": "Consolas", "vlan_id": "4094", "flag": "d m           ", "port": "26"}, {"mac": "00:04:96:82:5a:75", "vlan_name": "Consolas", "vlan_id": "4094", "flag": "d m           ", "port": "26"}, {"mac": "00:04:96:82:60:03", "vlan_name": "Consolas", "vlan_id": "4094", "flag": "d m           ", "port": "26"}, {"mac": "00:04:96:82:60:05", "vlan_name": "Consolas", "vlan_id": "4094", "flag": "d m           ", "port": "26"}, {"mac": "00:04:96:82:60:4e", "vlan_name": "Consolas", "vlan_id": "4094", "flag": "d m           ", "port": "26"}, {"mac": "00:04:96:82:60:50", "vlan_name": "Consolas", "vlan_id": "4094", "flag": "d m           ", "port": "26"}, {"mac": "00:04:96:83:83:9b", "vlan_name": "Consolas", "vlan_id": "4094", "flag": "d m           ", "port": "26"}, {"mac": "00:04:96:83:84:10", "vlan_name": "Consolas", "vlan_id": "4094", "flag": "d m           ", "port": "26"}, {"mac": "00:04:96:83:85:bb", "vlan_name": "Consolas", "vlan_id": "4094", "flag": "d m           ", "port": "26"}, {"mac": "00:04:96:83:87:b0", "vlan_name": "Consolas", "vlan_id": "4094", "flag": "d m           ", "port": "26"}, {"mac": "00:04:96:83:87:f3", "vlan_name": "Consolas", "vlan_id": "4094", "flag": "d m           ", "port": "26"}, {"mac": "00:04:96:8b:8f:d6", "vlan_name": "Consolas", "vlan_id": "4094", "flag": "d m           ", "port": "26"}, {"mac": "00:04:96:8b:90:00", "vlan_name": "Consolas", "vlan_id": "4094", "flag": "d m           ", "port": "26"}, {"mac": "00:04:96:8b:90:05", "vlan_name": "Consolas", "vlan_id": "4094", "flag": "d m           ", "port": "26"}, {"mac": "00:04:96:8b:90:17", "vlan_name": "Consolas", "vlan_id": "4094", "flag": "d m           ", "port": "26"}, {"mac": "00:04:96:8b:90:66", "vlan_name": "Consolas", "vlan_id": "4094", "flag": "d m           ", "port": "26"}, {"mac": "00:04:96:8b:97:f4", "vlan_name": "Consolas", "vlan_id": "4094", "flag": "d m           ", "port": "26"}, {"mac": "00:04:96:8b:98:1b", "vlan_name": "Consolas", "vlan_id": "4094", "flag": "d m           ", "port": "26"}, {"mac": "00:04:96:8b:98:55", "vlan_name": "Consolas", "vlan_id": "4094", "flag": "d m           ", "port": "26"}, {"mac": "00:04:96:8f:b6:e9", "vlan_name": "Consolas", "vlan_id": "4094", "flag": "d m           ", "port": "26"}, {"mac": "00:04:96:8f:bb:61", "vlan_name": "Consolas", "vlan_id": "4094", "flag": "d m           ", "port": "26"}, {"mac": "00:04:96:8f:bb:67", "vlan_name": "Consolas", "vlan_id": "4094", "flag": "d m           ", "port": "26"}, {"mac": "00:04:96:97:88:b9", "vlan_name": "Consolas", "vlan_id": "4094", "flag": "d m           ", "port": "26"}, {"mac": "00:04:96:97:8b:f8", "vlan_name": "Consolas", "vlan_id": "4094", "flag": "d m           ", "port": "26"}, {"mac": "00:04:96:97:8d:77", "vlan_name": "Consolas", "vlan_id": "4094", "flag": "d m           ", "port": "26"}, {"mac": "00:04:96:97:c4:f2", "vlan_name": "Consolas", "vlan_id": "4094", "flag": "d m           ", "port": "26"}, {"mac": "00:04:96:97:d3:3d", "vlan_name": "Consolas", "vlan_id": "4094", "flag": "d m           ", "port": "26"}, {"mac": "00:04:96:97:e5:fd", "vlan_name": "Consolas", "vlan_id": "4094", "flag": "d m           ", "port": "26"}, {"mac": "00:04:96:98:6e:ba", "vlan_name": "Consolas", "vlan_id": "4094", "flag": "d m           ", "port": "26"}, {"mac": "00:04:96:98:c9:48", "vlan_name": "Consolas", "vlan_id": "4094", "flag": "d m           ", "port": "26"}, {"mac": "00:04:96:98:cc:65", "vlan_name": "Consolas", "vlan_id": "4094", "flag": "d m           ", "port": "26"}, {"mac": "00:04:96:98:cc:ab", "vlan_name": "Consolas", "vlan_id": "4094", "flag": "d m           ", "port": "26"}, {"mac": "00:04:96:99:1c:46", "vlan_name": "Consolas", "vlan_id": "4094", "flag": "d m           ", "port": "26"}, {"mac": "00:04:96:99:1c:47", "vlan_name": "Consolas", "vlan_id": "4094", "flag": "d m           ", "port": "26"}, {"mac": "00:04:96:99:1c:49", "vlan_name": "Consolas", "vlan_id": "4094", "flag": "d m           ", "port": "26"}, {"mac": "00:04:96:99:64:a0", "vlan_name": "Consolas", "vlan_id": "4094", "flag": "d m           ", "port": "26"}, {"mac": "00:04:96:99:65:36", "vlan_name": "Consolas", "vlan_id": "4094", "flag": "d m           ", "port": "26"}, {"mac": "00:04:96:9b:42:ae", "vlan_name": "Consolas", "vlan_id": "4094", "flag": "d m           ", "port": "26"}, {"mac": "00:05:1e:0b:e0:6e", "vlan_name": "Consolas", "vlan_id": "4094", "flag": "d m           ", "port": "26"}, {"mac": "00:05:1e:37:1a:d0", "vlan_name": "Consolas", "vlan_id": "4094", "flag": "d m           ", "port": "26"}, {"mac": "00:05:1e:56:4d:57", "vlan_name": "Consolas", "vlan_id": "4094", "flag": "d m           ", "port": "26"}, {"mac": "00:05:33:50:a6:d9", "vlan_name": "Consolas", "vlan_id": "4094", "flag": "d m           ", "port": "26"}, {"mac": "00:05:33:6d:3a:4a", "vlan_name": "Consolas", "vlan_id": "4094", "flag": "d m           ", "port": "26"}, {"mac": "00:05:33:72:b3:ff", "vlan_name": "Consolas", "vlan_id": "4094", "flag": "d m           ", "port": "26"}, {"mac": "00:05:33:72:d9:79", "vlan_name": "Consolas", "vlan_id": "4094", "flag": "d m           ", "port": "26"}, {"mac": "00:11:25:41:94:6d", "vlan_name": "Consolas", "vlan_id": "4094", "flag": "d m           ", "port": "26"}, {"mac": "00:14:5e:0a:70:8e", "vlan_name": "Consolas", "vlan_id": "4094", "flag": "d m           ", "port": "26"}, {"mac": "00:1a:64:e3:74:27", "vlan_name": "Consolas", "vlan_id": "4094", "flag": "d m           ", "port": "26"}, {"mac": "00:1c:7f:3c:48:76", "vlan_name": "Consolas", "vlan_id": "4094", "flag": "d m           ", "port": "26"}, {"mac": "00:1f:29:6d:90:41", "vlan_name": "Consolas", "vlan_id": "4094", "flag": "d m           ", "port": "26"}, {"mac": "00:1f:67:b0:43:34", "vlan_name": "Consolas", "vlan_id": "4094", "flag": "d m           ", "port": "26"}, {"mac": "00:21:5e:11:b1:71", "vlan_name": "Consolas", "vlan_id": "4094", "flag": "d m           ", "port": "26"}, {"mac": "00:21:5e:2a:38:95", "vlan_name": "Consolas", "vlan_id": "4094", "flag": "d m           ", "port": "26"}, {"mac": "00:21:5e:43:0f:36", "vlan_name": "Consolas", "vlan_id": "4094", "flag": "d m           ", "port": "26"}, {"mac": "00:21:5e:43:1c:e2", "vlan_name": "Consolas", "vlan_id": "4094", "flag": "d m           ", "port": "26"}, {"mac": "00:21:5e:5e:1a:85", "vlan_name": "Consolas", "vlan_id": "4094", "flag": "d m           ", "port": "26"}, {"mac": "00:21:5e:5e:61:c9", "vlan_name": "Consolas", "vlan_id": "4094", "flag": "d m           ", "port": "26"}, {"mac": "00:21:5e:5e:62:39", "vlan_name": "Consolas", "vlan_id": "4094", "flag": "d m           ", "port": "26"}, {"mac": "00:21:5e:cb:9f:49", "vlan_name": "Consolas", "vlan_id": "4094", "flag": "d m           ", "port": "26"}, {"mac": "00:21:5e:de:32:bd", "vlan_name": "Consolas", "vlan_id": "4094", "flag": "d m           ", "port": "26"}, {"mac": "00:23:7d:65:1f:94", "vlan_name": "Consolas", "vlan_id": "4094", "flag": "d m           ", "port": "26"}, {"mac": "00:23:e9:40:74:01", "vlan_name": "Consolas", "vlan_id": "4094", "flag": "d m           ", "port": "26"}, {"mac": "00:24:81:76:2b:82", "vlan_name": "Consolas", "vlan_id": "4094", "flag": "d m           ", "port": "26"}, {"mac": "00:24:81:76:ca:7b", "vlan_name": "Consolas", "vlan_id": "4094", "flag": "d m           ", "port": "26"}, {"mac": "00:25:90:93:f2:be", "vlan_name": "Consolas", "vlan_id": "4094", "flag": "d m           ", "port": "26"}, {"mac": "00:26:55:26:37:ee", "vlan_name": "Consolas", "vlan_id": "4094", "flag": "d m           ", "port": "26"}, {"mac": "00:27:f8:65:62:a0", "vlan_name": "Consolas", "vlan_id": "4094", "flag": "d m           ", "port": "26"}, {"mac": "00:30:8c:1a:7e:2b", "vlan_name": "Consolas", "vlan_id": "4094", "flag": "d m           ", "port": "26"}, {"mac": "00:50:56:71:4b:68", "vlan_name": "Consolas", "vlan_id": "4094", "flag": "d m           ", "port": "26"}, {"mac": "00:50:56:73:75:75", "vlan_name": "Consolas", "vlan_id": "4094", "flag": "d m           ", "port": "26"}, {"mac": "00:50:56:75:37:58", "vlan_name": "Consolas", "vlan_id": "4094", "flag": "d m           ", "port": "26"}, {"mac": "00:60:16:3a:01:73", "vlan_name": "Consolas", "vlan_id": "4094", "flag": "d m           ", "port": "26"}, {"mac": "00:60:16:3a:01:a1", "vlan_name": "Consolas", "vlan_id": "4094", "flag": "d m           ", "port": "26"}, {"mac": "00:90:0b:4c:db:16", "vlan_name": "Consolas", "vlan_id": "4094", "flag": "d m           ", "port": "26"}, {"mac": "00:90:0b:50:8e:ce", "vlan_name": "Consolas", "vlan_id": "4094", "flag": "d m           ", "port": "26"}, {"mac": "00:e0:27:12:f0:ea", "vlan_name": "Consolas", "vlan_id": "4094", "flag": "d m           ", "port": "26"}, {"mac": "00:e0:4b:4b:41:bf", "vlan_name": "Consolas", "vlan_id": "4094", "flag": "d m           ", "port": "26"}, {"mac": "00:e0:86:16:10:41", "vlan_name": "Consolas", "vlan_id": "4094", "flag": "d m           ", "port": "26"}, {"mac": "00:e0:d8:15:51:8a", "vlan_name": "Consolas", "vlan_id": "4094", "flag": "d m           ", "port": "26"}, {"mac": "00:e0:ec:29:a1:1d", "vlan_name": "Consolas", "vlan_id": "4094", "flag": "d m           ", "port": "26"}, {"mac": "00:e0:ec:29:a4:50", "vlan_name": "Consolas", "vlan_id": "4094", "flag": "d m           ", "port": "26"}, {"mac": "00:e0:ec:29:a6:20", "vlan_name": "Consolas", "vlan_id": "4094", "flag": "d m           ", "port": "26"}, {"mac": "00:e0:ec:29:a6:70", "vlan_name": "Consolas", "vlan_id": "4094", "flag": "d m           ", "port": "26"}, {"mac": "00:e0:ec:29:a7:c0", "vlan_name": "Consolas", "vlan_id": "4094", "flag": "d m           ", "port": "26"}, {"mac": "00:e0:ec:8b:55:9c", "vlan_name": "Consolas", "vlan_id": "4094", "flag": "d m           ", "port": "26"}, {"mac": "02:04:96:7e:13:cc", "vlan_name": "Consolas", "vlan_id": "4094", "flag": "d m           ", "port": "26"}, {"mac": "02:04:96:97:ca:f7", "vlan_name": "Consolas", "vlan_id": "4094", "flag": "d m           ", "port": "26"}, {"mac": "02:04:96:98:80:b5", "vlan_name": "Consolas", "vlan_id": "4094", "flag": "d m           ", "port": "26"}, {"mac": "02:04:96:98:fb:39", "vlan_name": "Consolas", "vlan_id": "4094", "flag": "d m           ", "port": "26"}, {"mac": "02:04:96:99:0c:87", "vlan_name": "Consolas", "vlan_id": "4094", "flag": "d m           ", "port": "26"}, {"mac": "02:04:96:99:59:3e", "vlan_name": "Consolas", "vlan_id": "4094", "flag": "d m           ", "port": "26"}, {"mac": "08:00:1b:00:4f:f8", "vlan_name": "Consolas", "vlan_id": "4094", "flag": "d m           ", "port": "26"}, {"mac": "08:94:ef:4d:f6:1a", "vlan_name": "Consolas", "vlan_id": "4094", "flag": "d m           ", "port": "26"}, {"mac": "08:94:ef:52:ac:f0", "vlan_name": "Consolas", "vlan_id": "4094", "flag": "d m           ", "port": "26"}, {"mac": "08:94:ef:5c:ac:9c", "vlan_name": "Consolas", "vlan_id": "4094", "flag": "d m           ", "port": "26"}, {"mac": "0c:c4:7a:40:0f:99", "vlan_name": "Consolas", "vlan_id": "4094", "flag": "d m           ", "port": "26"}, {"mac": "0c:c4:7a:74:f6:c6", "vlan_name": "Consolas", "vlan_id": "4094", "flag": "d m           ", "port": "26"}, {"mac": "0c:c4:7a:97:de:90", "vlan_name": "Consolas", "vlan_id": "4094", "flag": "d m           ", "port": "26"}, {"mac": "0e:c4:7a:74:f7:a2", "vlan_name": "Consolas", "vlan_id": "4094", "flag": "d m           ", "port": "26"}, {"mac": "10:60:4b:a3:89:0b", "vlan_name": "Consolas", "vlan_id": "4094", "flag": "d m           ", "port": "26"}, {"mac": "10:60:4b:a3:b9:e1", "vlan_name": "Consolas", "vlan_id": "4094", "flag": "d m           ", "port": "26"}, {"mac": "10:60:4b:a3:bb:41", "vlan_name": "Consolas", "vlan_id": "4094", "flag": "d m           ", "port": "26"}, {"mac": "10:60:4b:a5:40:7b", "vlan_name": "Consolas", "vlan_id": "4094", "flag": "d m           ", "port": "26"}, {"mac": "14:18:77:41:a5:1e", "vlan_name": "Consolas", "vlan_id": "4094", "flag": "d m           ", "port": "26"}, {"mac": "14:18:77:46:f0:df", "vlan_name": "Consolas", "vlan_id": "4094", "flag": "d m           ", "port": "26"}, {"mac": "14:18:77:47:0d:82", "vlan_name": "Consolas", "vlan_id": "4094", "flag": "d m           ", "port": "26"}, {"mac": "14:58:d0:5d:2d:c3", "vlan_name": "Consolas", "vlan_id": "4094", "flag": "d m           ", "port": "26"}, {"mac": "1c:c1:de:18:62:65", "vlan_name": "Consolas", "vlan_id": "4094", "flag": "d m           ", "port": "26"}, {"mac": "1c:c1:de:23:14:c2", "vlan_name": "Consolas", "vlan_id": "4094", "flag": "d m           ", "port": "13"}, {"mac": "1c:c1:de:78:1e:52", "vlan_name": "Consolas", "vlan_id": "4094", "flag": "d m           ", "port": "26"}, {"mac": "2c:27:d7:16:05:e0", "vlan_name": "Consolas", "vlan_id": "4094", "flag": "d m           ", "port": "26"}, {"mac": "2c:59:e5:45:0c:f4", "vlan_name": "Consolas", "vlan_id": "4094", "flag": "d m           ", "port": "26"}, {"mac": "34:40:b5:95:cf:0d", "vlan_name": "Consolas", "vlan_id": "4094", "flag": "d m           ", "port": "26"}, {"mac": "34:40:b5:97:2b:85", "vlan_name": "Consolas", "vlan_id": "4094", "flag": "d m           ", "port": "26"}, {"mac": "34:40:b5:97:52:11", "vlan_name": "Consolas", "vlan_id": "4094", "flag": "d m           ", "port": "26"}, {"mac": "34:40:b5:98:55:01", "vlan_name": "Consolas", "vlan_id": "4094", "flag": "d m           ", "port": "26"}, {"mac": "34:40:b5:98:a9:bd", "vlan_name": "Consolas", "vlan_id": "4094", "flag": "d m           ", "port": "26"}, {"mac": "34:40:b5:99:4e:21", "vlan_name": "Consolas", "vlan_id": "4094", "flag": "d m           ", "port": "10"}, {"mac": "34:40:b5:9a:33:f1", "vlan_name": "Consolas", "vlan_id": "4094", "flag": "d m           ", "port": "26"}, {"mac": "34:40:b5:9a:34:39", "vlan_name": "Consolas", "vlan_id": "4094", "flag": "d m           ", "port": "26"}, {"mac": "34:40:b5:9a:34:91", "vlan_name": "Consolas", "vlan_id": "4094", "flag": "d m           ", "port": "26"}, {"mac": "34:40:b5:9a:6d:8d", "vlan_name": "Consolas", "vlan_id": "4094", "flag": "d m           ", "port": "26"}, {"mac": "34:40:b5:a6:6b:62", "vlan_name": "Consolas", "vlan_id": "4094", "flag": "d m           ", "port": "26"}, {"mac": "34:40:b5:a6:70:ea", "vlan_name": "Consolas", "vlan_id": "4094", "flag": "d m           ", "port": "26"}, {"mac": "34:40:b5:af:95:25", "vlan_name": "Consolas", "vlan_id": "4094", "flag": "d m           ", "port": "26"}, {"mac": "34:40:b5:d4:c2:34", "vlan_name": "Consolas", "vlan_id": "4094", "flag": "d m           ", "port": "26"}, {"mac": "34:40:b5:df:66:b4", "vlan_name": "Consolas", "vlan_id": "4094", "flag": "d m           ", "port": "26"}, {"mac": "34:40:b5:fa:6f:55", "vlan_name": "Consolas", "vlan_id": "4094", "flag": "d m           ", "port": "26"}, {"mac": "34:40:b5:fb:ec:d1", "vlan_name": "Consolas", "vlan_id": "4094", "flag": "d m           ", "port": "26"}, {"mac": "34:40:b5:ff:1a:55", "vlan_name": "Consolas", "vlan_id": "4094", "flag": "d m           ", "port": "26"}, {"mac": "3c:4a:92:e3:46:51", "vlan_name": "Consolas", "vlan_id": "4094", "flag": "d m           ", "port": "26"}, {"mac": "3c:4a:92:e3:f2:4f", "vlan_name": "Consolas", "vlan_id": "4094", "flag": "d m           ", "port": "26"}, {"mac": "40:f2:e9:00:4b:c1", "vlan_name": "Consolas", "vlan_id": "4094", "flag": "d m           ", "port": "26"}, {"mac": "40:f2:e9:07:b0:c6", "vlan_name": "Consolas", "vlan_id": "4094", "flag": "d m           ", "port": "26"}, {"mac": "40:f2:e9:07:b8:6e", "vlan_name": "Consolas", "vlan_id": "4094", "flag": "d m           ", "port": "26"}, {"mac": "40:f2:e9:07:ba:ce", "vlan_name": "Consolas", "vlan_id": "4094", "flag": "d m           ", "port": "26"}, {"mac": "40:f2:e9:07:c7:1e", "vlan_name": "Consolas", "vlan_id": "4094", "flag": "d m           ", "port": "26"}, {"mac": "40:f2:e9:07:d3:4e", "vlan_name": "Consolas", "vlan_id": "4094", "flag": "d m           ", "port": "26"}, {"mac": "40:f2:e9:07:de:96", "vlan_name": "Consolas", "vlan_id": "4094", "flag": "d m           ", "port": "26"}, {"mac": "40:f2:e9:0b:b5:d0", "vlan_name": "Consolas", "vlan_id": "4094", "flag": "d m           ", "port": "26"}, {"mac": "40:f2:e9:11:51:d2", "vlan_name": "Consolas", "vlan_id": "4094", "flag": "d m           ", "port": "26"}, {"mac": "40:f2:e9:20:8c:36", "vlan_name": "Consolas", "vlan_id": "4094", "flag": "d m           ", "port": "26"}, {"mac": "40:f2:e9:26:29:06", "vlan_name": "Consolas", "vlan_id": "4094", "flag": "d m           ", "port": "26"}, {"mac": "40:f2:e9:65:b6:c1", "vlan_name": "Consolas", "vlan_id": "4094", "flag": "d m           ", "port": "26"}, {"mac": "40:f2:e9:9b:1d:36", "vlan_name": "Consolas", "vlan_id": "4094", "flag": "d m           ", "port": "26"}, {"mac": "40:f2:e9:9b:3d:d6", "vlan_name": "Consolas", "vlan_id": "4094", "flag": "d m           ", "port": "26"}, {"mac": "40:f2:e9:bf:13:90", "vlan_name": "Consolas", "vlan_id": "4094", "flag": "d m           ", "port": "26"}, {"mac": "40:f2:e9:bf:14:94", "vlan_name": "Consolas", "vlan_id": "4094", "flag": "d m           ", "port": "26"}, {"mac": "40:f2:e9:bf:14:96", "vlan_name": "Consolas", "vlan_id": "4094", "flag": "d m           ", "port": "26"}, {"mac": "40:f2:e9:bf:1d:0c", "vlan_name": "Consolas", "vlan_id": "4094", "flag": "d m           ", "port": "26"}, {"mac": "40:f2:e9:bf:1d:c2", "vlan_name": "Consolas", "vlan_id": "4094", "flag": "d m           ", "port": "26"}, {"mac": "40:f2:e9:bf:1f:4e", "vlan_name": "Consolas", "vlan_id": "4094", "flag": "d m           ", "port": "26"}, {"mac": "40:f2:e9:bf:21:e2", "vlan_name": "Consolas", "vlan_id": "4094", "flag": "d m           ", "port": "26"}, {"mac": "40:f2:e9:bf:31:e0", "vlan_name": "Consolas", "vlan_id": "4094", "flag": "d m           ", "port": "26"}, {"mac": "40:f2:e9:c0:08:dd", "vlan_name": "Consolas", "vlan_id": "4094", "flag": "d m           ", "port": "26"}, {"mac": "40:f2:e9:c0:27:01", "vlan_name": "Consolas", "vlan_id": "4094", "flag": "d m           ", "port": "26"}, {"mac": "40:f2:e9:c0:2b:91", "vlan_name": "Consolas", "vlan_id": "4094", "flag": "d m           ", "port": "26"}, {"mac": "40:f2:e9:c0:53:d9", "vlan_name": "Consolas", "vlan_id": "4094", "flag": "d m           ", "port": "26"}, {"mac": "40:f2:e9:c0:7d:35", "vlan_name": "Consolas", "vlan_id": "4094", "flag": "d m           ", "port": "26"}, {"mac": "40:f2:e9:c0:97:3d", "vlan_name": "Consolas", "vlan_id": "4094", "flag": "d m           ", "port": "26"}, {"mac": "40:f2:e9:c0:d4:24", "vlan_name": "Consolas", "vlan_id": "4094", "flag": "d m           ", "port": "26"}, {"mac": "40:f2:e9:c0:db:25", "vlan_name": "Consolas", "vlan_id": "4094", "flag": "d m           ", "port": "26"}, {"mac": "40:f2:e9:c0:ec:ed", "vlan_name": "Consolas", "vlan_id": "4094", "flag": "d m           ", "port": "26"}, {"mac": "40:f2:e9:f3:65:4f", "vlan_name": "Consolas", "vlan_id": "4094", "flag": "d m           ", "port": "26"}, {"mac": "40:f2:e9:f5:28:f4", "vlan_name": "Consolas", "vlan_id": "4094", "flag": "d m           ", "port": "26"}, {"mac": "50:eb:1a:0c:d2:8c", "vlan_name": "Consolas", "vlan_id": "4094", "flag": "d m           ", "port": "26"}, {"mac": "50:eb:1a:11:d9:96", "vlan_name": "Consolas", "vlan_id": "4094", "flag": "d m           ", "port": "26"}, {"mac": "5c:f3:fc:0a:8d:c1", "vlan_name": "Consolas", "vlan_id": "4094", "flag": "d m           ", "port": "26"}, {"mac": "5c:f3:fc:0e:64:5d", "vlan_name": "Consolas", "vlan_id": "4094", "flag": "d m           ", "port": "7"}, {"mac": "5c:f3:fc:0e:71:c5", "vlan_name": "Consolas", "vlan_id": "4094", "flag": "d m           ", "port": "26"}, {"mac": "5c:f3:fc:4e:51:d2", "vlan_name": "Consolas", "vlan_id": "4094", "flag": "d m           ", "port": "26"}, {"mac": "5c:f3:fc:51:c4:b1", "vlan_name": "Consolas", "vlan_id": "4094", "flag": "d m           ", "port": "26"}, {"mac": "5c:f3:fc:51:c7:8d", "vlan_name": "Consolas", "vlan_id": "4094", "flag": "d m           ", "port": "26"}, {"mac": "5c:f3:fc:51:cc:b1", "vlan_name": "Consolas", "vlan_id": "4094", "flag": "d m           ", "port": "26"}, {"mac": "5c:f3:fc:53:b5:8d", "vlan_name": "Consolas", "vlan_id": "4094", "flag": "d m           ", "port": "26"}, {"mac": "5c:f3:fc:53:b9:09", "vlan_name": "Consolas", "vlan_id": "4094", "flag": "d m           ", "port": "26"}, {"mac": "5c:f3:fc:bb:18:95", "vlan_name": "Consolas", "vlan_id": "4094", "flag": "d m           ", "port": "15"}, {"mac": "5c:f3:fc:bb:1a:19", "vlan_name": "Consolas", "vlan_id": "4094", "flag": "d m           ", "port": "14"}, {"mac": "5c:f3:fc:bc:32:ed", "vlan_name": "Consolas", "vlan_id": "4094", "flag": "d m           ", "port": "18"}, {"mac": "5c:f3:fc:bd:41:e1", "vlan_name": "Consolas", "vlan_id": "4094", "flag": "d m           ", "port": "19"}, {"mac": "5c:f3:fc:bf:26:b5", "vlan_name": "Consolas", "vlan_id": "4094", "flag": "d m           ", "port": "26"}, {"mac": "5c:f3:fc:da:25:51", "vlan_name": "Consolas", "vlan_id": "4094", "flag": "d m           ", "port": "17"}, {"mac": "5c:f3:fc:da:41:39", "vlan_name": "Consolas", "vlan_id": "4094", "flag": "d m           ", "port": "26"}, {"mac": "5c:f3:fc:dc:ec:61", "vlan_name": "Consolas", "vlan_id": "4094", "flag": "d m           ", "port": "26"}, {"mac": "5c:f3:fc:dd:8c:7d", "vlan_name": "Consolas", "vlan_id": "4094", "flag": "d m           ", "port": "5"}, {"mac": "5c:f3:fc:dd:e2:45", "vlan_name": "Consolas", "vlan_id": "4094", "flag": "d m           ", "port": "26"}, {"mac": "5c:f3:fc:e0:c9:29", "vlan_name": "Consolas", "vlan_id": "4094", "flag": "d m           ", "port": "26"}, {"mac": "5c:f3:fc:eb:a1:de", "vlan_name": "Consolas", "vlan_id": "4094", "flag": "d m           ", "port": "26"}, {"mac": "5c:f3:fc:ef:d2:e0", "vlan_name": "Consolas", "vlan_id": "4094", "flag": "d m           ", "port": "26"}, {"mac": "5c:f3:fc:ef:d6:42", "vlan_name": "Consolas", "vlan_id": "4094", "flag": "d m           ", "port": "26"}, {"mac": "5c:f3:fd:36:0c:39", "vlan_name": "Consolas", "vlan_id": "4094", "flag": "d m           ", "port": "26"}, {"mac": "64:00:6a:c4:ac:1c", "vlan_name": "Consolas", "vlan_id": "4094", "flag": "d m           ", "port": "26"}, {"mac": "64:00:6a:c4:ad:4c", "vlan_name": "Consolas", "vlan_id": "4094", "flag": "d m           ", "port": "26"}, {"mac": "64:31:50:50:eb:ca", "vlan_name": "Consolas", "vlan_id": "4094", "flag": "d m           ", "port": "26"}, {"mac": "64:31:50:51:b3:84", "vlan_name": "Consolas", "vlan_id": "4094", "flag": "d m           ", "port": "26"}, {"mac": "6c:3b:e5:a1:5e:53", "vlan_name": "Consolas", "vlan_id": "4094", "flag": "d m           ", "port": "26"}, {"mac": "6c:3b:e5:a1:9f:76", "vlan_name": "Consolas", "vlan_id": "4094", "flag": "d m           ", "port": "26"}, {"mac": "6c:ae:8b:1c:80:ee", "vlan_name": "Consolas", "vlan_id": "4094", "flag": "d m           ", "port": "26"}, {"mac": "6c:ae:8b:20:9c:4e", "vlan_name": "Consolas", "vlan_id": "4094", "flag": "d m           ", "port": "26"}, {"mac": "6c:ae:8b:27:bd:8e", "vlan_name": "Consolas", "vlan_id": "4094", "flag": "d m           ", "port": "26"}, {"mac": "6c:ae:8b:2e:a2:68", "vlan_name": "Consolas", "vlan_id": "4094", "flag": "d m           ", "port": "26"}, {"mac": "6c:ae:8b:2e:a4:8c", "vlan_name": "Consolas", "vlan_id": "4094", "flag": "d m           ", "port": "26"}, {"mac": "6c:ae:8b:2e:a6:78", "vlan_name": "Consolas", "vlan_id": "4094", "flag": "d m           ", "port": "26"}, {"mac": "6c:ae:8b:2e:a7:1c", "vlan_name": "Consolas", "vlan_id": "4094", "flag": "d m           ", "port": "26"}, {"mac": "6c:ae:8b:2e:aa:74", "vlan_name": "Consolas", "vlan_id": "4094", "flag": "d m           ", "port": "26"}, {"mac": "6c:ae:8b:30:e7:5d", "vlan_name": "Consolas", "vlan_id": "4094", "flag": "d m           ", "port": "26"}, {"mac": "6c:ae:8b:30:ed:ec", "vlan_name": "Consolas", "vlan_id": "4094", "flag": "d m           ", "port": "26"}, {"mac": "6c:ae:8b:30:fd:05", "vlan_name": "Consolas", "vlan_id": "4094", "flag": "d m           ", "port": "26"}, {"mac": "6c:ae:8b:32:00:c1", "vlan_name": "Consolas", "vlan_id": "4094", "flag": "d m           ", "port": "26"}, {"mac": "6c:ae:8b:32:05:8d", "vlan_name": "Consolas", "vlan_id": "4094", "flag": "d m           ", "port": "26"}, {"mac": "6c:ae:8b:32:6c:b1", "vlan_name": "Consolas", "vlan_id": "4094", "flag": "d m           ", "port": "26"}, {"mac": "6c:ae:8b:32:6d:7d", "vlan_name": "Consolas", "vlan_id": "4094", "flag": "d m           ", "port": "26"}, {"mac": "6c:ae:8b:32:74:65", "vlan_name": "Consolas", "vlan_id": "4094", "flag": "d m           ", "port": "26"}, {"mac": "6c:ae:8b:32:d8:31", "vlan_name": "Consolas", "vlan_id": "4094", "flag": "d m           ", "port": "26"}, {"mac": "6c:ae:8b:32:da:cd", "vlan_name": "Consolas", "vlan_id": "4094", "flag": "d m           ", "port": "26"}, {"mac": "6c:ae:8b:35:6b:21", "vlan_name": "Consolas", "vlan_id": "4094", "flag": "d m           ", "port": "26"}, {"mac": "6c:ae:8b:35:6d:d5", "vlan_name": "Consolas", "vlan_id": "4094", "flag": "d m           ", "port": "26"}, {"mac": "6c:ae:8b:35:70:09", "vlan_name": "Consolas", "vlan_id": "4094", "flag": "d m           ", "port": "26"}, {"mac": "6c:ae:8b:35:71:75", "vlan_name": "Consolas", "vlan_id": "4094", "flag": "d m           ", "port": "26"}, {"mac": "6c:ae:8b:35:74:3d", "vlan_name": "Consolas", "vlan_id": "4094", "flag": "d m           ", "port": "26"}, {"mac": "6c:ae:8b:35:76:11", "vlan_name": "Consolas", "vlan_id": "4094", "flag": "d m           ", "port": "26"}, {"mac": "6c:ae:8b:35:fc:a0", "vlan_name": "Consolas", "vlan_id": "4094", "flag": "d m           ", "port": "26"}, {"mac": "6c:ae:8b:3a:61:1e", "vlan_name": "Consolas", "vlan_id": "4094", "flag": "d m           ", "port": "26"}, {"mac": "6c:ae:8b:3b:fa:8e", "vlan_name": "Consolas", "vlan_id": "4094", "flag": "d m           ", "port": "26"}, {"mac": "6c:ae:8b:3d:2b:26", "vlan_name": "Consolas", "vlan_id": "4094", "flag": "d m           ", "port": "26"}, {"mac": "6c:ae:8b:3e:2d:06", "vlan_name": "Consolas", "vlan_id": "4094", "flag": "d m           ", "port": "26"}, {"mac": "6c:ae:8b:3e:30:26", "vlan_name": "Consolas", "vlan_id": "4094", "flag": "d m           ", "port": "26"}, {"mac": "6c:ae:8b:41:c8:3e", "vlan_name": "Consolas", "vlan_id": "4094", "flag": "d m           ", "port": "26"}, {"mac": "6c:ae:8b:4e:67:4e", "vlan_name": "Consolas", "vlan_id": "4094", "flag": "d m           ", "port": "26"}, {"mac": "6c:ae:8b:51:11:c2", "vlan_name": "Consolas", "vlan_id": "4094", "flag": "d m           ", "port": "26"}, {"mac": "6c:ae:8b:51:11:c6", "vlan_name": "Consolas", "vlan_id": "4094", "flag": "d m           ", "port": "26"}, {"mac": "6c:ae:8b:60:b1:a6", "vlan_name": "Consolas", "vlan_id": "4094", "flag": "d m           ", "port": "26"}, {"mac": "6c:ae:8b:61:69:1e", "vlan_name": "Consolas", "vlan_id": "4094", "flag": "d m           ", "port": "26"}, {"mac": "6c:ae:8b:61:6a:e6", "vlan_name": "Consolas", "vlan_id": "4094", "flag": "d m           ", "port": "26"}, {"mac": "6c:ae:8b:63:f6:96", "vlan_name": "Consolas", "vlan_id": "4094", "flag": "d m           ", "port": "26"}, {"mac": "70:10:6f:b1:95:68", "vlan_name": "Consolas", "vlan_id": "4094", "flag": "d m           ", "port": "26"}, {"mac": "70:10:6f:b4:ea:70", "vlan_name": "Consolas", "vlan_id": "4094", "flag": "d m           ", "port": "26"}, {"mac": "70:10:6f:b4:ea:d8", "vlan_name": "Consolas", "vlan_id": "4094", "flag": "d m           ", "port": "26"}, {"mac": "74:46:a0:73:54:18", "vlan_name": "Consolas", "vlan_id": "4094", "flag": "d m           ", "port": "26"}, {"mac": "74:46:a0:73:74:a2", "vlan_name": "Consolas", "vlan_id": "4094", "flag": "d m           ", "port": "26"}, {"mac": "74:46:a0:73:84:2a", "vlan_name": "Consolas", "vlan_id": "4094", "flag": "d m           ", "port": "26"}, {"mac": "78:ac:c0:72:16:0c", "vlan_name": "Consolas", "vlan_id": "4094", "flag": "d m           ", "port": "26"}, {"mac": "78:e3:b5:08:0c:f4", "vlan_name": "Consolas", "vlan_id": "4094", "flag": "d m           ", "port": "26"}, {"mac": "78:e3:b5:08:2c:e8", "vlan_name": "Consolas", "vlan_id": "4094", "flag": "d m           ", "port": "26"}, {"mac": "78:e3:b5:08:4c:02", "vlan_name": "Consolas", "vlan_id": "4094", "flag": "d m           ", "port": "26"}, {"mac": "78:e3:b5:0b:43:91", "vlan_name": "Consolas", "vlan_id": "4094", "flag": "d m           ", "port": "26"}, {"mac": "80:c1:6e:76:7f:57", "vlan_name": "Consolas", "vlan_id": "4094", "flag": "d m           ", "port": "26"}, {"mac": "80:c1:6e:77:97:94", "vlan_name": "Consolas", "vlan_id": "4094", "flag": "d m           ", "port": "26"}, {"mac": "80:c1:6e:77:a7:9a", "vlan_name": "Consolas", "vlan_id": "4094", "flag": "d m           ", "port": "26"}, {"mac": "84:b8:02:2a:3c:22", "vlan_name": "Consolas", "vlan_id": "4094", "flag": "d m           ", "port": "26"}, {"mac": "94:18:82:05:ee:97", "vlan_name": "Consolas", "vlan_id": "4094", "flag": "d m           ", "port": "26"}, {"mac": "98:4b:e1:61:d2:6f", "vlan_name": "Consolas", "vlan_id": "4094", "flag": "d m           ", "port": "26"}, {"mac": "98:4b:e1:7b:84:3a", "vlan_name": "Consolas", "vlan_id": "4094", "flag": "d m           ", "port": "26"}, {"mac": "98:4b:e1:7b:84:41", "vlan_name": "Consolas", "vlan_id": "4094", "flag": "d m           ", "port": "26"}, {"mac": "98:4b:e1:7b:84:42", "vlan_name": "Consolas", "vlan_id": "4094", "flag": "d m           ", "port": "26"}, {"mac": "98:4b:e1:7b:84:7b", "vlan_name": "Consolas", "vlan_id": "4094", "flag": "d m           ", "port": "26"}, {"mac": "98:4b:e1:7b:84:ed", "vlan_name": "Consolas", "vlan_id": "4094", "flag": "d m           ", "port": "26"}, {"mac": "98:4b:e1:7b:94:3c", "vlan_name": "Consolas", "vlan_id": "4094", "flag": "d m           ", "port": "26"}, {"mac": "98:4b:e1:7b:96:03", "vlan_name": "Consolas", "vlan_id": "4094", "flag": "d m           ", "port": "26"}, {"mac": "98:be:94:21:fc:63", "vlan_name": "Consolas", "vlan_id": "4094", "flag": "d m           ", "port": "26"}, {"mac": "98:be:94:2a:1a:ae", "vlan_name": "Consolas", "vlan_id": "4094", "flag": "d m           ", "port": "26"}, {"mac": "98:be:94:36:13:f5", "vlan_name": "Consolas", "vlan_id": "4094", "flag": "d m           ", "port": "26"}, {"mac": "98:be:94:36:14:85", "vlan_name": "Consolas", "vlan_id": "4094", "flag": "d m           ", "port": "26"}, {"mac": "98:be:94:36:15:59", "vlan_name": "Consolas", "vlan_id": "4094", "flag": "d m           ", "port": "26"}, {"mac": "98:be:94:36:15:ad", "vlan_name": "Consolas", "vlan_id": "4094", "flag": "d m           ", "port": "26"}, {"mac": "98:be:94:36:1a:05", "vlan_name": "Consolas", "vlan_id": "4094", "flag": "d m           ", "port": "26"}, {"mac": "98:be:94:36:1a:65", "vlan_name": "Consolas", "vlan_id": "4094", "flag": "d m           ", "port": "26"}, {"mac": "98:be:94:36:3b:79", "vlan_name": "Consolas", "vlan_id": "4094", "flag": "d m           ", "port": "26"}, {"mac": "98:be:94:36:41:2d", "vlan_name": "Consolas", "vlan_id": "4094", "flag": "d m           ", "port": "26"}, {"mac": "98:be:94:36:46:61", "vlan_name": "Consolas", "vlan_id": "4094", "flag": "d m           ", "port": "26"}, {"mac": "98:be:94:36:50:3d", "vlan_name": "Consolas", "vlan_id": "4094", "flag": "d m           ", "port": "26"}, {"mac": "98:be:94:36:70:89", "vlan_name": "Consolas", "vlan_id": "4094", "flag": "d m           ", "port": "26"}, {"mac": "98:be:94:3b:7d:3d", "vlan_name": "Consolas", "vlan_id": "4094", "flag": "d m           ", "port": "26"}, {"mac": "98:be:94:44:cf:7c", "vlan_name": "Consolas", "vlan_id": "4094", "flag": "d m           ", "port": "26"}, {"mac": "98:be:94:44:cf:7d", "vlan_name": "Consolas", "vlan_id": "4094", "flag": "d m           ", "port": "26"}, {"mac": "9c:8e:99:18:50:46", "vlan_name": "Consolas", "vlan_id": "4094", "flag": "d m           ", "port": "26"}, {"mac": "9c:b6:54:7e:2d:f3", "vlan_name": "Consolas", "vlan_id": "4094", "flag": "d m           ", "port": "26"}, {"mac": "9c:b6:54:7f:4e:5b", "vlan_name": "Consolas", "vlan_id": "4094", "flag": "d m           ", "port": "26"}, {"mac": "9c:b6:54:7f:de:4f", "vlan_name": "Consolas", "vlan_id": "4094", "flag": "d m           ", "port": "26"}, {"mac": "a4:5d:36:55:40:28", "vlan_name": "Consolas", "vlan_id": "4094", "flag": "d m           ", "port": "26"}, {"mac": "a4:5d:36:55:80:64", "vlan_name": "Consolas", "vlan_id": "4094", "flag": "d m           ", "port": "26"}, {"mac": "ac:1f:6b:45:68:5c", "vlan_name": "Consolas", "vlan_id": "4094", "flag": "d m           ", "port": "26"}, {"mac": "b4:99:ba:07:4e:4a", "vlan_name": "Consolas", "vlan_id": "4094", "flag": "d m           ", "port": "26"}, {"mac": "b4:99:ba:ff:22:84", "vlan_name": "Consolas", "vlan_id": "4094", "flag": "d m           ", "port": "26"}, {"mac": "b4:b5:2f:ed:87:aa", "vlan_name": "Consolas", "vlan_id": "4094", "flag": "d m           ", "port": "26"}, {"mac": "b4:de:31:72:24:30", "vlan_name": "Consolas", "vlan_id": "4094", "flag": "d m           ", "port": "26"}, {"mac": "c4:34:6b:ad:68:2c", "vlan_name": "Consolas", "vlan_id": "4094", "flag": "d m           ", "port": "26"}, {"mac": "c8:1f:66:c3:51:9e", "vlan_name": "Consolas", "vlan_id": "4094", "flag": "d m           ", "port": "26"}, {"mac": "d0:7e:28:ba:fa:22", "vlan_name": "Consolas", "vlan_id": "4094", "flag": "d m           ", "port": "26"}, {"mac": "d4:85:64:51:6d:3c", "vlan_name": "Consolas", "vlan_id": "4094", "flag": "d m           ", "port": "26"}, {"mac": "d4:85:64:51:9b:a2", "vlan_name": "Consolas", "vlan_id": "4094", "flag": "d m           ", "port": "26"}, {"mac": "d4:85:64:52:62:aa", "vlan_name": "Consolas", "vlan_id": "4094", "flag": "d m           ", "port": "26"}, {"mac": "d4:ae:52:c6:f5:1d", "vlan_name": "Consolas", "vlan_id": "4094", "flag": "d m           ", "port": "26"}, {"mac": "d4:be:d9:fb:38:91", "vlan_name": "Consolas", "vlan_id": "4094", "flag": "d m           ", "port": "26"}, {"mac": "d8:9d:67:65:06:95", "vlan_name": "Consolas", "vlan_id": "4094", "flag": "d m           ", "port": "26"}, {"mac": "d8:9d:67:65:c5:8e", "vlan_name": "Consolas", "vlan_id": "4094", "flag": "d m           ", "port": "26"}, {"mac": "d8:9d:67:65:d5:27", "vlan_name": "Consolas", "vlan_id": "4094", "flag": "d m           ", "port": "26"}, {"mac": "d8:9d:67:65:e5:3f", "vlan_name": "Consolas", "vlan_id": "4094", "flag": "d m           ", "port": "26"}, {"mac": "d8:9d:67:67:2b:d7", "vlan_name": "Consolas", "vlan_id": "4094", "flag": "d m           ", "port": "26"}, {"mac": "d8:9d:67:67:3b:69", "vlan_name": "Consolas", "vlan_id": "4094", "flag": "d m           ", "port": "26"}, {"mac": "d8:9d:67:67:89:89", "vlan_name": "Consolas", "vlan_id": "4094", "flag": "d m           ", "port": "26"}, {"mac": "d8:9d:67:67:89:cb", "vlan_name": "Consolas", "vlan_id": "4094", "flag": "d m           ", "port": "26"}, {"mac": "d8:9d:67:67:ba:f9", "vlan_name": "Consolas", "vlan_id": "4094", "flag": "d m           ", "port": "26"}, {"mac": "d8:9d:67:67:ea:be", "vlan_name": "Consolas", "vlan_id": "4094", "flag": "d m           ", "port": "26"}, {"mac": "d8:9d:67:71:7a:ef", "vlan_name": "Consolas", "vlan_id": "4094", "flag": "d m           ", "port": "26"}, {"mac": "d8:9d:67:77:6f:34", "vlan_name": "Consolas", "vlan_id": "4094", "flag": "d m           ", "port": "26"}, {"mac": "d8:9d:67:77:6f:3b", "vlan_name": "Consolas", "vlan_id": "4094", "flag": "d m           ", "port": "26"}, {"mac": "e4:1f:13:25:91:91", "vlan_name": "Consolas", "vlan_id": "4094", "flag": "d m           ", "port": "26"}, {"mac": "e4:1f:13:26:d2:89", "vlan_name": "Consolas", "vlan_id": "4094", "flag": "d m           ", "port": "26"}, {"mac": "e4:1f:13:26:d7:f5", "vlan_name": "Consolas", "vlan_id": "4094", "flag": "d m           ", "port": "26"}, {"mac": "e4:1f:13:27:92:a5", "vlan_name": "Consolas", "vlan_id": "4094", "flag": "d m           ", "port": "26"}, {"mac": "e4:1f:13:27:c6:91", "vlan_name": "Consolas", "vlan_id": "4094", "flag": "d m           ", "port": "26"}, {"mac": "e4:1f:13:2b:13:b5", "vlan_name": "Consolas", "vlan_id": "4094", "flag": "d m           ", "port": "26"}, {"mac": "e4:1f:13:4a:56:3d", "vlan_name": "Consolas", "vlan_id": "4094", "flag": "d m           ", "port": "26"}, {"mac": "e4:1f:13:4a:56:49", "vlan_name": "Consolas", "vlan_id": "4094", "flag": "d m           ", "port": "26"}, {"mac": "e4:1f:13:4b:b0:ec", "vlan_name": "Consolas", "vlan_id": "4094", "flag": "d m           ", "port": "26"}, {"mac": "e4:1f:13:52:c6:e5", "vlan_name": "Consolas", "vlan_id": "4094", "flag": "d m           ", "port": "26"}, {"mac": "e4:1f:13:55:56:81", "vlan_name": "Consolas", "vlan_id": "4094", "flag": "d m           ", "port": "26"}, {"mac": "e4:1f:13:55:f5:cd", "vlan_name": "Consolas", "vlan_id": "4094", "flag": "d m           ", "port": "26"}, {"mac": "e4:1f:13:56:4c:dd", "vlan_name": "Consolas", "vlan_id": "4094", "flag": "d m           ", "port": "26"}, {"mac": "e4:1f:13:56:57:91", "vlan_name": "Consolas", "vlan_id": "4094", "flag": "d m           ", "port": "26"}, {"mac": "e4:1f:13:56:5c:31", "vlan_name": "Consolas", "vlan_id": "4094", "flag": "d m           ", "port": "26"}, {"mac": "e4:1f:13:57:d2:f1", "vlan_name": "Consolas", "vlan_id": "4094", "flag": "d m           ", "port": "26"}, {"mac": "e4:1f:13:5d:4e:41", "vlan_name": "Consolas", "vlan_id": "4094", "flag": "d m           ", "port": "26"}, {"mac": "e4:1f:13:5d:53:61", "vlan_name": "Consolas", "vlan_id": "4094", "flag": "d m           ", "port": "26"}, {"mac": "e4:1f:13:5d:53:b1", "vlan_name": "Consolas", "vlan_id": "4094", "flag": "d m           ", "port": "26"}, {"mac": "e4:1f:13:64:38:c2", "vlan_name": "Consolas", "vlan_id": "4094", "flag": "d m           ", "port": "26"}, {"mac": "e4:1f:13:97:72:b8", "vlan_name": "Consolas", "vlan_id": "4094", "flag": "d m           ", "port": "26"}, {"mac": "e4:1f:13:97:bf:ee", "vlan_name": "Consolas", "vlan_id": "4094", "flag": "d m           ", "port": "1"}, {"mac": "e4:1f:13:97:c2:4c", "vlan_name": "Consolas", "vlan_id": "4094", "flag": "d m           ", "port": "12"}, {"mac": "e4:1f:13:a7:32:ed", "vlan_name": "Consolas", "vlan_id": "4094", "flag": "d m           ", "port": "26"}, {"mac": "e4:1f:13:a7:34:b1", "vlan_name": "Consolas", "vlan_id": "4094", "flag": "d m           ", "port": "26"}, {"mac": "e4:1f:13:a7:3a:21", "vlan_name": "Consolas", "vlan_id": "4094", "flag": "d m           ", "port": "26"}, {"mac": "e4:1f:13:a7:3b:9d", "vlan_name": "Consolas", "vlan_id": "4094", "flag": "d m           ", "port": "26"}, {"mac": "e4:1f:13:a7:4a:41", "vlan_name": "Consolas", "vlan_id": "4094", "flag": "d m           ", "port": "26"}, {"mac": "e4:1f:13:a7:a3:4d", "vlan_name": "Consolas", "vlan_id": "4094", "flag": "d m           ", "port": "26"}, {"mac": "e4:1f:13:aa:70:0d", "vlan_name": "Consolas", "vlan_id": "4094", "flag": "d m           ", "port": "26"}, {"mac": "e4:1f:13:ab:4f:55", "vlan_name": "Consolas", "vlan_id": "4094", "flag": "d m           ", "port": "26"}, {"mac": "e4:1f:13:ab:71:c5", "vlan_name": "Consolas", "vlan_id": "4094", "flag": "d m           ", "port": "26"}, {"mac": "e4:1f:13:ab:db:a1", "vlan_name": "Consolas", "vlan_id": "4094", "flag": "d m           ", "port": "26"}, {"mac": "e4:1f:13:ab:e1:d1", "vlan_name": "Consolas", "vlan_id": "4094", "flag": "d m           ", "port": "26"}, {"mac": "e4:1f:13:ad:96:d9", "vlan_name": "Consolas", "vlan_id": "4094", "flag": "d m           ", "port": "26"}, {"mac": "e4:1f:13:ae:08:ad", "vlan_name": "Consolas", "vlan_id": "4094", "flag": "d m           ", "port": "26"}, {"mac": "e4:1f:13:ae:3a:ed", "vlan_name": "Consolas", "vlan_id": "4094", "flag": "d m           ", "port": "6"}, {"mac": "e4:1f:13:ae:ca:19", "vlan_name": "Consolas", "vlan_id": "4094", "flag": "d m           ", "port": "26"}, {"mac": "e4:1f:13:af:0a:95", "vlan_name": "Consolas", "vlan_id": "4094", "flag": "d m           ", "port": "26"}, {"mac": "e4:1f:13:b0:da:2d", "vlan_name": "Consolas", "vlan_id": "4094", "flag": "d m           ", "port": "26"}, {"mac": "e4:1f:13:b2:f0:e5", "vlan_name": "Consolas", "vlan_id": "4094", "flag": "d m           ", "port": "9"}, {"mac": "e4:1f:13:b2:f2:e1", "vlan_name": "Consolas", "vlan_id": "4094", "flag": "d m           ", "port": "8"}, {"mac": "e4:1f:13:d9:47:fd", "vlan_name": "Consolas", "vlan_id": "4094", "flag": "d m           ", "port": "26"}, {"mac": "e4:1f:13:e8:bb:09", "vlan_name": "Consolas", "vlan_id": "4094", "flag": "d m           ", "port": "26"}, {"mac": "e4:1f:13:e8:c2:a9", "vlan_name": "Consolas", "vlan_id": "4094", "flag": "d m           ", "port": "26"}, {"mac": "e4:1f:13:e8:ca:11", "vlan_name": "Consolas", "vlan_id": "4094", "flag": "d m           ", "port": "26"}, {"mac": "e4:1f:13:e8:e4:e1", "vlan_name": "Consolas", "vlan_id": "4094", "flag": "d m           ", "port": "26"}, {"mac": "e4:1f:13:ec:2f:36", "vlan_name": "Consolas", "vlan_id": "4094", "flag": "d m           ", "port": "26"}, {"mac": "e4:1f:13:ec:30:66", "vlan_name": "Consolas", "vlan_id": "4094", "flag": "d m           ", "port": "26"}, {"mac": "e4:1f:13:ee:2b:f6", "vlan_name": "Consolas", "vlan_id": "4094", "flag": "d m           ", "port": "26"}, {"mac": "ec:b1:d7:7a:a6:df", "vlan_name": "Consolas", "vlan_id": "4094", "flag": "d m           ", "port": "26"}, {"mac": "ec:b1:d7:86:99:47", "vlan_name": "Consolas", "vlan_id": "4094", "flag": "d m           ", "port": "26"}, {"mac": "ec:b1:d7:86:99:69", "vlan_name": "Consolas", "vlan_id": "4094", "flag": "d m           ", "port": "26"}, {"mac": "ec:b1:d7:86:99:e7", "vlan_name": "Consolas", "vlan_id": "4094", "flag": "d m           ", "port": "26"}, {"mac": "f4:8e:38:cb:b6:84", "vlan_name": "Consolas", "vlan_id": "4094", "flag": "d m           ", "port": "26"}, {"mac": "fc:15:b4:0e:80:00", "vlan_name": "Consolas", "vlan_id": "4094", "flag": "d m           ", "port": "26"}, {"mac": "fc:15:b4:11:8e:49", "vlan_name": "Consolas", "vlan_id": "4094", "flag": "d m           ", "port": "26"}, {"mac": "fc:15:b4:11:8e:69", "vlan_name": "Consolas", "vlan_id": "4094", "flag": "d m           ", "port": "26"}, {"mac": "fc:15:b4:11:8e:b6", "vlan_name": "Consolas", "vlan_id": "4094", "flag": "d m           ", "port": "26"}, {"mac": "fc:15:b4:11:8e:ed", "vlan_name": "Consolas", "vlan_id": "4094", "flag": "d m           ", "port": "26"}, {"mac": "fc:15:b4:11:9e:0d", "vlan_name": "Consolas", "vlan_id": "4094", "flag": "d m           ", "port": "26"}, {"mac": "fc:15:b4:11:9e:44", "vlan_name": "Consolas", "vlan_id": "4094", "flag": "d m           ", "port": "26"}, {"mac": "fc:15:b4:11:9e:79", "vlan_name": "Consolas", "vlan_id": "4094", "flag": "d m           ", "port": "26"}, {"mac": "fc:15:b4:11:ae:ad", "vlan_name": "Consolas", "vlan_id": "4094", "flag": "d m           ", "port": "26"}, {"mac": "fc:15:b4:12:81:ee", "vlan_name": "Consolas", "vlan_id": "4094", "flag": "d m           ", "port": "26"}, {"mac": "fc:15:b4:12:91:40", "vlan_name": "Consolas", "vlan_id": "4094", "flag": "d m           ", "port": "26"}, {"mac": "fc:15:b4:12:91:4f", "vlan_name": "Consolas", "vlan_id": "4094", "flag": "d m           ", "port": "26"}, {"mac": "fc:15:b4:12:a1:66", "vlan_name": "Consolas", "vlan_id": "4094", "flag": "d m           ", "port": "26"}, {"mac": "fc:15:b4:fa:48:24", "vlan_name": "Consolas", "vlan_id": "4094", "flag": "d m           ", "port": "26"}, {"mac": "fc:15:b4:fa:48:30", "vlan_name": "Consolas", "vlan_id": "4094", "flag": "d m           ", "port": "26"}]