[{"mac": "00:04:96:28:16:6b", "vlan_name": "Consola", "vlan_id": "4094", "flag": "d m           ", "port": "25"}, {"mac": "00:04:96:36:8b:1a", "vlan_name": "Consola", "vlan_id": "4094", "flag": "d m           ", "port": "25"}, {"mac": "00:04:96:36:8b:22", "vlan_name": "Consola", "vlan_id": "4094", "flag": "d m           ", "port": "25"}, {"mac": "00:04:96:36:c7:51", "vlan_name": "Consola", "vlan_id": "4094", "flag": "d m           ", "port": "25"}, {"mac": "00:04:96:36:f9:13", "vlan_name": "Consola", "vlan_id": "4094", "flag": "d m           ", "port": "25"}, {"mac": "00:04:96:36:fb:c7", "vlan_name": "Consola", "vlan_id": "4094", "flag": "d m           ", "port": "25"}, {"mac": "00:04:96:51:de:c5", "vlan_name": "Consola", "vlan_id": "4094", "flag": "d m           ", "port": "25"}, {"mac": "00:04:96:52:18:50", "vlan_name": "Consola", "vlan_id": "4094", "flag": "d m           ", "port": "25"}, {"mac": "00:04:96:52:18:9a", "vlan_name": "Consola", "vlan_id": "4094", "flag": "d m           ", "port": "25"}, {"mac": "00:04:96:52:2c:c2", "vlan_name": "Consola", "vlan_id": "4094", "flag": "d m           ", "port": "25"}, {"mac": "00:04:96:52:43:06", "vlan_name": "Consola", "vlan_id": "4094", "flag": "d m           ", "port": "25"}, {"mac": "00:04:96:52:43:83", "vlan_name": "Consola", "vlan_id": "4094", "flag": "d m           ", "port": "25"}, {"mac": "00:04:96:52:43:d4", "vlan_name": "Consola", "vlan_id": "4094", "flag": "d m           ", "port": "25"}, {"mac": "00:04:96:6d:6c:ce", "vlan_name": "Consola", "vlan_id": "4094", "flag": "d m           ", "port": "25"}, {"mac": "00:04:96:7d:e3:1c", "vlan_name": "Consola", "vlan_id": "4094", "flag": "d m           ", "port": "25"}, {"mac": "00:04:96:7d:e8:a2", "vlan_name": "Consola", "vlan_id": "4094", "flag": "d m           ", "port": "25"}, {"mac": "00:04:96:7e:03:87", "vlan_name": "Consola", "vlan_id": "4094", "flag": "d m           ", "port": "25"}, {"mac": "00:04:96:82:14:54", "vlan_name": "Consola", "vlan_id": "4094", "flag": "d m           ", "port": "25"}, {"mac": "00:04:96:82:14:80", "vlan_name": "Consola", "vlan_id": "4094", "flag": "d m           ", "port": "25"}, {"mac": "00:04:96:82:1a:8a", "vlan_name": "Consola", "vlan_id": "4094", "flag": "d m           ", "port": "25"}, {"mac": "00:04:96:82:5a:4f", "vlan_name": "Consola", "vlan_id": "4094", "flag": "d m           ", "port": "25"}, {"mac": "00:04:96:82:5a:71", "vlan_name": "Consola", "vlan_id": "4094", "flag": "d m           ", "port": "25"}, {"mac": "00:04:96:82:60:03", "vlan_name": "Consola", "vlan_id": "4094", "flag": "d m           ", "port": "25"}, {"mac": "00:04:96:82:60:05", "vlan_name": "Consola", "vlan_id": "4094", "flag": "d m           ", "port": "25"}, {"mac": "00:04:96:82:60:4e", "vlan_name": "Consola", "vlan_id": "4094", "flag": "d m           ", "port": "25"}, {"mac": "00:04:96:82:60:50", "vlan_name": "Consola", "vlan_id": "4094", "flag": "d m           ", "port": "25"}, {"mac": "00:04:96:83:83:9b", "vlan_name": "Consola", "vlan_id": "4094", "flag": "d m           ", "port": "25"}, {"mac": "00:04:96:83:84:10", "vlan_name": "Consola", "vlan_id": "4094", "flag": "d m           ", "port": "25"}, {"mac": "00:04:96:83:85:bb", "vlan_name": "Consola", "vlan_id": "4094", "flag": "d m           ", "port": "4"}, {"mac": "00:04:96:83:87:b0", "vlan_name": "Consola", "vlan_id": "4094", "flag": "d m           ", "port": "25"}, {"mac": "00:04:96:83:87:f3", "vlan_name": "Consola", "vlan_id": "4094", "flag": "d m           ", "port": "25"}, {"mac": "00:04:96:8b:8f:d6", "vlan_name": "Consola", "vlan_id": "4094", "flag": "d m           ", "port": "25"}, {"mac": "00:04:96:8b:90:00", "vlan_name": "Consola", "vlan_id": "4094", "flag": "d m           ", "port": "25"}, {"mac": "00:04:96:8b:90:05", "vlan_name": "Consola", "vlan_id": "4094", "flag": "d m           ", "port": "25"}, {"mac": "00:04:96:8b:90:17", "vlan_name": "Consola", "vlan_id": "4094", "flag": "d m           ", "port": "25"}, {"mac": "00:04:96:8b:90:66", "vlan_name": "Consola", "vlan_id": "4094", "flag": "d m           ", "port": "25"}, {"mac": "00:04:96:8b:97:f4", "vlan_name": "Consola", "vlan_id": "4094", "flag": "d m           ", "port": "25"}, {"mac": "00:04:96:8b:98:1b", "vlan_name": "Consola", "vlan_id": "4094", "flag": "d m           ", "port": "25"}, {"mac": "00:04:96:8b:98:55", "vlan_name": "Consola", "vlan_id": "4094", "flag": "d m           ", "port": "25"}, {"mac": "00:04:96:8f:b6:e9", "vlan_name": "Consola", "vlan_id": "4094", "flag": "d m           ", "port": "25"}, {"mac": "00:04:96:8f:bb:61", "vlan_name": "Consola", "vlan_id": "4094", "flag": "d m           ", "port": "25"}, {"mac": "00:04:96:8f:bb:67", "vlan_name": "Consola", "vlan_id": "4094", "flag": "d m           ", "port": "25"}, {"mac": "00:04:96:97:88:b9", "vlan_name": "Consola", "vlan_id": "4094", "flag": "d m           ", "port": "25"}, {"mac": "00:04:96:97:8b:f8", "vlan_name": "Consola", "vlan_id": "4094", "flag": "d m           ", "port": "25"}, {"mac": "00:04:96:97:8d:77", "vlan_name": "Consola", "vlan_id": "4094", "flag": "d m           ", "port": "25"}, {"mac": "00:04:96:97:c4:f2", "vlan_name": "Consola", "vlan_id": "4094", "flag": "d m           ", "port": "25"}, {"mac": "00:04:96:97:d3:3d", "vlan_name": "Consola", "vlan_id": "4094", "flag": "d m           ", "port": "25"}, {"mac": "00:04:96:97:e5:fd", "vlan_name": "Consola", "vlan_id": "4094", "flag": "d m           ", "port": "25"}, {"mac": "00:04:96:98:6e:ba", "vlan_name": "Consola", "vlan_id": "4094", "flag": "d m           ", "port": "25"}, {"mac": "00:04:96:98:c9:48", "vlan_name": "Consola", "vlan_id": "4094", "flag": "d m           ", "port": "25"}, {"mac": "00:04:96:98:cc:65", "vlan_name": "Consola", "vlan_id": "4094", "flag": "d m           ", "port": "25"}, {"mac": "00:04:96:98:cc:ab", "vlan_name": "Consola", "vlan_id": "4094", "flag": "d m           ", "port": "25"}, {"mac": "00:04:96:99:1c:46", "vlan_name": "Consola", "vlan_id": "4094", "flag": "d m           ", "port": "25"}, {"mac": "00:04:96:99:1c:47", "vlan_name": "Consola", "vlan_id": "4094", "flag": "d m           ", "port": "25"}, {"mac": "00:04:96:99:1c:49", "vlan_name": "Consola", "vlan_id": "4094", "flag": "d m           ", "port": "25"}, {"mac": "00:04:96:99:64:a0", "vlan_name": "Consola", "vlan_id": "4094", "flag": "d m           ", "port": "25"}, {"mac": "00:04:96:99:65:36", "vlan_name": "Consola", "vlan_id": "4094", "flag": "d m           ", "port": "25"}, {"mac": "00:04:96:9b:42:ae", "vlan_name": "Consola", "vlan_id": "4094", "flag": "d m           ", "port": "25"}, {"mac": "00:05:1e:37:1a:d0", "vlan_name": "Consola", "vlan_id": "4094", "flag": "d m           ", "port": "25"}, {"mac": "00:05:1e:56:4d:57", "vlan_name": "Consola", "vlan_id": "4094", "flag": "d m           ", "port": "25"}, {"mac": "00:05:1e:72:94:74", "vlan_name": "Consola", "vlan_id": "4094", "flag": "d m           ", "port": "25"}, {"mac": "00:05:33:6d:3a:4a", "vlan_name": "Consola", "vlan_id": "4094", "flag": "d m           ", "port": "1"}, {"mac": "00:11:25:41:94:6d", "vlan_name": "Consola", "vlan_id": "4094", "flag": "d m           ", "port": "25"}, {"mac": "00:14:5e:0a:70:8e", "vlan_name": "Consola", "vlan_id": "4094", "flag": "d m           ", "port": "25"}, {"mac": "00:1f:29:6d:90:41", "vlan_name": "Consola", "vlan_id": "4094", "flag": "d m           ", "port": "25"}, {"mac": "00:1f:67:b0:43:34", "vlan_name": "Consola", "vlan_id": "4094", "flag": "d m           ", "port": "25"}, {"mac": "00:21:5e:11:b1:71", "vlan_name": "Consola", "vlan_id": "4094", "flag": "d m           ", "port": "25"}, {"mac": "00:21:5e:cb:9f:49", "vlan_name": "Consola", "vlan_id": "4094", "flag": "d m           ", "port": "25"}, {"mac": "00:21:5e:de:32:bd", "vlan_name": "Consola", "vlan_id": "4094", "flag": "d m           ", "port": "25"}, {"mac": "00:24:81:76:2b:82", "vlan_name": "Consola", "vlan_id": "4094", "flag": "d m           ", "port": "25"}, {"mac": "00:24:81:76:ca:7b", "vlan_name": "Consola", "vlan_id": "4094", "flag": "d m           ", "port": "25"}, {"mac": "00:26:55:26:37:ee", "vlan_name": "Consola", "vlan_id": "4094", "flag": "d m           ", "port": "25"}, {"mac": "00:50:56:71:4b:68", "vlan_name": "Consola", "vlan_id": "4094", "flag": "d m           ", "port": "25"}, {"mac": "00:60:16:3a:01:73", "vlan_name": "Consola", "vlan_id": "4094", "flag": "d m           ", "port": "25"}, {"mac": "00:60:16:3a:01:a1", "vlan_name": "Consola", "vlan_id": "4094", "flag": "d m           ", "port": "25"}, {"mac": "00:e0:27:12:d6:28", "vlan_name": "Consola", "vlan_id": "4094", "flag": "d m           ", "port": "25"}, {"mac": "00:e0:27:12:f0:ea", "vlan_name": "Consola", "vlan_id": "4094", "flag": "d m           ", "port": "25"}, {"mac": "00:e0:ec:29:a4:bc", "vlan_name": "Consola", "vlan_id": "4094", "flag": "d m           ", "port": "25"}, {"mac": "00:e0:ec:29:a6:70", "vlan_name": "Consola", "vlan_id": "4094", "flag": "d m           ", "port": "25"}, {"mac": "00:e0:ec:29:a7:c0", "vlan_name": "Consola", "vlan_id": "4094", "flag": "d m           ", "port": "25"}, {"mac": "02:04:96:7e:13:cc", "vlan_name": "Consola", "vlan_id": "4094", "flag": "d m           ", "port": "25"}, {"mac": "02:04:96:97:ca:f7", "vlan_name": "Consola", "vlan_id": "4094", "flag": "d m           ", "port": "25"}, {"mac": "02:04:96:98:80:b5", "vlan_name": "Consola", "vlan_id": "4094", "flag": "d m           ", "port": "25"}, {"mac": "02:04:96:98:fb:39", "vlan_name": "Consola", "vlan_id": "4094", "flag": "d m           ", "port": "25"}, {"mac": "02:04:96:99:0c:87", "vlan_name": "Consola", "vlan_id": "4094", "flag": "d m           ", "port": "25"}, {"mac": "02:04:96:99:59:3e", "vlan_name": "Consola", "vlan_id": "4094", "flag": "d m           ", "port": "25"}, {"mac": "08:00:1b:00:4f:f8", "vlan_name": "Consola", "vlan_id": "4094", "flag": "d m           ", "port": "25"}, {"mac": "08:94:ef:52:ac:f0", "vlan_name": "Consola", "vlan_id": "4094", "flag": "d m           ", "port": "25"}, {"mac": "08:94:ef:5c:ac:9c", "vlan_name": "Consola", "vlan_id": "4094", "flag": "d m           ", "port": "25"}, {"mac": "0c:c4:7a:40:0f:99", "vlan_name": "Consola", "vlan_id": "4094", "flag": "d m           ", "port": "25"}, {"mac": "0c:c4:7a:74:f6:c6", "vlan_name": "Consola", "vlan_id": "4094", "flag": "d m           ", "port": "25"}, {"mac": "0c:c4:7a:97:de:90", "vlan_name": "Consola", "vlan_id": "4094", "flag": "d m           ", "port": "25"}, {"mac": "0e:c4:7a:74:f7:a2", "vlan_name": "Consola", "vlan_id": "4094", "flag": "d m           ", "port": "25"}, {"mac": "10:60:4b:a3:89:0b", "vlan_name": "Consola", "vlan_id": "4094", "flag": "d m           ", "port": "25"}, {"mac": "10:60:4b:a3:b9:e1", "vlan_name": "Consola", "vlan_id": "4094", "flag": "d m           ", "port": "25"}, {"mac": "10:60:4b:a3:bb:41", "vlan_name": "Consola", "vlan_id": "4094", "flag": "d m           ", "port": "25"}, {"mac": "10:60:4b:a5:40:7b", "vlan_name": "Consola", "vlan_id": "4094", "flag": "d m           ", "port": "25"}, {"mac": "10:60:4b:b2:34:4b", "vlan_name": "Consola", "vlan_id": "4094", "flag": "d m           ", "port": "25"}, {"mac": "34:40:b5:95:cf:0d", "vlan_name": "Consola", "vlan_id": "4094", "flag": "d m           ", "port": "25"}, {"mac": "34:40:b5:97:52:11", "vlan_name": "Consola", "vlan_id": "4094", "flag": "d m           ", "port": "25"}, {"mac": "34:40:b5:98:55:01", "vlan_name": "Consola", "vlan_id": "4094", "flag": "d m           ", "port": "25"}, {"mac": "34:40:b5:9a:34:45", "vlan_name": "Consola", "vlan_id": "4094", "flag": "d m           ", "port": "25"}, {"mac": "34:40:b5:9a:34:91", "vlan_name": "Consola", "vlan_id": "4094", "flag": "d m           ", "port": "25"}, {"mac": "34:40:b5:a6:6b:62", "vlan_name": "Consola", "vlan_id": "4094", "flag": "d m           ", "port": "25"}, {"mac": "34:40:b5:af:95:25", "vlan_name": "Consola", "vlan_id": "4094", "flag": "d m           ", "port": "25"}, {"mac": "34:40:b5:d4:c2:34", "vlan_name": "Consola", "vlan_id": "4094", "flag": "d m           ", "port": "25"}, {"mac": "34:40:b5:df:66:b4", "vlan_name": "Consola", "vlan_id": "4094", "flag": "d m           ", "port": "25"}, {"mac": "34:40:b5:fa:6e:4d", "vlan_name": "Consola", "vlan_id": "4094", "flag": "d m           ", "port": "12"}, {"mac": "34:40:b5:fa:6f:55", "vlan_name": "Consola", "vlan_id": "4094", "flag": "d m           ", "port": "11"}, {"mac": "34:40:b5:ff:1a:55", "vlan_name": "Consola", "vlan_id": "4094", "flag": "d m           ", "port": "24"}, {"mac": "3c:4a:92:e3:f2:4f", "vlan_name": "Consola", "vlan_id": "4094", "flag": "d m           ", "port": "25"}, {"mac": "40:f2:e9:00:4b:c1", "vlan_name": "Consola", "vlan_id": "4094", "flag": "d m           ", "port": "25"}, {"mac": "40:f2:e9:07:b0:c6", "vlan_name": "Consola", "vlan_id": "4094", "flag": "d m           ", "port": "19"}, {"mac": "40:f2:e9:07:b8:96", "vlan_name": "Consola", "vlan_id": "4094", "flag": "d m           ", "port": "9"}, {"mac": "40:f2:e9:07:c7:1e", "vlan_name": "Consola", "vlan_id": "4094", "flag": "d m           ", "port": "21"}, {"mac": "40:f2:e9:07:d3:4e", "vlan_name": "Consola", "vlan_id": "4094", "flag": "d m           ", "port": "14"}, {"mac": "40:f2:e9:07:de:96", "vlan_name": "Consola", "vlan_id": "4094", "flag": "d m           ", "port": "18"}, {"mac": "40:f2:e9:0b:b5:d0", "vlan_name": "Consola", "vlan_id": "4094", "flag": "d m           ", "port": "25"}, {"mac": "40:f2:e9:20:8c:36", "vlan_name": "Consola", "vlan_id": "4094", "flag": "d m           ", "port": "25"}, {"mac": "40:f2:e9:26:29:06", "vlan_name": "Consola", "vlan_id": "4094", "flag": "d m           ", "port": "25"}, {"mac": "40:f2:e9:65:b6:c1", "vlan_name": "Consola", "vlan_id": "4094", "flag": "d m           ", "port": "25"}, {"mac": "40:f2:e9:9b:1d:36", "vlan_name": "Consola", "vlan_id": "4094", "flag": "d m           ", "port": "25"}, {"mac": "40:f2:e9:9b:3d:d6", "vlan_name": "Consola", "vlan_id": "4094", "flag": "d m           ", "port": "25"}, {"mac": "40:f2:e9:bf:13:90", "vlan_name": "Consola", "vlan_id": "4094", "flag": "d m           ", "port": "25"}, {"mac": "40:f2:e9:bf:14:94", "vlan_name": "Consola", "vlan_id": "4094", "flag": "d m           ", "port": "25"}, {"mac": "40:f2:e9:bf:14:96", "vlan_name": "Consola", "vlan_id": "4094", "flag": "d m           ", "port": "25"}, {"mac": "40:f2:e9:bf:1f:4e", "vlan_name": "Consola", "vlan_id": "4094", "flag": "d m           ", "port": "25"}, {"mac": "40:f2:e9:bf:21:e2", "vlan_name": "Consola", "vlan_id": "4094", "flag": "d m           ", "port": "25"}, {"mac": "40:f2:e9:bf:31:e0", "vlan_name": "Consola", "vlan_id": "4094", "flag": "d m           ", "port": "25"}, {"mac": "40:f2:e9:c0:08:dd", "vlan_name": "Consola", "vlan_id": "4094", "flag": "d m           ", "port": "25"}, {"mac": "40:f2:e9:c0:2b:91", "vlan_name": "Consola", "vlan_id": "4094", "flag": "d m           ", "port": "25"}, {"mac": "40:f2:e9:c0:97:3d", "vlan_name": "Consola", "vlan_id": "4094", "flag": "d m           ", "port": "25"}, {"mac": "40:f2:e9:c0:d4:24", "vlan_name": "Consola", "vlan_id": "4094", "flag": "d m           ", "port": "25"}, {"mac": "40:f2:e9:c0:db:25", "vlan_name": "Consola", "vlan_id": "4094", "flag": "d m           ", "port": "25"}, {"mac": "40:f2:e9:c0:ec:ed", "vlan_name": "Consola", "vlan_id": "4094", "flag": "d m           ", "port": "25"}, {"mac": "40:f2:e9:f3:65:4f", "vlan_name": "Consola", "vlan_id": "4094", "flag": "d m           ", "port": "25"}, {"mac": "40:f2:e9:f5:28:f4", "vlan_name": "Consola", "vlan_id": "4094", "flag": "d m           ", "port": "25"}, {"mac": "50:eb:1a:11:d9:96", "vlan_name": "Consola", "vlan_id": "4094", "flag": "d m           ", "port": "25"}, {"mac": "5c:f3:fc:0e:71:c5", "vlan_name": "Consola", "vlan_id": "4094", "flag": "d m           ", "port": "25"}, {"mac": "5c:f3:fc:4e:51:d2", "vlan_name": "Consola", "vlan_id": "4094", "flag": "d m           ", "port": "25"}, {"mac": "5c:f3:fc:51:c1:05", "vlan_name": "Consola", "vlan_id": "4094", "flag": "d m           ", "port": "25"}, {"mac": "5c:f3:fc:51:c7:8d", "vlan_name": "Consola", "vlan_id": "4094", "flag": "d m           ", "port": "25"}, {"mac": "5c:f3:fc:53:b5:8d", "vlan_name": "Consola", "vlan_id": "4094", "flag": "d m           ", "port": "25"}, {"mac": "5c:f3:fc:bb:25:15", "vlan_name": "Consola", "vlan_id": "4094", "flag": "d m           ", "port": "25"}, {"mac": "5c:f3:fc:bb:2e:0d", "vlan_name": "Consola", "vlan_id": "4094", "flag": "d m           ", "port": "25"}, {"mac": "5c:f3:fc:da:41:39", "vlan_name": "Consola", "vlan_id": "4094", "flag": "d m           ", "port": "25"}, {"mac": "5c:f3:fc:dc:ec:61", "vlan_name": "Consola", "vlan_id": "4094", "flag": "d m           ", "port": "25"}, {"mac": "5c:f3:fc:e0:c9:29", "vlan_name": "Consola", "vlan_id": "4094", "flag": "d m           ", "port": "25"}, {"mac": "5c:f3:fc:eb:a1:de", "vlan_name": "Consola", "vlan_id": "4094", "flag": "d m           ", "port": "25"}, {"mac": "5c:f3:fc:ef:d2:e0", "vlan_name": "Consola", "vlan_id": "4094", "flag": "d m           ", "port": "25"}, {"mac": "5c:f3:fc:ef:d6:42", "vlan_name": "Consola", "vlan_id": "4094", "flag": "d m           ", "port": "25"}, {"mac": "5c:f3:fd:36:0c:39", "vlan_name": "Consola", "vlan_id": "4094", "flag": "d m           ", "port": "25"}, {"mac": "64:31:50:51:b3:84", "vlan_name": "Consola", "vlan_id": "4094", "flag": "d m           ", "port": "25"}, {"mac": "6c:ae:8b:1c:80:ee", "vlan_name": "Consola", "vlan_id": "4094", "flag": "d m           ", "port": "25"}, {"mac": "6c:ae:8b:20:9c:4e", "vlan_name": "Consola", "vlan_id": "4094", "flag": "d m           ", "port": "7"}, {"mac": "6c:ae:8b:25:43:36", "vlan_name": "Consola", "vlan_id": "4094", "flag": "d m           ", "port": "25"}, {"mac": "6c:ae:8b:27:bd:8e", "vlan_name": "Consola", "vlan_id": "4094", "flag": "d m           ", "port": "25"}, {"mac": "6c:ae:8b:2e:a2:68", "vlan_name": "Consola", "vlan_id": "4094", "flag": "d m           ", "port": "25"}, {"mac": "6c:ae:8b:2e:a4:8c", "vlan_name": "Consola", "vlan_id": "4094", "flag": "d m           ", "port": "25"}, {"mac": "6c:ae:8b:2e:a6:78", "vlan_name": "Consola", "vlan_id": "4094", "flag": "d m           ", "port": "25"}, {"mac": "6c:ae:8b:2e:a7:1c", "vlan_name": "Consola", "vlan_id": "4094", "flag": "d m           ", "port": "25"}, {"mac": "6c:ae:8b:2e:aa:74", "vlan_name": "Consola", "vlan_id": "4094", "flag": "d m           ", "port": "25"}, {"mac": "6c:ae:8b:30:ea:ed", "vlan_name": "Consola", "vlan_id": "4094", "flag": "d m           ", "port": "25"}, {"mac": "6c:ae:8b:30:ed:ec", "vlan_name": "Consola", "vlan_id": "4094", "flag": "d m           ", "port": "25"}, {"mac": "6c:ae:8b:30:f2:94", "vlan_name": "Consola", "vlan_id": "4094", "flag": "d m           ", "port": "25"}, {"mac": "6c:ae:8b:30:fd:05", "vlan_name": "Consola", "vlan_id": "4094", "flag": "d m           ", "port": "25"}, {"mac": "6c:ae:8b:32:00:c1", "vlan_name": "Consola", "vlan_id": "4094", "flag": "d m           ", "port": "25"}, {"mac": "6c:ae:8b:32:05:8d", "vlan_name": "Consola", "vlan_id": "4094", "flag": "d m           ", "port": "25"}, {"mac": "6c:ae:8b:32:6c:b1", "vlan_name": "Consola", "vlan_id": "4094", "flag": "d m           ", "port": "25"}, {"mac": "6c:ae:8b:32:6d:7d", "vlan_name": "Consola", "vlan_id": "4094", "flag": "d m           ", "port": "25"}, {"mac": "6c:ae:8b:32:74:65", "vlan_name": "Consola", "vlan_id": "4094", "flag": "d m           ", "port": "25"}, {"mac": "6c:ae:8b:35:6d:d5", "vlan_name": "Consola", "vlan_id": "4094", "flag": "d m           ", "port": "25"}, {"mac": "6c:ae:8b:35:70:09", "vlan_name": "Consola", "vlan_id": "4094", "flag": "d m           ", "port": "25"}, {"mac": "6c:ae:8b:35:71:75", "vlan_name": "Consola", "vlan_id": "4094", "flag": "d m           ", "port": "25"}, {"mac": "6c:ae:8b:35:74:3d", "vlan_name": "Consola", "vlan_id": "4094", "flag": "d m           ", "port": "25"}, {"mac": "6c:ae:8b:35:96:a5", "vlan_name": "Consola", "vlan_id": "4094", "flag": "d m           ", "port": "25"}, {"mac": "6c:ae:8b:35:97:45", "vlan_name": "Consola", "vlan_id": "4094", "flag": "d m           ", "port": "25"}, {"mac": "6c:ae:8b:35:d7:f5", "vlan_name": "Consola", "vlan_id": "4094", "flag": "d m           ", "port": "25"}, {"mac": "6c:ae:8b:3a:61:1e", "vlan_name": "Consola", "vlan_id": "4094", "flag": "d m           ", "port": "25"}, {"mac": "6c:ae:8b:3e:30:26", "vlan_name": "Consola", "vlan_id": "4094", "flag": "d m           ", "port": "25"}, {"mac": "6c:ae:8b:41:c8:3e", "vlan_name": "Consola", "vlan_id": "4094", "flag": "d m           ", "port": "25"}, {"mac": "6c:ae:8b:4e:67:4e", "vlan_name": "Consola", "vlan_id": "4094", "flag": "d m           ", "port": "15"}, {"mac": "6c:ae:8b:51:11:c2", "vlan_name": "Consola", "vlan_id": "4094", "flag": "d m           ", "port": "25"}, {"mac": "6c:ae:8b:60:b1:a6", "vlan_name": "Consola", "vlan_id": "4094", "flag": "d m           ", "port": "25"}, {"mac": "6c:ae:8b:61:52:3e", "vlan_name": "Consola", "vlan_id": "4094", "flag": "d m           ", "port": "5"}, {"mac": "6c:ae:8b:61:69:1e", "vlan_name": "Consola", "vlan_id": "4094", "flag": "d m           ", "port": "25"}, {"mac": "6c:ae:8b:61:6a:e6", "vlan_name": "Consola", "vlan_id": "4094", "flag": "d m           ", "port": "25"}, {"mac": "6c:ae:8b:63:98:fe", "vlan_name": "Consola", "vlan_id": "4094", "flag": "d m           ", "port": "2"}, {"mac": "6c:ae:8b:63:f6:96", "vlan_name": "Consola", "vlan_id": "4094", "flag": "d m           ", "port": "6"}, {"mac": "74:46:a0:73:44:c0", "vlan_name": "Consola", "vlan_id": "4094", "flag": "d m           ", "port": "25"}, {"mac": "74:46:a0:73:84:2a", "vlan_name": "Consola", "vlan_id": "4094", "flag": "d m           ", "port": "25"}, {"mac": "78:ac:c0:72:16:0c", "vlan_name": "Consola", "vlan_id": "4094", "flag": "d m           ", "port": "25"}, {"mac": "78:e3:b5:0b:43:91", "vlan_name": "Consola", "vlan_id": "4094", "flag": "d m           ", "port": "25"}, {"mac": "80:c1:6e:76:7f:57", "vlan_name": "Consola", "vlan_id": "4094", "flag": "d m           ", "port": "25"}, {"mac": "80:c1:6e:77:97:94", "vlan_name": "Consola", "vlan_id": "4094", "flag": "d m           ", "port": "25"}, {"mac": "80:c1:6e:77:a7:9a", "vlan_name": "Consola", "vlan_id": "4094", "flag": "d m           ", "port": "25"}, {"mac": "98:4b:e1:61:d2:6f", "vlan_name": "Consola", "vlan_id": "4094", "flag": "d m           ", "port": "25"}, {"mac": "98:be:94:21:fc:63", "vlan_name": "Consola", "vlan_id": "4094", "flag": "d m           ", "port": "25"}, {"mac": "98:be:94:2a:1a:ae", "vlan_name": "Consola", "vlan_id": "4094", "flag": "d m           ", "port": "25"}, {"mac": "98:be:94:36:13:f5", "vlan_name": "Consola", "vlan_id": "4094", "flag": "d m           ", "port": "25"}, {"mac": "98:be:94:36:14:85", "vlan_name": "Consola", "vlan_id": "4094", "flag": "d m           ", "port": "25"}, {"mac": "98:be:94:36:15:59", "vlan_name": "Consola", "vlan_id": "4094", "flag": "d m           ", "port": "25"}, {"mac": "98:be:94:36:15:ad", "vlan_name": "Consola", "vlan_id": "4094", "flag": "d m           ", "port": "25"}, {"mac": "98:be:94:36:1a:05", "vlan_name": "Consola", "vlan_id": "4094", "flag": "d m           ", "port": "25"}, {"mac": "98:be:94:36:1a:65", "vlan_name": "Consola", "vlan_id": "4094", "flag": "d m           ", "port": "25"}, {"mac": "98:be:94:36:46:61", "vlan_name": "Consola", "vlan_id": "4094", "flag": "d m           ", "port": "25"}, {"mac": "98:be:94:36:70:89", "vlan_name": "Consola", "vlan_id": "4094", "flag": "d m           ", "port": "25"}, {"mac": "98:be:94:44:cf:7c", "vlan_name": "Consola", "vlan_id": "4094", "flag": "d m           ", "port": "25"}, {"mac": "98:be:94:44:cf:7d", "vlan_name": "Consola", "vlan_id": "4094", "flag": "d m           ", "port": "25"}, {"mac": "9c:b6:54:7f:4e:5b", "vlan_name": "Consola", "vlan_id": "4094", "flag": "d m           ", "port": "25"}, {"mac": "9c:b6:54:7f:de:4f", "vlan_name": "Consola", "vlan_id": "4094", "flag": "d m           ", "port": "25"}, {"mac": "a4:5d:36:55:40:28", "vlan_name": "Consola", "vlan_id": "4094", "flag": "d m           ", "port": "25"}, {"mac": "ac:1f:6b:45:68:5c", "vlan_name": "Consola", "vlan_id": "4094", "flag": "d m           ", "port": "25"}, {"mac": "b4:99:ba:07:4e:4a", "vlan_name": "Consola", "vlan_id": "4094", "flag": "d m           ", "port": "25"}, {"mac": "b4:b5:2f:ed:87:aa", "vlan_name": "Consola", "vlan_id": "4094", "flag": "d m           ", "port": "25"}, {"mac": "c4:34:6b:ad:68:2c", "vlan_name": "Consola", "vlan_id": "4094", "flag": "d m           ", "port": "25"}, {"mac": "c8:1f:66:c3:51:9e", "vlan_name": "Consola", "vlan_id": "4094", "flag": "d m           ", "port": "25"}, {"mac": "d0:7e:28:ba:fa:22", "vlan_name": "Consola", "vlan_id": "4094", "flag": "d m           ", "port": "25"}, {"mac": "d4:ae:52:c6:f5:1d", "vlan_name": "Consola", "vlan_id": "4094", "flag": "d m           ", "port": "25"}, {"mac": "d8:9d:67:67:3b:69", "vlan_name": "Consola", "vlan_id": "4094", "flag": "d m           ", "port": "25"}, {"mac": "d8:9d:67:67:ba:e5", "vlan_name": "Consola", "vlan_id": "4094", "flag": "d m           ", "port": "25"}, {"mac": "d8:9d:67:71:7a:ef", "vlan_name": "Consola", "vlan_id": "4094", "flag": "d m           ", "port": "25"}, {"mac": "d8:9d:67:77:6f:3b", "vlan_name": "Consola", "vlan_id": "4094", "flag": "d m           ", "port": "25"}, {"mac": "e0:07:1b:fa:94:1a", "vlan_name": "Consola", "vlan_id": "4094", "flag": "d m           ", "port": "25"}, {"mac": "e0:db:55:10:a9:0e", "vlan_name": "Consola", "vlan_id": "4094", "flag": "d m           ", "port": "3"}, {"mac": "e0:db:55:14:df:00", "vlan_name": "Consola", "vlan_id": "4094", "flag": "d m           ", "port": "17"}, {"mac": "e4:1f:13:25:91:91", "vlan_name": "Consola", "vlan_id": "4094", "flag": "d m           ", "port": "25"}, {"mac": "e4:1f:13:26:d2:89", "vlan_name": "Consola", "vlan_id": "4094", "flag": "d m           ", "port": "25"}, {"mac": "e4:1f:13:26:d7:f5", "vlan_name": "Consola", "vlan_id": "4094", "flag": "d m           ", "port": "25"}, {"mac": "e4:1f:13:27:92:a5", "vlan_name": "Consola", "vlan_id": "4094", "flag": "d m           ", "port": "25"}, {"mac": "e4:1f:13:4a:55:c5", "vlan_name": "Consola", "vlan_id": "4094", "flag": "d m           ", "port": "25"}, {"mac": "e4:1f:13:4b:b0:ec", "vlan_name": "Consola", "vlan_id": "4094", "flag": "d m           ", "port": "25"}, {"mac": "e4:1f:13:52:c6:e5", "vlan_name": "Consola", "vlan_id": "4094", "flag": "d m           ", "port": "25"}, {"mac": "e4:1f:13:55:56:81", "vlan_name": "Consola", "vlan_id": "4094", "flag": "d m           ", "port": "25"}, {"mac": "e4:1f:13:56:4c:dd", "vlan_name": "Consola", "vlan_id": "4094", "flag": "d m           ", "port": "25"}, {"mac": "e4:1f:13:56:57:91", "vlan_name": "Consola", "vlan_id": "4094", "flag": "d m           ", "port": "25"}, {"mac": "e4:1f:13:64:38:c2", "vlan_name": "Consola", "vlan_id": "4094", "flag": "d m           ", "port": "25"}, {"mac": "e4:1f:13:a7:34:b1", "vlan_name": "Consola", "vlan_id": "4094", "flag": "d m           ", "port": "25"}, {"mac": "e4:1f:13:aa:70:0d", "vlan_name": "Consola", "vlan_id": "4094", "flag": "d m           ", "port": "25"}, {"mac": "e4:1f:13:ab:6b:d1", "vlan_name": "Consola", "vlan_id": "4094", "flag": "d m           ", "port": "25"}, {"mac": "e4:1f:13:ab:71:c5", "vlan_name": "Consola", "vlan_id": "4094", "flag": "d m           ", "port": "25"}, {"mac": "e4:1f:13:ab:db:a1", "vlan_name": "Consola", "vlan_id": "4094", "flag": "d m           ", "port": "25"}, {"mac": "e4:1f:13:ab:e1:d1", "vlan_name": "Consola", "vlan_id": "4094", "flag": "d m           ", "port": "25"}, {"mac": "e4:1f:13:ae:08:ad", "vlan_name": "Consola", "vlan_id": "4094", "flag": "d m           ", "port": "25"}, {"mac": "e4:1f:13:d9:47:fd", "vlan_name": "Consola", "vlan_id": "4094", "flag": "d m           ", "port": "22"}, {"mac": "e4:1f:13:e8:ca:11", "vlan_name": "Consola", "vlan_id": "4094", "flag": "d m           ", "port": "25"}, {"mac": "e4:1f:13:ec:1e:c6", "vlan_name": "Consola", "vlan_id": "4094", "flag": "d m           ", "port": "25"}, {"mac": "e4:1f:13:ec:2f:36", "vlan_name": "Consola", "vlan_id": "4094", "flag": "d m           ", "port": "25"}, {"mac": "ec:b1:d7:86:99:47", "vlan_name": "Consola", "vlan_id": "4094", "flag": "d m           ", "port": "25"}, {"mac": "ec:b1:d7:86:99:69", "vlan_name": "Consola", "vlan_id": "4094", "flag": "d m           ", "port": "25"}, {"mac": "f0:92:1c:11:ea:20", "vlan_name": "Consola", "vlan_id": "4094", "flag": "d m           ", "port": "25"}, {"mac": "fc:15:b4:0e:80:00", "vlan_name": "Consola", "vlan_id": "4094", "flag": "d m           ", "port": "25"}, {"mac": "fc:15:b4:11:8e:49", "vlan_name": "Consola", "vlan_id": "4094", "flag": "d m           ", "port": "25"}, {"mac": "fc:15:b4:11:8e:69", "vlan_name": "Consola", "vlan_id": "4094", "flag": "d m           ", "port": "25"}, {"mac": "fc:15:b4:11:8e:b6", "vlan_name": "Consola", "vlan_id": "4094", "flag": "d m           ", "port": "25"}, {"mac": "fc:15:b4:11:8e:ed", "vlan_name": "Consola", "vlan_id": "4094", "flag": "d m           ", "port": "25"}, {"mac": "fc:15:b4:11:9e:0d", "vlan_name": "Consola", "vlan_id": "4094", "flag": "d m           ", "port": "25"}, {"mac": "fc:15:b4:11:9e:44", "vlan_name": "Consola", "vlan_id": "4094", "flag": "d m           ", "port": "25"}, {"mac": "fc:15:b4:11:9e:79", "vlan_name": "Consola", "vlan_id": "4094", "flag": "d m           ", "port": "25"}, {"mac": "fc:15:b4:11:ae:ad", "vlan_name": "Consola", "vlan_id": "4094", "flag": "d m           ", "port": "25"}, {"mac": "fc:15:b4:12:81:ee", "vlan_name": "Consola", "vlan_id": "4094", "flag": "d m           ", "port": "25"}, {"mac": "fc:15:b4:12:91:40", "vlan_name": "Consola", "vlan_id": "4094", "flag": "d m           ", "port": "25"}, {"mac": "fc:15:b4:12:91:4f", "vlan_name": "Consola", "vlan_id": "4094", "flag": "d m           ", "port": "25"}, {"mac": "fc:15:b4:12:a1:66", "vlan_name": "Consola", "vlan_id": "4094", "flag": "d m           ", "port": "25"}, {"mac": "fc:15:b4:fa:48:24", "vlan_name": "Consola", "vlan_id": "4094", "flag": "d m           ", "port": "25"}, {"mac": "fc:15:b4:fa:48:30", "vlan_name": "Consola", "vlan_id": "4094", "flag": "d m           ", "port": "25"}]