[{"mac": "00:04:96:97:d3:3d", "vlan_name": "Consola_CB_CL", "vlan_id": "68", "flag": "d m           ", "port": "9"}, {"mac": "00:27:f8:b1:d8:e2", "vlan_name": "Consola_CB_CL", "vlan_id": "68", "flag": "d m           ", "port": "17"}, {"mac": "00:27:f8:b1:dc:62", "vlan_name": "Consola_CB_CL", "vlan_id": "68", "flag": "d m           ", "port": "19"}, {"mac": "08:94:ef:0b:17:d9", "vlan_name": "Consola_CB_CL", "vlan_id": "68", "flag": "d m           ", "port": "16"}, {"mac": "0c:c4:7a:75:49:c5", "vlan_name": "Consola_CB_CL", "vlan_id": "68", "flag": "d m           ", "port": "22"}, {"mac": "34:40:b5:df:7a:a2", "vlan_name": "Consola_CB_CL", "vlan_id": "68", "flag": "d m           ", "port": "16"}, {"mac": "34:64:a9:ea:a5:f4", "vlan_name": "Consola_CB_CL", "vlan_id": "68", "flag": "d m           ", "port": "14"}, {"mac": "40:f2:e9:58:a3:fc", "vlan_name": "Consola_CB_CL", "vlan_id": "68", "flag": "d m           ", "port": "16"}, {"mac": "40:f2:e9:58:a3:fd", "vlan_name": "Consola_CB_CL", "vlan_id": "68", "flag": "d m           ", "port": "16"}, {"mac": "6c:ae:8b:2b:b0:91", "vlan_name": "Consola_CB_CL", "vlan_id": "68", "flag": "d m           ", "port": "16"}, {"mac": "6c:ae:8b:2b:bb:f5", "vlan_name": "Consola_CB_CL", "vlan_id": "68", "flag": "d m           ", "port": "16"}, {"mac": "6c:ae:8b:2b:bd:45", "vlan_name": "Consola_CB_CL", "vlan_id": "68", "flag": "d m           ", "port": "16"}, {"mac": "6c:ae:8b:2e:f8:29", "vlan_name": "Consola_CB_CL", "vlan_id": "68", "flag": "d m           ", "port": "16"}, {"mac": "6c:ae:8b:30:00:91", "vlan_name": "Consola_CB_CL", "vlan_id": "68", "flag": "d m           ", "port": "16"}, {"mac": "6c:ae:8b:30:6c:75", "vlan_name": "Consola_CB_CL", "vlan_id": "68", "flag": "d m           ", "port": "16"}, {"mac": "6c:ae:8b:32:db:7d", "vlan_name": "Consola_CB_CL", "vlan_id": "68", "flag": "d m           ", "port": "16"}, {"mac": "6c:ae:8b:35:0b:a9", "vlan_name": "Consola_CB_CL", "vlan_id": "68", "flag": "d m           ", "port": "16"}, {"mac": "ac:1f:6b:61:74:09", "vlan_name": "Consola_CB_CL", "vlan_id": "68", "flag": "d m           ", "port": "21"}, {"mac": "ae:1f:6b:61:78:bc", "vlan_name": "Consola_CB_CL", "vlan_id": "68", "flag": "d m           ", "port": "21"}, {"mac": "f8:48:97:ae:cf:68", "vlan_name": "Consola_CB_CL", "vlan_id": "68", "flag": "d m           ", "port": "21"}]