[{"mac": "00:00:c9:f4:95:ba", "vlan_name": "Serv_CoreBF_CL", "vlan_id": "498", "flag": "d mi          ", "port": "1:2"}, {"mac": "00:00:c9:f4:95:c2", "vlan_name": "Balanceo", "vlan_id": "499", "flag": "d mi          ", "port": "1:3"}, {"mac": "00:00:c9:f4:9d:56", "vlan_name": "Serv_CoreBF_CL", "vlan_id": "498", "flag": "d mi          ", "port": "1:2"}, {"mac": "00:00:c9:f4:9d:5e", "vlan_name": "Balanceo", "vlan_id": "499", "flag": "d mi          ", "port": "1:3"}, {"mac": "00:0c:29:0b:30:14", "vlan_name": "Servidores_Co", "vlan_id": "496", "flag": "d mi          ", "port": "1:4"}, {"mac": "00:22:bd:f8:19:ff", "vlan_name": "CDLV-To-Pana_CL_P", "vlan_id": "666", "flag": "d mi          ", "port": "1:29"}, {"mac": "00:22:bd:f8:19:ff", "vlan_name": "CDLV-To-Pana_COL_P", "vlan_id": "663", "flag": "d mi          ", "port": "1:29"}, {"mac": "00:50:56:9c:0f:13", "vlan_name": "Servidores_Co", "vlan_id": "496", "flag": "d mi          ", "port": "2:4"}, {"mac": "00:50:56:9c:12:65", "vlan_name": "Serv_CoreBF_CL", "vlan_id": "498", "flag": "d mi          ", "port": "2:2"}, {"mac": "00:50:56:9c:13:8f", "vlan_name": "Serv_CoreBF_CL", "vlan_id": "498", "flag": "d mi          ", "port": "2:2"}, {"mac": "00:50:56:9c:37:7b", "vlan_name": "Servidores_Co", "vlan_id": "496", "flag": "d mi          ", "port": "2:4"}, {"mac": "00:50:56:9c:58:76", "vlan_name": "Servidores_Co", "vlan_id": "496", "flag": "d mi          ", "port": "1:4"}, {"mac": "00:50:56:9c:70:c5", "vlan_name": "Serv_CoreBF_CL", "vlan_id": "498", "flag": "d mi          ", "port": "2:2"}, {"mac": "00:50:56:9c:77:2f", "vlan_name": "Serv_CoreBF_CL", "vlan_id": "498", "flag": "d mi          ", "port": "2:2"}, {"mac": "00:90:fa:1c:1e:9e", "vlan_name": "Serv_CoreBF_CL", "vlan_id": "498", "flag": "d mi          ", "port": "1:2"}, {"mac": "00:90:fa:1c:1f:ae", "vlan_name": "Serv_CoreBF_CL", "vlan_id": "498", "flag": "d mi          ", "port": "1:2"}, {"mac": "00:90:fa:1c:1f:b6", "vlan_name": "Balanceo", "vlan_id": "499", "flag": "d mi          ", "port": "1:3"}, {"mac": "00:90:fa:1c:99:ba", "vlan_name": "Serv_CoreBF_CL", "vlan_id": "498", "flag": "d mi          ", "port": "1:2"}, {"mac": "00:90:fa:1c:9a:7a", "vlan_name": "Serv_CoreBF_CL", "vlan_id": "498", "flag": "d mi          ", "port": "2:2"}, {"mac": "00:90:fa:1c:9a:ca", "vlan_name": "Serv_CoreBF_CL", "vlan_id": "498", "flag": "d mi          ", "port": "2:2"}, {"mac": "00:90:fa:3d:2b:a0", "vlan_name": "Serv_CoreBF_CL", "vlan_id": "498", "flag": "d mi          ", "port": "1:2"}, {"mac": "00:90:fa:3d:2b:a8", "vlan_name": "Balanceo", "vlan_id": "499", "flag": "d mi          ", "port": "1:3"}, {"mac": "00:90:fa:3d:2c:34", "vlan_name": "Serv_CoreBF_CL", "vlan_id": "498", "flag": "d mi          ", "port": "1:2"}, {"mac": "00:90:fa:3d:2c:3c", "vlan_name": "Balanceo", "vlan_id": "499", "flag": "d mi          ", "port": "1:3"}, {"mac": "00:90:fa:4c:a9:3c", "vlan_name": "Servidores_Co", "vlan_id": "496", "flag": "d mi          ", "port": "1:4"}, {"mac": "00:90:fa:62:de:bc", "vlan_name": "Servidores_Co", "vlan_id": "496", "flag": "d mi          ", "port": "1:4"}, {"mac": "00:90:fa:62:e1:9c", "vlan_name": "Servidores_Co", "vlan_id": "496", "flag": "d mi          ", "port": "1:4"}, {"mac": "00:90:fa:64:00:60", "vlan_name": "Servidores_Co", "vlan_id": "496", "flag": "d mi          ", "port": "1:4"}, {"mac": "00:90:fa:64:86:32", "vlan_name": "Servidores_Co", "vlan_id": "496", "flag": "d mi          ", "port": "1:4"}, {"mac": "00:90:fa:66:af:e4", "vlan_name": "Serv_CoreBF_CL", "vlan_id": "498", "flag": "d mi          ", "port": "2:2"}, {"mac": "00:90:fa:79:53:54", "vlan_name": "Servidores_Co", "vlan_id": "496", "flag": "d mi          ", "port": "1:4"}, {"mac": "00:90:fa:79:5b:3c", "vlan_name": "Servidores_Co", "vlan_id": "496", "flag": "d mi          ", "port": "1:4"}, {"mac": "00:90:fa:80:a6:4a", "vlan_name": "Serv_CoreBF_CL", "vlan_id": "498", "flag": "d mi          ", "port": "2:2"}, {"mac": "00:90:fa:af:d2:20", "vlan_name": "Servidores_Co", "vlan_id": "496", "flag": "d mi          ", "port": "1:4"}, {"mac": "00:90:fa:e1:4a:c6", "vlan_name": "Servidores_Co", "vlan_id": "496", "flag": "d mi          ", "port": "1:4"}, {"mac": "34:64:a9:ea:a5:f5", "vlan_name": "Serv_CoreBF_CL", "vlan_id": "498", "flag": "d mi          ", "port": "2:14"}, {"mac": "34:64:a9:ea:ba:65", "vlan_name": "Serv_CoreBF_CL", "vlan_id": "498", "flag": "d mi          ", "port": "1:14"}, {"mac": "40:f2:e9:5c:3a:78", "vlan_name": "Servidores_Co", "vlan_id": "496", "flag": "d mi          ", "port": "1:6"}, {"mac": "40:f2:e9:5c:3a:80", "vlan_name": "Servidores_Co", "vlan_id": "496", "flag": "d mi          ", "port": "1:7"}, {"mac": "40:f2:e9:5c:41:5c", "vlan_name": "Servidores_Co", "vlan_id": "496", "flag": "d mi          ", "port": "1:8"}, {"mac": "52:54:00:ea:a9:ad", "vlan_name": "Serv_CoreBF_CL", "vlan_id": "498", "flag": "d mi          ", "port": "1:11"}, {"mac": "6c:ae:8b:68:82:14", "vlan_name": "Serv_CoreBF_CL", "vlan_id": "498", "flag": "d mi          ", "port": "1:29"}, {"mac": "6c:ae:8b:68:83:d8", "vlan_name": "Serv_CoreBF_CL", "vlan_id": "498", "flag": "d mi          ", "port": "1:29"}, {"mac": "6c:ae:8b:68:84:50", "vlan_name": "Serv_CoreBF_CL", "vlan_id": "498", "flag": "d mi          ", "port": "1:29"}, {"mac": "6c:ae:8b:7c:80:e3", "vlan_name": "Serv_CoreBF_CL", "vlan_id": "498", "flag": "d mi          ", "port": "1:2"}, {"mac": "b4:0c:25:ef:00:10", "vlan_name": "Servidores_Co", "vlan_id": "496", "flag": "d mi          ", "port": "1:29"}, {"mac": "b4:0c:25:ef:00:10", "vlan_name": "FW_ACI_LV_CB_Inside", "vlan_id": "1705", "flag": "d mi          ", "port": "1:29"}, {"mac": "b4:0c:25:ef:00:10", "vlan_name": "EXT_Balanceo_CB_CL", "vlan_id": "3339", "flag": "d m           ", "port": "1:29"}, {"mac": "b4:0c:25:ef:00:10", "vlan_name": "EXT_Balanceo_CB_CO", "vlan_id": "3341", "flag": "d m           ", "port": "1:29"}]