[{"vlan_name": "Balanceo", "vlan_id": "499"}, {"vlan_name": "Balanceo_Co", "vlan_id": "497"}, {"vlan_name": "CDLV-To-Pana_CL_P", "vlan_id": "666"}, {"vlan_name": "CDLV-To-Pana_CL_R", "vlan_id": "667"}, {"vlan_name": "CDLV-To-Pana_COL_P", "vlan_id": "663"}, {"vlan_name": "CDLV-To-Pana_COL_R", "vlan_id": "664"}, {"vlan_name": "Default", "vlan_id": "1"}, {"vlan_name": "EXT_Balanceo_CB_CL", "vlan_id": "3339"}, {"vlan_name": "EXT_Balanceo_CB_CO", "vlan_id": "3341"}, {"vlan_name": "FW_ACI_LV_CB_Inside", "vlan_id": "1705"}, {"vlan_name": "FW_LV_CoreBancario", "vlan_id": "4086"}, {"vlan_name": "loop_id", "vlan_id": "4085"}, {"vlan_name": "Mgmt", "vlan_id": "4095"}, {"vlan_name": "Serv_CoreBF_CL", "vlan_id": "498"}, {"vlan_name": "Servidores_Co", "vlan_id": "496"}]