[{"mac": "00:00:87:53:c2:15", "vlan_name": "Consolas", "vlan_id": "4094", "flag": "d mi          ", "port": "24"}, {"mac": "00:00:87:53:c5:bc", "vlan_name": "Consolas", "vlan_id": "4094", "flag": "d mi          ", "port": "24"}, {"mac": "00:00:87:93:21:c5", "vlan_name": "Consolas", "vlan_id": "4094", "flag": "d mi          ", "port": "24"}, {"mac": "00:00:87:d3:58:8c", "vlan_name": "Consolas", "vlan_id": "4094", "flag": "d mi          ", "port": "24"}, {"mac": "00:00:87:d3:58:9d", "vlan_name": "Consolas", "vlan_id": "4094", "flag": "d mi          ", "port": "24"}, {"mac": "00:01:d7:c6:60:01", "vlan_name": "Consolas", "vlan_id": "4094", "flag": "d mi          ", "port": "24"}, {"mac": "00:01:d7:da:92:41", "vlan_name": "Consolas", "vlan_id": "4094", "flag": "d mi          ", "port": "24"}, {"mac": "00:01:d7:eb:28:81", "vlan_name": "Consolas", "vlan_id": "4094", "flag": "d mi          ", "port": "24"}, {"mac": "00:04:96:28:16:6b", "vlan_name": "Consolas", "vlan_id": "4094", "flag": "d mi          ", "port": "24"}, {"mac": "00:04:96:36:64:8c", "vlan_name": "Consolas", "vlan_id": "4094", "flag": "d mi          ", "port": "24"}, {"mac": "00:04:96:36:8b:1a", "vlan_name": "Consolas", "vlan_id": "4094", "flag": "d mi          ", "port": "24"}, {"mac": "00:04:96:36:8b:22", "vlan_name": "Consolas", "vlan_id": "4094", "flag": "d mi          ", "port": "24"}, {"mac": "00:04:96:36:c7:51", "vlan_name": "Consolas", "vlan_id": "4094", "flag": "d mi          ", "port": "24"}, {"mac": "00:04:96:36:f9:13", "vlan_name": "Consolas", "vlan_id": "4094", "flag": "d mi          ", "port": "24"}, {"mac": "00:04:96:36:fb:c7", "vlan_name": "Consolas", "vlan_id": "4094", "flag": "d mi          ", "port": "24"}, {"mac": "00:04:96:51:de:aa", "vlan_name": "Consolas", "vlan_id": "4094", "flag": "d mi          ", "port": "24"}, {"mac": "00:04:96:51:de:c5", "vlan_name": "Consolas", "vlan_id": "4094", "flag": "d mi          ", "port": "24"}, {"mac": "00:04:96:52:18:50", "vlan_name": "Consolas", "vlan_id": "4094", "flag": "d mi          ", "port": "24"}, {"mac": "00:04:96:52:18:9a", "vlan_name": "Consolas", "vlan_id": "4094", "flag": "d mi          ", "port": "24"}, {"mac": "00:04:96:52:23:1f", "vlan_name": "Consolas", "vlan_id": "4094", "flag": "d mi          ", "port": "24"}, {"mac": "00:04:96:52:23:5b", "vlan_name": "Consolas", "vlan_id": "4094", "flag": "d mi          ", "port": "24"}, {"mac": "00:04:96:52:2b:f6", "vlan_name": "Consolas", "vlan_id": "4094", "flag": "d mi          ", "port": "24"}, {"mac": "00:04:96:52:2c:c2", "vlan_name": "Consolas", "vlan_id": "4094", "flag": "d mi          ", "port": "24"}, {"mac": "00:04:96:52:43:06", "vlan_name": "Consolas", "vlan_id": "4094", "flag": "d mi          ", "port": "24"}, {"mac": "00:04:96:52:43:83", "vlan_name": "Consolas", "vlan_id": "4094", "flag": "d mi          ", "port": "24"}, {"mac": "00:04:96:52:43:d4", "vlan_name": "Consolas", "vlan_id": "4094", "flag": "d mi          ", "port": "24"}, {"mac": "00:04:96:6d:6c:ce", "vlan_name": "Consolas", "vlan_id": "4094", "flag": "d mi          ", "port": "24"}, {"mac": "00:04:96:7d:e3:1c", "vlan_name": "Consolas", "vlan_id": "4094", "flag": "d mi          ", "port": "24"}, {"mac": "00:04:96:7d:e3:1e", "vlan_name": "Consolas", "vlan_id": "4094", "flag": "d mi          ", "port": "24"}, {"mac": "00:04:96:7d:e8:9a", "vlan_name": "Consolas", "vlan_id": "4094", "flag": "d mi          ", "port": "24"}, {"mac": "00:04:96:7d:e8:a2", "vlan_name": "Consolas", "vlan_id": "4094", "flag": "d mi          ", "port": "24"}, {"mac": "00:04:96:7d:f8:91", "vlan_name": "Consolas", "vlan_id": "4094", "flag": "d mi          ", "port": "24"}, {"mac": "00:04:96:7e:03:87", "vlan_name": "Consolas", "vlan_id": "4094", "flag": "d mi          ", "port": "24"}, {"mac": "00:04:96:7e:30:be", "vlan_name": "Consolas", "vlan_id": "4094", "flag": "d mi          ", "port": "24"}, {"mac": "00:04:96:82:14:54", "vlan_name": "Consolas", "vlan_id": "4094", "flag": "d mi          ", "port": "24"}, {"mac": "00:04:96:82:14:80", "vlan_name": "Consolas", "vlan_id": "4094", "flag": "d mi          ", "port": "24"}, {"mac": "00:04:96:82:1a:8a", "vlan_name": "Consolas", "vlan_id": "4094", "flag": "d mi          ", "port": "24"}, {"mac": "00:04:96:82:5a:4f", "vlan_name": "Consolas", "vlan_id": "4094", "flag": "d mi          ", "port": "24"}, {"mac": "00:04:96:82:5a:71", "vlan_name": "Consolas", "vlan_id": "4094", "flag": "d mi          ", "port": "24"}, {"mac": "00:04:96:82:5a:75", "vlan_name": "Consolas", "vlan_id": "4094", "flag": "d mi          ", "port": "24"}, {"mac": "00:04:96:82:5a:a5", "vlan_name": "Consolas", "vlan_id": "4094", "flag": "d mi          ", "port": "24"}, {"mac": "00:04:96:82:60:05", "vlan_name": "Consolas", "vlan_id": "4094", "flag": "d mi          ", "port": "24"}, {"mac": "00:04:96:82:60:4e", "vlan_name": "Consolas", "vlan_id": "4094", "flag": "d mi          ", "port": "24"}, {"mac": "00:04:96:82:60:50", "vlan_name": "Consolas", "vlan_id": "4094", "flag": "d mi          ", "port": "24"}, {"mac": "00:04:96:83:83:9b", "vlan_name": "Consolas", "vlan_id": "4094", "flag": "d mi          ", "port": "24"}, {"mac": "00:04:96:83:84:10", "vlan_name": "Consolas", "vlan_id": "4094", "flag": "d mi          ", "port": "24"}, {"mac": "00:04:96:83:85:bb", "vlan_name": "Consolas", "vlan_id": "4094", "flag": "d mi          ", "port": "24"}, {"mac": "00:04:96:83:87:b0", "vlan_name": "Consolas", "vlan_id": "4094", "flag": "d mi          ", "port": "24"}, {"mac": "00:04:96:83:87:f3", "vlan_name": "Consolas", "vlan_id": "4094", "flag": "d mi          ", "port": "24"}, {"mac": "00:04:96:83:88:0f", "vlan_name": "Consolas", "vlan_id": "4094", "flag": "d mi          ", "port": "24"}, {"mac": "00:04:96:83:97:2f", "vlan_name": "Consolas", "vlan_id": "4094", "flag": "d mi          ", "port": "24"}, {"mac": "00:04:96:83:97:62", "vlan_name": "Consolas", "vlan_id": "4094", "flag": "d mi          ", "port": "24"}, {"mac": "00:04:96:8b:8f:d6", "vlan_name": "Consolas", "vlan_id": "4094", "flag": "d mi          ", "port": "24"}, {"mac": "00:04:96:8b:90:00", "vlan_name": "Consolas", "vlan_id": "4094", "flag": "d mi          ", "port": "24"}, {"mac": "00:04:96:8b:90:05", "vlan_name": "Consolas", "vlan_id": "4094", "flag": "d mi          ", "port": "24"}, {"mac": "00:04:96:8b:90:17", "vlan_name": "Consolas", "vlan_id": "4094", "flag": "d mi          ", "port": "24"}, {"mac": "00:04:96:8b:90:66", "vlan_name": "Consolas", "vlan_id": "4094", "flag": "d mi          ", "port": "24"}, {"mac": "00:04:96:8b:97:f4", "vlan_name": "Consolas", "vlan_id": "4094", "flag": "d mi          ", "port": "24"}, {"mac": "00:04:96:8b:98:1b", "vlan_name": "Consolas", "vlan_id": "4094", "flag": "d mi          ", "port": "24"}, {"mac": "00:04:96:8b:98:55", "vlan_name": "Consolas", "vlan_id": "4094", "flag": "d mi          ", "port": "24"}, {"mac": "00:04:96:8b:f1:4e", "vlan_name": "Consolas", "vlan_id": "4094", "flag": "d mi          ", "port": "24"}, {"mac": "00:04:96:8f:b6:e9", "vlan_name": "Consolas", "vlan_id": "4094", "flag": "d mi          ", "port": "24"}, {"mac": "00:04:96:8f:bb:61", "vlan_name": "Consolas", "vlan_id": "4094", "flag": "d mi          ", "port": "24"}, {"mac": "00:04:96:8f:bb:67", "vlan_name": "Consolas", "vlan_id": "4094", "flag": "d mi          ", "port": "24"}, {"mac": "00:04:96:97:87:13", "vlan_name": "Consolas", "vlan_id": "4094", "flag": "d mi          ", "port": "24"}, {"mac": "00:04:96:97:87:17", "vlan_name": "Consolas", "vlan_id": "4094", "flag": "d mi          ", "port": "24"}, {"mac": "00:04:96:97:88:b9", "vlan_name": "Consolas", "vlan_id": "4094", "flag": "d mi          ", "port": "24"}, {"mac": "00:04:96:97:8b:f8", "vlan_name": "Consolas", "vlan_id": "4094", "flag": "d mi          ", "port": "24"}, {"mac": "00:04:96:97:8d:77", "vlan_name": "Consolas", "vlan_id": "4094", "flag": "d mi          ", "port": "24"}, {"mac": "00:04:96:97:c4:f2", "vlan_name": "Consolas", "vlan_id": "4094", "flag": "d mi          ", "port": "24"}, {"mac": "00:04:96:97:d3:3d", "vlan_name": "Consolas", "vlan_id": "4094", "flag": "d mi          ", "port": "24"}, {"mac": "00:04:96:97:e5:fd", "vlan_name": "Consolas", "vlan_id": "4094", "flag": "d mi          ", "port": "24"}, {"mac": "00:04:96:98:5b:f3", "vlan_name": "Consolas", "vlan_id": "4094", "flag": "d mi          ", "port": "24"}, {"mac": "00:04:96:98:6e:ba", "vlan_name": "Consolas", "vlan_id": "4094", "flag": "d mi          ", "port": "24"}, {"mac": "00:04:96:98:c9:48", "vlan_name": "Consolas", "vlan_id": "4094", "flag": "d mi          ", "port": "24"}, {"mac": "00:04:96:98:cc:65", "vlan_name": "Consolas", "vlan_id": "4094", "flag": "d mi          ", "port": "24"}, {"mac": "00:04:96:98:cc:ab", "vlan_name": "Consolas", "vlan_id": "4094", "flag": "d mi          ", "port": "24"}, {"mac": "00:04:96:99:1c:46", "vlan_name": "Consolas", "vlan_id": "4094", "flag": "d mi          ", "port": "24"}, {"mac": "00:04:96:99:1c:47", "vlan_name": "Consolas", "vlan_id": "4094", "flag": "d mi          ", "port": "24"}, {"mac": "00:04:96:99:1c:49", "vlan_name": "Consolas", "vlan_id": "4094", "flag": "d mi          ", "port": "24"}, {"mac": "00:04:96:99:64:a0", "vlan_name": "Consolas", "vlan_id": "4094", "flag": "d mi          ", "port": "24"}, {"mac": "00:04:96:99:65:36", "vlan_name": "Consolas", "vlan_id": "4094", "flag": "d mi          ", "port": "24"}, {"mac": "00:04:96:9b:42:ae", "vlan_name": "Consolas", "vlan_id": "4094", "flag": "d mi          ", "port": "24"}, {"mac": "00:05:1e:0b:e0:6e", "vlan_name": "Consolas", "vlan_id": "4094", "flag": "d mi          ", "port": "24"}, {"mac": "00:05:1e:0b:e0:73", "vlan_name": "Consolas", "vlan_id": "4094", "flag": "d mi          ", "port": "24"}, {"mac": "00:05:1e:37:1a:d0", "vlan_name": "Consolas", "vlan_id": "4094", "flag": "d mi          ", "port": "24"}, {"mac": "00:05:1e:37:21:fb", "vlan_name": "Consolas", "vlan_id": "4094", "flag": "d mi          ", "port": "24"}, {"mac": "00:05:1e:56:4d:57", "vlan_name": "Consolas", "vlan_id": "4094", "flag": "d mi          ", "port": "24"}, {"mac": "00:05:1e:56:5b:00", "vlan_name": "Consolas", "vlan_id": "4094", "flag": "d mi          ", "port": "24"}, {"mac": "00:05:1e:72:94:74", "vlan_name": "Consolas", "vlan_id": "4094", "flag": "d mi          ", "port": "24"}, {"mac": "00:05:1e:e8:90:9e", "vlan_name": "Consolas", "vlan_id": "4094", "flag": "d mi          ", "port": "24"}, {"mac": "00:05:33:50:a6:d9", "vlan_name": "Consolas", "vlan_id": "4094", "flag": "d mi          ", "port": "24"}, {"mac": "00:05:33:50:b0:6e", "vlan_name": "Consolas", "vlan_id": "4094", "flag": "d mi          ", "port": "24"}, {"mac": "00:05:33:67:56:20", "vlan_name": "Consolas", "vlan_id": "4094", "flag": "d mi          ", "port": "24"}, {"mac": "00:05:33:6b:47:e2", "vlan_name": "Consolas", "vlan_id": "4094", "flag": "d mi          ", "port": "24"}, {"mac": "00:05:33:6d:3a:4a", "vlan_name": "Consolas", "vlan_id": "4094", "flag": "d mi          ", "port": "24"}, {"mac": "00:05:33:7e:a0:f1", "vlan_name": "Consolas", "vlan_id": "4094", "flag": "d mi          ", "port": "24"}, {"mac": "00:05:33:8c:8a:ea", "vlan_name": "Consolas", "vlan_id": "4094", "flag": "d mi          ", "port": "24"}, {"mac": "00:05:33:d7:ae:0a", "vlan_name": "Consolas", "vlan_id": "4094", "flag": "d mi          ", "port": "24"}, {"mac": "00:05:33:d7:b3:48", "vlan_name": "Consolas", "vlan_id": "4094", "flag": "d mi          ", "port": "24"}, {"mac": "00:05:33:d9:48:2a", "vlan_name": "Consolas", "vlan_id": "4094", "flag": "d mi          ", "port": "24"}, {"mac": "00:05:33:d9:48:42", "vlan_name": "Consolas", "vlan_id": "4094", "flag": "d mi          ", "port": "24"}, {"mac": "00:05:33:f0:49:03", "vlan_name": "Consolas", "vlan_id": "4094", "flag": "d mi          ", "port": "24"}, {"mac": "00:05:33:fb:51:74", "vlan_name": "Consolas", "vlan_id": "4094", "flag": "d mi          ", "port": "24"}, {"mac": "00:06:92:12:58:81", "vlan_name": "Consolas", "vlan_id": "4094", "flag": "d mi          ", "port": "24"}, {"mac": "00:10:e0:5b:5c:0c", "vlan_name": "Consolas", "vlan_id": "4094", "flag": "d mi          ", "port": "24"}, {"mac": "00:10:e0:5d:88:01", "vlan_name": "Consolas", "vlan_id": "4094", "flag": "d mi          ", "port": "24"}, {"mac": "00:11:25:41:94:6d", "vlan_name": "Consolas", "vlan_id": "4094", "flag": "d mi          ", "port": "24"}, {"mac": "00:14:5e:0a:70:8e", "vlan_name": "Consolas", "vlan_id": "4094", "flag": "d mi          ", "port": "24"}, {"mac": "00:15:b2:a8:32:61", "vlan_name": "Consolas", "vlan_id": "4094", "flag": "d mi          ", "port": "24"}, {"mac": "00:1a:64:e3:74:27", "vlan_name": "Consolas", "vlan_id": "4094", "flag": "d mi          ", "port": "24"}, {"mac": "00:1c:7f:38:e3:0a", "vlan_name": "Consolas", "vlan_id": "4094", "flag": "d mi          ", "port": "24"}, {"mac": "00:1c:7f:3c:48:76", "vlan_name": "Consolas", "vlan_id": "4094", "flag": "d mi          ", "port": "24"}, {"mac": "00:1e:0b:ca:0a:32", "vlan_name": "Consolas", "vlan_id": "4094", "flag": "d mi          ", "port": "24"}, {"mac": "00:1e:0b:ca:34:2c", "vlan_name": "Consolas", "vlan_id": "4094", "flag": "d mi          ", "port": "24"}, {"mac": "00:1e:0b:ca:f2:90", "vlan_name": "Consolas", "vlan_id": "4094", "flag": "d mi          ", "port": "24"}, {"mac": "00:1e:0b:cb:0d:38", "vlan_name": "Consolas", "vlan_id": "4094", "flag": "d mi          ", "port": "24"}, {"mac": "00:1e:0b:cb:82:9c", "vlan_name": "Consolas", "vlan_id": "4094", "flag": "d mi          ", "port": "24"}, {"mac": "00:1f:29:6d:90:41", "vlan_name": "Consolas", "vlan_id": "4094", "flag": "d m           ", "port": "24"}, {"mac": "00:1f:67:6f:75:6e", "vlan_name": "Consolas", "vlan_id": "4094", "flag": "d mi          ", "port": "24"}, {"mac": "00:1f:67:6f:77:74", "vlan_name": "Consolas", "vlan_id": "4094", "flag": "d mi          ", "port": "24"}, {"mac": "00:1f:67:b0:43:34", "vlan_name": "Consolas", "vlan_id": "4094", "flag": "d mi          ", "port": "24"}, {"mac": "00:21:5e:0a:bb:9d", "vlan_name": "Consolas", "vlan_id": "4094", "flag": "d mi          ", "port": "24"}, {"mac": "00:21:5e:11:b1:71", "vlan_name": "Consolas", "vlan_id": "4094", "flag": "d mi          ", "port": "24"}, {"mac": "00:21:5e:2a:38:95", "vlan_name": "Consolas", "vlan_id": "4094", "flag": "d mi          ", "port": "24"}, {"mac": "00:21:5e:43:0f:36", "vlan_name": "Consolas", "vlan_id": "4094", "flag": "d mi          ", "port": "24"}, {"mac": "00:21:5e:43:1c:a8", "vlan_name": "Consolas", "vlan_id": "4094", "flag": "d mi          ", "port": "24"}, {"mac": "00:21:5e:43:1c:e2", "vlan_name": "Consolas", "vlan_id": "4094", "flag": "d mi          ", "port": "24"}, {"mac": "00:21:5e:43:33:1c", "vlan_name": "Consolas", "vlan_id": "4094", "flag": "d mi          ", "port": "24"}, {"mac": "00:21:5e:5e:1a:85", "vlan_name": "Consolas", "vlan_id": "4094", "flag": "d mi          ", "port": "24"}, {"mac": "00:21:5e:5e:61:c9", "vlan_name": "Consolas", "vlan_id": "4094", "flag": "d mi          ", "port": "24"}, {"mac": "00:21:5e:cb:9f:49", "vlan_name": "Consolas", "vlan_id": "4094", "flag": "d mi          ", "port": "24"}, {"mac": "00:21:5e:de:32:bd", "vlan_name": "Consolas", "vlan_id": "4094", "flag": "d mi          ", "port": "24"}, {"mac": "00:22:64:f4:55:b2", "vlan_name": "Consolas", "vlan_id": "4094", "flag": "d mi          ", "port": "24"}, {"mac": "00:23:7d:31:ba:da", "vlan_name": "Consolas", "vlan_id": "4094", "flag": "d mi          ", "port": "24"}, {"mac": "00:23:7d:65:1f:94", "vlan_name": "Consolas", "vlan_id": "4094", "flag": "d mi          ", "port": "24"}, {"mac": "00:23:e9:33:ae:c1", "vlan_name": "Consolas", "vlan_id": "4094", "flag": "d mi          ", "port": "24"}, {"mac": "00:23:e9:40:74:01", "vlan_name": "Consolas", "vlan_id": "4094", "flag": "d mi          ", "port": "24"}, {"mac": "00:24:81:76:2b:82", "vlan_name": "Consolas", "vlan_id": "4094", "flag": "d mi          ", "port": "24"}, {"mac": "00:24:81:76:ca:7b", "vlan_name": "Consolas", "vlan_id": "4094", "flag": "d mi          ", "port": "24"}, {"mac": "00:24:81:e5:4d:34", "vlan_name": "Consolas", "vlan_id": "4094", "flag": "d mi          ", "port": "24"}, {"mac": "00:25:90:3b:88:72", "vlan_name": "Consolas", "vlan_id": "4094", "flag": "d mi          ", "port": "24"}, {"mac": "00:25:90:93:f2:be", "vlan_name": "Consolas", "vlan_id": "4094", "flag": "d mi          ", "port": "24"}, {"mac": "00:26:55:26:37:ee", "vlan_name": "Consolas", "vlan_id": "4094", "flag": "d mi          ", "port": "24"}, {"mac": "00:26:55:27:b2:c2", "vlan_name": "Consolas", "vlan_id": "4094", "flag": "d mi          ", "port": "24"}, {"mac": "00:27:f8:65:62:a0", "vlan_name": "Consolas", "vlan_id": "4094", "flag": "d mi          ", "port": "8"}, {"mac": "00:27:f8:66:1f:98", "vlan_name": "Consolas", "vlan_id": "4094", "flag": "d mi          ", "port": "7"}, {"mac": "00:30:8c:1a:7e:2b", "vlan_name": "Consolas", "vlan_id": "4094", "flag": "d mi          ", "port": "24"}, {"mac": "00:50:56:71:4b:68", "vlan_name": "Consolas", "vlan_id": "4094", "flag": "d m           ", "port": "24"}, {"mac": "00:50:56:73:75:75", "vlan_name": "Consolas", "vlan_id": "4094", "flag": "d m           ", "port": "24"}, {"mac": "00:50:56:75:37:58", "vlan_name": "Consolas", "vlan_id": "4094", "flag": "d m           ", "port": "24"}, {"mac": "00:60:16:3a:01:73", "vlan_name": "Consolas", "vlan_id": "4094", "flag": "d mi          ", "port": "24"}, {"mac": "00:60:16:3a:01:a1", "vlan_name": "Consolas", "vlan_id": "4094", "flag": "d mi          ", "port": "24"}, {"mac": "00:90:0b:4c:db:16", "vlan_name": "Consolas", "vlan_id": "4094", "flag": "d mi          ", "port": "24"}, {"mac": "00:90:0b:50:8e:ce", "vlan_name": "Consolas", "vlan_id": "4094", "flag": "d mi          ", "port": "24"}, {"mac": "00:9c:02:79:8f:88", "vlan_name": "Consolas", "vlan_id": "4094", "flag": "d mi          ", "port": "24"}, {"mac": "00:a0:98:54:03:2c", "vlan_name": "Consolas", "vlan_id": "4094", "flag": "d mi          ", "port": "24"}, {"mac": "00:a0:98:54:05:d0", "vlan_name": "Consolas", "vlan_id": "4094", "flag": "d mi          ", "port": "24"}, {"mac": "00:a0:98:5d:ff:c2", "vlan_name": "Consolas", "vlan_id": "4094", "flag": "d mi          ", "port": "24"}, {"mac": "00:a0:98:5e:d7:68", "vlan_name": "Consolas", "vlan_id": "4094", "flag": "d mi          ", "port": "24"}, {"mac": "00:a0:98:64:a2:bf", "vlan_name": "Consolas", "vlan_id": "4094", "flag": "d mi          ", "port": "24"}, {"mac": "00:a0:98:a8:be:ca", "vlan_name": "Consolas", "vlan_id": "4094", "flag": "d mi          ", "port": "24"}, {"mac": "00:e0:27:12:d6:28", "vlan_name": "Consolas", "vlan_id": "4094", "flag": "d mi          ", "port": "24"}, {"mac": "00:e0:27:12:f0:ea", "vlan_name": "Consolas", "vlan_id": "4094", "flag": "d mi          ", "port": "24"}, {"mac": "00:e0:4b:4b:3c:ae", "vlan_name": "Consolas", "vlan_id": "4094", "flag": "d mi          ", "port": "24"}, {"mac": "00:e0:4b:4b:41:bf", "vlan_name": "Consolas", "vlan_id": "4094", "flag": "d mi          ", "port": "24"}, {"mac": "00:e0:86:16:10:41", "vlan_name": "Consolas", "vlan_id": "4094", "flag": "d mi          ", "port": "24"}, {"mac": "00:e0:d8:15:51:8a", "vlan_name": "Consolas", "vlan_id": "4094", "flag": "d mi          ", "port": "24"}, {"mac": "00:e0:d8:15:6c:d4", "vlan_name": "Consolas", "vlan_id": "4094", "flag": "d mi          ", "port": "24"}, {"mac": "00:e0:ec:29:a1:1d", "vlan_name": "Consolas", "vlan_id": "4094", "flag": "d mi          ", "port": "24"}, {"mac": "00:e0:ec:29:a4:50", "vlan_name": "Consolas", "vlan_id": "4094", "flag": "d mi          ", "port": "24"}, {"mac": "00:e0:ec:29:a4:bc", "vlan_name": "Consolas", "vlan_id": "4094", "flag": "d mi          ", "port": "24"}, {"mac": "00:e0:ec:29:a6:20", "vlan_name": "Consolas", "vlan_id": "4094", "flag": "d mi          ", "port": "24"}, {"mac": "00:e0:ec:29:a6:70", "vlan_name": "Consolas", "vlan_id": "4094", "flag": "d mi          ", "port": "24"}, {"mac": "00:e0:ec:29:a6:7c", "vlan_name": "Consolas", "vlan_id": "4094", "flag": "d mi          ", "port": "24"}, {"mac": "00:e0:ec:29:a7:c0", "vlan_name": "Consolas", "vlan_id": "4094", "flag": "d mi          ", "port": "24"}, {"mac": "00:e0:ec:29:a7:e8", "vlan_name": "Consolas", "vlan_id": "4094", "flag": "d mi          ", "port": "24"}, {"mac": "00:e0:ec:29:a7:ec", "vlan_name": "Consolas", "vlan_id": "4094", "flag": "d mi          ", "port": "24"}, {"mac": "00:e0:ec:8b:55:06", "vlan_name": "Consolas", "vlan_id": "4094", "flag": "d mi          ", "port": "24"}, {"mac": "00:e0:ec:8b:55:9c", "vlan_name": "Consolas", "vlan_id": "4094", "flag": "d mi          ", "port": "24"}, {"mac": "02:04:96:7e:13:cc", "vlan_name": "Consolas", "vlan_id": "4094", "flag": "d mi          ", "port": "24"}, {"mac": "02:04:96:97:ca:f7", "vlan_name": "Consolas", "vlan_id": "4094", "flag": "d mi          ", "port": "24"}, {"mac": "02:04:96:98:80:b5", "vlan_name": "Consolas", "vlan_id": "4094", "flag": "d mi          ", "port": "24"}, {"mac": "02:04:96:98:fb:39", "vlan_name": "Consolas", "vlan_id": "4094", "flag": "d mi          ", "port": "24"}, {"mac": "02:04:96:99:0c:87", "vlan_name": "Consolas", "vlan_id": "4094", "flag": "d mi          ", "port": "24"}, {"mac": "02:04:96:99:59:3e", "vlan_name": "Consolas", "vlan_id": "4094", "flag": "d mi          ", "port": "24"}, {"mac": "08:00:1b:00:4f:f8", "vlan_name": "Consolas", "vlan_id": "4094", "flag": "d mi          ", "port": "24"}, {"mac": "08:94:ef:4d:f6:1a", "vlan_name": "Consolas", "vlan_id": "4094", "flag": "d mi          ", "port": "24"}, {"mac": "08:94:ef:52:ac:f0", "vlan_name": "Consolas", "vlan_id": "4094", "flag": "d mi          ", "port": "24"}, {"mac": "08:94:ef:5c:ac:9c", "vlan_name": "Consolas", "vlan_id": "4094", "flag": "d mi          ", "port": "24"}, {"mac": "0c:c4:7a:31:55:e8", "vlan_name": "Consolas", "vlan_id": "4094", "flag": "d mi          ", "port": "24"}, {"mac": "0c:c4:7a:40:0f:99", "vlan_name": "Consolas", "vlan_id": "4094", "flag": "d m           ", "port": "24"}, {"mac": "0c:c4:7a:40:12:0b", "vlan_name": "Consolas", "vlan_id": "4094", "flag": "d mi          ", "port": "24"}, {"mac": "0c:c4:7a:42:d5:a7", "vlan_name": "Consolas", "vlan_id": "4094", "flag": "d mi          ", "port": "24"}, {"mac": "0c:c4:7a:74:9e:a5", "vlan_name": "Consolas", "vlan_id": "4094", "flag": "d mi          ", "port": "24"}, {"mac": "0c:c4:7a:74:f6:c6", "vlan_name": "Consolas", "vlan_id": "4094", "flag": "d m           ", "port": "24"}, {"mac": "0c:c4:7a:74:f7:a2", "vlan_name": "Consolas", "vlan_id": "4094", "flag": "d m           ", "port": "24"}, {"mac": "0c:c4:7a:97:de:90", "vlan_name": "Consolas", "vlan_id": "4094", "flag": "d mi          ", "port": "24"}, {"mac": "0e:c4:7a:74:f7:a2", "vlan_name": "Consolas", "vlan_id": "4094", "flag": "d mi          ", "port": "24"}, {"mac": "10:1f:74:78:03:ac", "vlan_name": "Consolas", "vlan_id": "4094", "flag": "d mi          ", "port": "24"}, {"mac": "10:60:4b:a3:89:0b", "vlan_name": "Consolas", "vlan_id": "4094", "flag": "d mi          ", "port": "20"}, {"mac": "10:60:4b:a3:b9:e1", "vlan_name": "Consolas", "vlan_id": "4094", "flag": "d mi          ", "port": "22"}, {"mac": "10:60:4b:a3:bb:40", "vlan_name": "Consolas", "vlan_id": "4094", "flag": "d m           ", "port": "20"}, {"mac": "10:60:4b:a3:bb:41", "vlan_name": "Consolas", "vlan_id": "4094", "flag": "d m           ", "port": "21"}, {"mac": "10:60:4b:a5:40:7a", "vlan_name": "Consolas", "vlan_id": "4094", "flag": "d m           ", "port": "22"}, {"mac": "10:60:4b:a5:40:7b", "vlan_name": "Consolas", "vlan_id": "4094", "flag": "d m           ", "port": "23"}, {"mac": "10:60:4b:b2:34:4b", "vlan_name": "Consolas", "vlan_id": "4094", "flag": "d mi          ", "port": "24"}, {"mac": "10:7d:1a:fd:79:72", "vlan_name": "Consolas", "vlan_id": "4094", "flag": "d mi          ", "port": "24"}, {"mac": "14:18:77:3f:c7:dc", "vlan_name": "Consolas", "vlan_id": "4094", "flag": "d mi          ", "port": "24"}, {"mac": "14:18:77:3f:c8:0c", "vlan_name": "Consolas", "vlan_id": "4094", "flag": "d mi          ", "port": "24"}, {"mac": "14:18:77:41:9f:90", "vlan_name": "Consolas", "vlan_id": "4094", "flag": "d mi          ", "port": "24"}, {"mac": "14:18:77:41:a5:1e", "vlan_name": "Consolas", "vlan_id": "4094", "flag": "d mi          ", "port": "24"}, {"mac": "14:18:77:46:6c:2a", "vlan_name": "Consolas", "vlan_id": "4094", "flag": "d mi          ", "port": "24"}, {"mac": "14:18:77:46:77:a4", "vlan_name": "Consolas", "vlan_id": "4094", "flag": "d mi          ", "port": "24"}, {"mac": "14:18:77:46:f0:df", "vlan_name": "Consolas", "vlan_id": "4094", "flag": "d mi          ", "port": "24"}, {"mac": "14:18:77:47:0d:82", "vlan_name": "Consolas", "vlan_id": "4094", "flag": "d mi          ", "port": "24"}, {"mac": "14:58:d0:5d:2d:96", "vlan_name": "Consolas", "vlan_id": "4094", "flag": "d m           ", "port": "20"}, {"mac": "14:58:d0:5d:2d:c3", "vlan_name": "Consolas", "vlan_id": "4094", "flag": "d m           ", "port": "22"}, {"mac": "14:58:d0:5d:3d:15", "vlan_name": "Consolas", "vlan_id": "4094", "flag": "d mi          ", "port": "20"}, {"mac": "14:58:d0:5d:bc:12", "vlan_name": "Consolas", "vlan_id": "4094", "flag": "d mi          ", "port": "20"}, {"mac": "1c:c1:de:18:62:65", "vlan_name": "Consolas", "vlan_id": "4094", "flag": "d mi          ", "port": "24"}, {"mac": "1c:c1:de:23:14:c2", "vlan_name": "Consolas", "vlan_id": "4094", "flag": "d mi          ", "port": "24"}, {"mac": "1c:c1:de:40:16:7a", "vlan_name": "Consolas", "vlan_id": "4094", "flag": "d mi          ", "port": "24"}, {"mac": "1c:c1:de:78:1e:46", "vlan_name": "Consolas", "vlan_id": "4094", "flag": "d mi          ", "port": "24"}, {"mac": "1c:c1:de:78:1e:52", "vlan_name": "Consolas", "vlan_id": "4094", "flag": "d mi          ", "port": "24"}, {"mac": "1c:c1:de:ea:c4:7a", "vlan_name": "Consolas", "vlan_id": "4094", "flag": "d mi          ", "port": "24"}, {"mac": "1c:c1:de:f1:9e:6c", "vlan_name": "Consolas", "vlan_id": "4094", "flag": "d mi          ", "port": "24"}, {"mac": "20:47:47:80:6a:e6", "vlan_name": "Consolas", "vlan_id": "4094", "flag": "d mi          ", "port": "24"}, {"mac": "2c:27:d7:16:05:e0", "vlan_name": "Consolas", "vlan_id": "4094", "flag": "d mi          ", "port": "24"}, {"mac": "2c:59:e5:45:0c:f4", "vlan_name": "Consolas", "vlan_id": "4094", "flag": "d mi          ", "port": "24"}, {"mac": "34:40:b5:97:2b:85", "vlan_name": "Consolas", "vlan_id": "4094", "flag": "d mi          ", "port": "24"}, {"mac": "34:40:b5:97:4b:b5", "vlan_name": "Consolas", "vlan_id": "4094", "flag": "d mi          ", "port": "24"}, {"mac": "34:40:b5:97:52:01", "vlan_name": "Consolas", "vlan_id": "4094", "flag": "d mi          ", "port": "24"}, {"mac": "34:40:b5:97:52:11", "vlan_name": "Consolas", "vlan_id": "4094", "flag": "d mi          ", "port": "24"}, {"mac": "34:40:b5:98:55:01", "vlan_name": "Consolas", "vlan_id": "4094", "flag": "d m           ", "port": "24"}, {"mac": "34:40:b5:98:a9:bd", "vlan_name": "Consolas", "vlan_id": "4094", "flag": "d mi          ", "port": "24"}, {"mac": "34:40:b5:99:4e:21", "vlan_name": "Consolas", "vlan_id": "4094", "flag": "d mi          ", "port": "24"}, {"mac": "34:40:b5:9a:10:91", "vlan_name": "Consolas", "vlan_id": "4094", "flag": "d mi          ", "port": "24"}, {"mac": "34:40:b5:9a:33:f1", "vlan_name": "Consolas", "vlan_id": "4094", "flag": "d mi          ", "port": "24"}, {"mac": "34:40:b5:9a:34:39", "vlan_name": "Consolas", "vlan_id": "4094", "flag": "d mi          ", "port": "24"}, {"mac": "34:40:b5:9a:34:45", "vlan_name": "Consolas", "vlan_id": "4094", "flag": "d mi          ", "port": "24"}, {"mac": "34:40:b5:9a:34:91", "vlan_name": "Consolas", "vlan_id": "4094", "flag": "d mi          ", "port": "24"}, {"mac": "34:40:b5:9a:6d:8d", "vlan_name": "Consolas", "vlan_id": "4094", "flag": "d mi          ", "port": "24"}, {"mac": "34:40:b5:9a:76:d9", "vlan_name": "Consolas", "vlan_id": "4094", "flag": "d mi          ", "port": "24"}, {"mac": "34:40:b5:9a:77:c9", "vlan_name": "Consolas", "vlan_id": "4094", "flag": "d mi          ", "port": "24"}, {"mac": "34:40:b5:9a:7a:8d", "vlan_name": "Consolas", "vlan_id": "4094", "flag": "d m           ", "port": "24"}, {"mac": "34:40:b5:9b:d8:55", "vlan_name": "Consolas", "vlan_id": "4094", "flag": "d mi          ", "port": "24"}, {"mac": "34:40:b5:a6:62:b2", "vlan_name": "Consolas", "vlan_id": "4094", "flag": "d mi          ", "port": "24"}, {"mac": "34:40:b5:a6:6b:4a", "vlan_name": "Consolas", "vlan_id": "4094", "flag": "d mi          ", "port": "24"}, {"mac": "34:40:b5:a6:6b:62", "vlan_name": "Consolas", "vlan_id": "4094", "flag": "d mi          ", "port": "24"}, {"mac": "34:40:b5:a6:70:ea", "vlan_name": "Consolas", "vlan_id": "4094", "flag": "d mi          ", "port": "24"}, {"mac": "34:40:b5:ae:b0:71", "vlan_name": "Consolas", "vlan_id": "4094", "flag": "d mi          ", "port": "24"}, {"mac": "34:40:b5:af:95:25", "vlan_name": "Consolas", "vlan_id": "4094", "flag": "d mi          ", "port": "24"}, {"mac": "34:40:b5:d4:c2:34", "vlan_name": "Consolas", "vlan_id": "4094", "flag": "d mi          ", "port": "1"}, {"mac": "34:40:b5:df:66:b4", "vlan_name": "Consolas", "vlan_id": "4094", "flag": "d mi          ", "port": "24"}, {"mac": "34:40:b5:f9:b0:fd", "vlan_name": "Consolas", "vlan_id": "4094", "flag": "d mi          ", "port": "3"}, {"mac": "34:40:b5:fa:6e:4d", "vlan_name": "Consolas", "vlan_id": "4094", "flag": "d mi          ", "port": "24"}, {"mac": "34:40:b5:fa:6f:55", "vlan_name": "Consolas", "vlan_id": "4094", "flag": "d mi          ", "port": "24"}, {"mac": "34:40:b5:fb:ec:d1", "vlan_name": "Consolas", "vlan_id": "4094", "flag": "d mi          ", "port": "24"}, {"mac": "34:40:b5:ff:1a:55", "vlan_name": "Consolas", "vlan_id": "4094", "flag": "d mi          ", "port": "24"}, {"mac": "3c:4a:92:e3:f2:4f", "vlan_name": "Consolas", "vlan_id": "4094", "flag": "d mi          ", "port": "24"}, {"mac": "40:f2:e9:00:4b:c1", "vlan_name": "Consolas", "vlan_id": "4094", "flag": "d mi          ", "port": "24"}, {"mac": "40:f2:e9:07:00:5e", "vlan_name": "Consolas", "vlan_id": "4094", "flag": "d mi          ", "port": "16"}, {"mac": "40:f2:e9:07:0e:76", "vlan_name": "Consolas", "vlan_id": "4094", "flag": "d mi          ", "port": "18"}, {"mac": "40:f2:e9:07:11:06", "vlan_name": "Consolas", "vlan_id": "4094", "flag": "d mi          ", "port": "19"}, {"mac": "40:f2:e9:07:b0:c6", "vlan_name": "Consolas", "vlan_id": "4094", "flag": "d mi          ", "port": "24"}, {"mac": "40:f2:e9:07:b8:6e", "vlan_name": "Consolas", "vlan_id": "4094", "flag": "d mi          ", "port": "24"}, {"mac": "40:f2:e9:07:b8:96", "vlan_name": "Consolas", "vlan_id": "4094", "flag": "d mi          ", "port": "24"}, {"mac": "40:f2:e9:07:ba:ce", "vlan_name": "Consolas", "vlan_id": "4094", "flag": "d mi          ", "port": "24"}, {"mac": "40:f2:e9:07:c7:1e", "vlan_name": "Consolas", "vlan_id": "4094", "flag": "d mi          ", "port": "24"}, {"mac": "40:f2:e9:07:d3:4e", "vlan_name": "Consolas", "vlan_id": "4094", "flag": "d mi          ", "port": "24"}, {"mac": "40:f2:e9:07:de:96", "vlan_name": "Consolas", "vlan_id": "4094", "flag": "d mi          ", "port": "24"}, {"mac": "40:f2:e9:09:70:40", "vlan_name": "Consolas", "vlan_id": "4094", "flag": "d mi          ", "port": "4"}, {"mac": "40:f2:e9:0b:b5:d0", "vlan_name": "Consolas", "vlan_id": "4094", "flag": "d mi          ", "port": "24"}, {"mac": "40:f2:e9:0c:4d:78", "vlan_name": "Consolas", "vlan_id": "4094", "flag": "d mi          ", "port": "24"}, {"mac": "40:f2:e9:0d:09:20", "vlan_name": "Consolas", "vlan_id": "4094", "flag": "d mi          ", "port": "24"}, {"mac": "40:f2:e9:0d:0d:88", "vlan_name": "Consolas", "vlan_id": "4094", "flag": "d mi          ", "port": "24"}, {"mac": "40:f2:e9:11:47:b2", "vlan_name": "Consolas", "vlan_id": "4094", "flag": "d mi          ", "port": "24"}, {"mac": "40:f2:e9:20:8c:36", "vlan_name": "Consolas", "vlan_id": "4094", "flag": "d mi          ", "port": "24"}, {"mac": "40:f2:e9:20:ab:e6", "vlan_name": "Consolas", "vlan_id": "4094", "flag": "d mi          ", "port": "12"}, {"mac": "40:f2:e9:23:b7:ce", "vlan_name": "Consolas", "vlan_id": "4094", "flag": "d mi          ", "port": "11"}, {"mac": "40:f2:e9:23:c8:86", "vlan_name": "Consolas", "vlan_id": "4094", "flag": "d mi          ", "port": "24"}, {"mac": "40:f2:e9:26:29:06", "vlan_name": "Consolas", "vlan_id": "4094", "flag": "d mi          ", "port": "24"}, {"mac": "40:f2:e9:9b:1d:36", "vlan_name": "Consolas", "vlan_id": "4094", "flag": "d mi          ", "port": "24"}, {"mac": "40:f2:e9:9b:3d:d6", "vlan_name": "Consolas", "vlan_id": "4094", "flag": "d mi          ", "port": "24"}, {"mac": "40:f2:e9:bf:14:94", "vlan_name": "Consolas", "vlan_id": "4094", "flag": "d mi          ", "port": "24"}, {"mac": "40:f2:e9:bf:14:96", "vlan_name": "Consolas", "vlan_id": "4094", "flag": "d mi          ", "port": "24"}, {"mac": "40:f2:e9:bf:14:9a", "vlan_name": "Consolas", "vlan_id": "4094", "flag": "d mi          ", "port": "24"}, {"mac": "40:f2:e9:bf:1d:c2", "vlan_name": "Consolas", "vlan_id": "4094", "flag": "d mi          ", "port": "24"}, {"mac": "40:f2:e9:bf:1f:4e", "vlan_name": "Consolas", "vlan_id": "4094", "flag": "d mi          ", "port": "24"}, {"mac": "40:f2:e9:bf:21:e2", "vlan_name": "Consolas", "vlan_id": "4094", "flag": "d mi          ", "port": "24"}, {"mac": "40:f2:e9:bf:22:06", "vlan_name": "Consolas", "vlan_id": "4094", "flag": "d m           ", "port": "24"}, {"mac": "40:f2:e9:bf:2a:de", "vlan_name": "Consolas", "vlan_id": "4094", "flag": "d mi          ", "port": "24"}, {"mac": "40:f2:e9:bf:31:e0", "vlan_name": "Consolas", "vlan_id": "4094", "flag": "d mi          ", "port": "24"}, {"mac": "40:f2:e9:bf:33:9c", "vlan_name": "Consolas", "vlan_id": "4094", "flag": "d mi          ", "port": "24"}, {"mac": "40:f2:e9:c0:07:7d", "vlan_name": "Consolas", "vlan_id": "4094", "flag": "d mi          ", "port": "24"}, {"mac": "40:f2:e9:c0:08:dd", "vlan_name": "Consolas", "vlan_id": "4094", "flag": "d mi          ", "port": "24"}, {"mac": "40:f2:e9:c0:27:01", "vlan_name": "Consolas", "vlan_id": "4094", "flag": "d mi          ", "port": "24"}, {"mac": "40:f2:e9:c0:2b:91", "vlan_name": "Consolas", "vlan_id": "4094", "flag": "d mi          ", "port": "24"}, {"mac": "40:f2:e9:c0:53:d9", "vlan_name": "Consolas", "vlan_id": "4094", "flag": "d mi          ", "port": "24"}, {"mac": "40:f2:e9:c0:7d:35", "vlan_name": "Consolas", "vlan_id": "4094", "flag": "d mi          ", "port": "24"}, {"mac": "40:f2:e9:c0:7d:81", "vlan_name": "Consolas", "vlan_id": "4094", "flag": "d mi          ", "port": "24"}, {"mac": "40:f2:e9:c0:8c:08", "vlan_name": "Consolas", "vlan_id": "4094", "flag": "d mi          ", "port": "24"}, {"mac": "40:f2:e9:c0:97:3d", "vlan_name": "Consolas", "vlan_id": "4094", "flag": "d mi          ", "port": "24"}, {"mac": "40:f2:e9:c0:bc:25", "vlan_name": "Consolas", "vlan_id": "4094", "flag": "d mi          ", "port": "24"}, {"mac": "40:f2:e9:c0:d4:24", "vlan_name": "Consolas", "vlan_id": "4094", "flag": "d mi          ", "port": "24"}, {"mac": "40:f2:e9:c0:db:25", "vlan_name": "Consolas", "vlan_id": "4094", "flag": "d mi          ", "port": "24"}, {"mac": "40:f2:e9:c0:ec:ed", "vlan_name": "Consolas", "vlan_id": "4094", "flag": "d mi          ", "port": "24"}, {"mac": "40:f2:e9:cc:26:26", "vlan_name": "Consolas", "vlan_id": "4094", "flag": "d mi          ", "port": "24"}, {"mac": "40:f2:e9:d8:b7:36", "vlan_name": "Consolas", "vlan_id": "4094", "flag": "d mi          ", "port": "24"}, {"mac": "40:f2:e9:d8:bc:36", "vlan_name": "Consolas", "vlan_id": "4094", "flag": "d mi          ", "port": "24"}, {"mac": "40:f2:e9:f3:65:4f", "vlan_name": "Consolas", "vlan_id": "4094", "flag": "d mi          ", "port": "24"}, {"mac": "40:f2:e9:f5:28:f4", "vlan_name": "Consolas", "vlan_id": "4094", "flag": "d mi          ", "port": "24"}, {"mac": "40:f2:e9:f5:28:f6", "vlan_name": "Consolas", "vlan_id": "4094", "flag": "d mi          ", "port": "24"}, {"mac": "50:eb:1a:11:d9:96", "vlan_name": "Consolas", "vlan_id": "4094", "flag": "d mi          ", "port": "24"}, {"mac": "50:eb:1a:b1:10:8c", "vlan_name": "Consolas", "vlan_id": "4094", "flag": "d mi          ", "port": "24"}, {"mac": "50:eb:1a:d9:8c:c8", "vlan_name": "Consolas", "vlan_id": "4094", "flag": "d mi          ", "port": "24"}, {"mac": "5c:f3:fc:0a:87:35", "vlan_name": "Consolas", "vlan_id": "4094", "flag": "d mi          ", "port": "24"}, {"mac": "5c:f3:fc:0a:8d:c1", "vlan_name": "Consolas", "vlan_id": "4094", "flag": "d mi          ", "port": "24"}, {"mac": "5c:f3:fc:0e:64:5d", "vlan_name": "Consolas", "vlan_id": "4094", "flag": "d mi          ", "port": "24"}, {"mac": "5c:f3:fc:0e:71:c5", "vlan_name": "Consolas", "vlan_id": "4094", "flag": "d mi          ", "port": "24"}, {"mac": "5c:f3:fc:4e:51:d2", "vlan_name": "Consolas", "vlan_id": "4094", "flag": "d mi          ", "port": "24"}, {"mac": "5c:f3:fc:51:c1:05", "vlan_name": "Consolas", "vlan_id": "4094", "flag": "d m           ", "port": "24"}, {"mac": "5c:f3:fc:51:c4:b1", "vlan_name": "Consolas", "vlan_id": "4094", "flag": "d mi          ", "port": "24"}, {"mac": "5c:f3:fc:51:c6:75", "vlan_name": "Consolas", "vlan_id": "4094", "flag": "d mi          ", "port": "24"}, {"mac": "5c:f3:fc:51:c7:8d", "vlan_name": "Consolas", "vlan_id": "4094", "flag": "d mi          ", "port": "24"}, {"mac": "5c:f3:fc:51:cc:b1", "vlan_name": "Consolas", "vlan_id": "4094", "flag": "d mi          ", "port": "24"}, {"mac": "5c:f3:fc:53:b5:8d", "vlan_name": "Consolas", "vlan_id": "4094", "flag": "d mi          ", "port": "24"}, {"mac": "5c:f3:fc:53:b9:09", "vlan_name": "Consolas", "vlan_id": "4094", "flag": "d mi          ", "port": "24"}, {"mac": "5c:f3:fc:7e:10:49", "vlan_name": "Consolas", "vlan_id": "4094", "flag": "d mi          ", "port": "24"}, {"mac": "5c:f3:fc:bb:18:95", "vlan_name": "Consolas", "vlan_id": "4094", "flag": "d mi          ", "port": "24"}, {"mac": "5c:f3:fc:bb:1a:19", "vlan_name": "Consolas", "vlan_id": "4094", "flag": "d mi          ", "port": "24"}, {"mac": "5c:f3:fc:bb:25:15", "vlan_name": "Consolas", "vlan_id": "4094", "flag": "d mi          ", "port": "24"}, {"mac": "5c:f3:fc:bb:2e:0d", "vlan_name": "Consolas", "vlan_id": "4094", "flag": "d mi          ", "port": "24"}, {"mac": "5c:f3:fc:bc:32:ed", "vlan_name": "Consolas", "vlan_id": "4094", "flag": "d mi          ", "port": "24"}, {"mac": "5c:f3:fc:bf:26:b5", "vlan_name": "Consolas", "vlan_id": "4094", "flag": "d mi          ", "port": "24"}, {"mac": "5c:f3:fc:da:25:51", "vlan_name": "Consolas", "vlan_id": "4094", "flag": "d mi          ", "port": "24"}, {"mac": "5c:f3:fc:da:41:39", "vlan_name": "Consolas", "vlan_id": "4094", "flag": "d mi          ", "port": "24"}, {"mac": "5c:f3:fc:dd:8c:7d", "vlan_name": "Consolas", "vlan_id": "4094", "flag": "d mi          ", "port": "24"}, {"mac": "5c:f3:fc:dd:e2:45", "vlan_name": "Consolas", "vlan_id": "4094", "flag": "d mi          ", "port": "24"}, {"mac": "5c:f3:fc:e0:c9:29", "vlan_name": "Consolas", "vlan_id": "4094", "flag": "d mi          ", "port": "24"}, {"mac": "5c:f3:fc:e1:13:c1", "vlan_name": "Consolas", "vlan_id": "4094", "flag": "d mi          ", "port": "24"}, {"mac": "5c:f3:fc:eb:a1:de", "vlan_name": "Consolas", "vlan_id": "4094", "flag": "d mi          ", "port": "24"}, {"mac": "5c:f3:fc:eb:c2:68", "vlan_name": "Consolas", "vlan_id": "4094", "flag": "d mi          ", "port": "24"}, {"mac": "5c:f3:fc:ef:d2:e0", "vlan_name": "Consolas", "vlan_id": "4094", "flag": "d mi          ", "port": "24"}, {"mac": "5c:f3:fc:ef:d6:42", "vlan_name": "Consolas", "vlan_id": "4094", "flag": "d mi          ", "port": "24"}, {"mac": "5c:f3:fd:36:0c:39", "vlan_name": "Consolas", "vlan_id": "4094", "flag": "d mi          ", "port": "24"}, {"mac": "64:00:6a:c4:ac:1c", "vlan_name": "Consolas", "vlan_id": "4094", "flag": "d mi          ", "port": "24"}, {"mac": "64:00:6a:c4:ac:7c", "vlan_name": "Consolas", "vlan_id": "4094", "flag": "d mi          ", "port": "24"}, {"mac": "64:31:50:4d:02:a9", "vlan_name": "Consolas", "vlan_id": "4094", "flag": "d mi          ", "port": "24"}, {"mac": "64:31:50:50:eb:ca", "vlan_name": "Consolas", "vlan_id": "4094", "flag": "d mi          ", "port": "24"}, {"mac": "64:31:50:51:b3:84", "vlan_name": "Consolas", "vlan_id": "4094", "flag": "d mi          ", "port": "24"}, {"mac": "6c:3b:e5:a1:2c:f8", "vlan_name": "Consolas", "vlan_id": "4094", "flag": "d m           ", "port": "20"}, {"mac": "6c:3b:e5:a1:5e:53", "vlan_name": "Consolas", "vlan_id": "4094", "flag": "d mi          ", "port": "20"}, {"mac": "6c:3b:e5:a1:9f:76", "vlan_name": "Consolas", "vlan_id": "4094", "flag": "d m           ", "port": "20"}, {"mac": "6c:3b:e5:bf:99:ad", "vlan_name": "Consolas", "vlan_id": "4094", "flag": "d mi          ", "port": "22"}, {"mac": "6c:ae:8b:1c:80:ee", "vlan_name": "Consolas", "vlan_id": "4094", "flag": "d mi          ", "port": "24"}, {"mac": "6c:ae:8b:1d:16:66", "vlan_name": "Consolas", "vlan_id": "4094", "flag": "d mi          ", "port": "24"}, {"mac": "6c:ae:8b:20:9c:4e", "vlan_name": "Consolas", "vlan_id": "4094", "flag": "d mi          ", "port": "24"}, {"mac": "6c:ae:8b:25:43:36", "vlan_name": "Consolas", "vlan_id": "4094", "flag": "d mi          ", "port": "24"}, {"mac": "6c:ae:8b:27:bd:8e", "vlan_name": "Consolas", "vlan_id": "4094", "flag": "d mi          ", "port": "6"}, {"mac": "6c:ae:8b:28:11:ee", "vlan_name": "Consolas", "vlan_id": "4094", "flag": "d mi          ", "port": "2"}, {"mac": "6c:ae:8b:29:ee:a6", "vlan_name": "Consolas", "vlan_id": "4094", "flag": "d mi          ", "port": "24"}, {"mac": "6c:ae:8b:2e:a1:cd", "vlan_name": "Consolas", "vlan_id": "4094", "flag": "d mi          ", "port": "24"}, {"mac": "6c:ae:8b:2e:a2:50", "vlan_name": "Consolas", "vlan_id": "4094", "flag": "d mi          ", "port": "24"}, {"mac": "6c:ae:8b:2e:a2:68", "vlan_name": "Consolas", "vlan_id": "4094", "flag": "d mi          ", "port": "24"}, {"mac": "6c:ae:8b:2e:a4:8c", "vlan_name": "Consolas", "vlan_id": "4094", "flag": "d mi          ", "port": "24"}, {"mac": "6c:ae:8b:2e:a6:78", "vlan_name": "Consolas", "vlan_id": "4094", "flag": "d mi          ", "port": "24"}, {"mac": "6c:ae:8b:2e:a7:1c", "vlan_name": "Consolas", "vlan_id": "4094", "flag": "d mi          ", "port": "24"}, {"mac": "6c:ae:8b:2e:aa:74", "vlan_name": "Consolas", "vlan_id": "4094", "flag": "d mi          ", "port": "24"}, {"mac": "6c:ae:8b:30:d9:34", "vlan_name": "Consolas", "vlan_id": "4094", "flag": "d mi          ", "port": "24"}, {"mac": "6c:ae:8b:30:e7:5d", "vlan_name": "Consolas", "vlan_id": "4094", "flag": "d mi          ", "port": "24"}, {"mac": "6c:ae:8b:30:e9:e5", "vlan_name": "Consolas", "vlan_id": "4094", "flag": "d mi          ", "port": "24"}, {"mac": "6c:ae:8b:30:ea:ed", "vlan_name": "Consolas", "vlan_id": "4094", "flag": "d mi          ", "port": "24"}, {"mac": "6c:ae:8b:30:eb:d4", "vlan_name": "Consolas", "vlan_id": "4094", "flag": "d m           ", "port": "24"}, {"mac": "6c:ae:8b:30:ed:ec", "vlan_name": "Consolas", "vlan_id": "4094", "flag": "d mi          ", "port": "24"}, {"mac": "6c:ae:8b:30:f0:1d", "vlan_name": "Consolas", "vlan_id": "4094", "flag": "d mi          ", "port": "24"}, {"mac": "6c:ae:8b:30:f2:94", "vlan_name": "Consolas", "vlan_id": "4094", "flag": "d m           ", "port": "24"}, {"mac": "6c:ae:8b:30:f2:f0", "vlan_name": "Consolas", "vlan_id": "4094", "flag": "d mi          ", "port": "24"}, {"mac": "6c:ae:8b:30:f4:01", "vlan_name": "Consolas", "vlan_id": "4094", "flag": "d m           ", "port": "24"}, {"mac": "6c:ae:8b:30:f4:c1", "vlan_name": "Consolas", "vlan_id": "4094", "flag": "d mi          ", "port": "24"}, {"mac": "6c:ae:8b:30:f8:31", "vlan_name": "Consolas", "vlan_id": "4094", "flag": "d mi          ", "port": "24"}, {"mac": "6c:ae:8b:30:f9:e1", "vlan_name": "Consolas", "vlan_id": "4094", "flag": "d mi          ", "port": "24"}, {"mac": "6c:ae:8b:30:fa:d4", "vlan_name": "Consolas", "vlan_id": "4094", "flag": "d mi          ", "port": "24"}, {"mac": "6c:ae:8b:30:fc:50", "vlan_name": "Consolas", "vlan_id": "4094", "flag": "d m           ", "port": "24"}, {"mac": "6c:ae:8b:30:fc:a0", "vlan_name": "Consolas", "vlan_id": "4094", "flag": "d mi          ", "port": "24"}, {"mac": "6c:ae:8b:30:fd:05", "vlan_name": "Consolas", "vlan_id": "4094", "flag": "d mi          ", "port": "24"}, {"mac": "6c:ae:8b:30:fd:21", "vlan_name": "Consolas", "vlan_id": "4094", "flag": "d mi          ", "port": "24"}, {"mac": "6c:ae:8b:30:fd:80", "vlan_name": "Consolas", "vlan_id": "4094", "flag": "d m           ", "port": "24"}, {"mac": "6c:ae:8b:30:fd:99", "vlan_name": "Consolas", "vlan_id": "4094", "flag": "d mi          ", "port": "24"}, {"mac": "6c:ae:8b:30:fd:b4", "vlan_name": "Consolas", "vlan_id": "4094", "flag": "d mi          ", "port": "24"}, {"mac": "6c:ae:8b:30:fd:dc", "vlan_name": "Consolas", "vlan_id": "4094", "flag": "d mi          ", "port": "24"}, {"mac": "6c:ae:8b:30:fe:1c", "vlan_name": "Consolas", "vlan_id": "4094", "flag": "d mi          ", "port": "24"}, {"mac": "6c:ae:8b:30:fe:c4", "vlan_name": "Consolas", "vlan_id": "4094", "flag": "d mi          ", "port": "24"}, {"mac": "6c:ae:8b:32:00:c1", "vlan_name": "Consolas", "vlan_id": "4094", "flag": "d mi          ", "port": "24"}, {"mac": "6c:ae:8b:32:03:dd", "vlan_name": "Consolas", "vlan_id": "4094", "flag": "d mi          ", "port": "24"}, {"mac": "6c:ae:8b:32:05:8d", "vlan_name": "Consolas", "vlan_id": "4094", "flag": "d mi          ", "port": "24"}, {"mac": "6c:ae:8b:32:6c:b1", "vlan_name": "Consolas", "vlan_id": "4094", "flag": "d mi          ", "port": "24"}, {"mac": "6c:ae:8b:32:6d:7d", "vlan_name": "Consolas", "vlan_id": "4094", "flag": "d mi          ", "port": "24"}, {"mac": "6c:ae:8b:32:74:65", "vlan_name": "Consolas", "vlan_id": "4094", "flag": "d mi          ", "port": "24"}, {"mac": "6c:ae:8b:32:7b:8d", "vlan_name": "Consolas", "vlan_id": "4094", "flag": "d mi          ", "port": "24"}, {"mac": "6c:ae:8b:32:8f:b9", "vlan_name": "Consolas", "vlan_id": "4094", "flag": "d mi          ", "port": "24"}, {"mac": "6c:ae:8b:32:93:79", "vlan_name": "Consolas", "vlan_id": "4094", "flag": "d m           ", "port": "24"}, {"mac": "6c:ae:8b:32:d3:15", "vlan_name": "Consolas", "vlan_id": "4094", "flag": "d mi          ", "port": "24"}, {"mac": "6c:ae:8b:32:d8:31", "vlan_name": "Consolas", "vlan_id": "4094", "flag": "d mi          ", "port": "24"}, {"mac": "6c:ae:8b:32:d9:dc", "vlan_name": "Consolas", "vlan_id": "4094", "flag": "d mi          ", "port": "24"}, {"mac": "6c:ae:8b:32:da:cd", "vlan_name": "Consolas", "vlan_id": "4094", "flag": "d mi          ", "port": "24"}, {"mac": "6c:ae:8b:32:db:f5", "vlan_name": "Consolas", "vlan_id": "4094", "flag": "d mi          ", "port": "24"}, {"mac": "6c:ae:8b:35:19:65", "vlan_name": "Consolas", "vlan_id": "4094", "flag": "d mi          ", "port": "24"}, {"mac": "6c:ae:8b:35:19:69", "vlan_name": "Consolas", "vlan_id": "4094", "flag": "d mi          ", "port": "24"}, {"mac": "6c:ae:8b:35:57:e9", "vlan_name": "Consolas", "vlan_id": "4094", "flag": "d mi          ", "port": "24"}, {"mac": "6c:ae:8b:35:58:cd", "vlan_name": "Consolas", "vlan_id": "4094", "flag": "d mi          ", "port": "24"}, {"mac": "6c:ae:8b:35:67:09", "vlan_name": "Consolas", "vlan_id": "4094", "flag": "d mi          ", "port": "24"}, {"mac": "6c:ae:8b:35:67:cd", "vlan_name": "Consolas", "vlan_id": "4094", "flag": "d mi          ", "port": "24"}, {"mac": "6c:ae:8b:35:68:f9", "vlan_name": "Consolas", "vlan_id": "4094", "flag": "d mi          ", "port": "24"}, {"mac": "6c:ae:8b:35:69:bd", "vlan_name": "Consolas", "vlan_id": "4094", "flag": "d mi          ", "port": "24"}, {"mac": "6c:ae:8b:35:6a:8d", "vlan_name": "Consolas", "vlan_id": "4094", "flag": "d mi          ", "port": "24"}, {"mac": "6c:ae:8b:35:6b:21", "vlan_name": "Consolas", "vlan_id": "4094", "flag": "d mi          ", "port": "24"}, {"mac": "6c:ae:8b:35:6b:a5", "vlan_name": "Consolas", "vlan_id": "4094", "flag": "d mi          ", "port": "24"}, {"mac": "6c:ae:8b:35:6c:dd", "vlan_name": "Consolas", "vlan_id": "4094", "flag": "d mi          ", "port": "24"}, {"mac": "6c:ae:8b:35:6d:a9", "vlan_name": "Consolas", "vlan_id": "4094", "flag": "d mi          ", "port": "24"}, {"mac": "6c:ae:8b:35:6d:d5", "vlan_name": "Consolas", "vlan_id": "4094", "flag": "d mi          ", "port": "24"}, {"mac": "6c:ae:8b:35:6e:b5", "vlan_name": "Consolas", "vlan_id": "4094", "flag": "d mi          ", "port": "24"}, {"mac": "6c:ae:8b:35:6f:e5", "vlan_name": "Consolas", "vlan_id": "4094", "flag": "d mi          ", "port": "24"}, {"mac": "6c:ae:8b:35:70:09", "vlan_name": "Consolas", "vlan_id": "4094", "flag": "d mi          ", "port": "24"}, {"mac": "6c:ae:8b:35:70:cd", "vlan_name": "Consolas", "vlan_id": "4094", "flag": "d mi          ", "port": "24"}, {"mac": "6c:ae:8b:35:71:75", "vlan_name": "Consolas", "vlan_id": "4094", "flag": "d mi          ", "port": "24"}, {"mac": "6c:ae:8b:35:71:e9", "vlan_name": "Consolas", "vlan_id": "4094", "flag": "d mi          ", "port": "24"}, {"mac": "6c:ae:8b:35:72:01", "vlan_name": "Consolas", "vlan_id": "4094", "flag": "d mi          ", "port": "24"}, {"mac": "6c:ae:8b:35:74:3d", "vlan_name": "Consolas", "vlan_id": "4094", "flag": "d mi          ", "port": "24"}, {"mac": "6c:ae:8b:35:75:71", "vlan_name": "Consolas", "vlan_id": "4094", "flag": "d mi          ", "port": "24"}, {"mac": "6c:ae:8b:35:76:11", "vlan_name": "Consolas", "vlan_id": "4094", "flag": "d mi          ", "port": "24"}, {"mac": "6c:ae:8b:35:76:9d", "vlan_name": "Consolas", "vlan_id": "4094", "flag": "d mi          ", "port": "24"}, {"mac": "6c:ae:8b:35:95:68", "vlan_name": "Consolas", "vlan_id": "4094", "flag": "d mi          ", "port": "24"}, {"mac": "6c:ae:8b:35:96:a5", "vlan_name": "Consolas", "vlan_id": "4094", "flag": "d m           ", "port": "24"}, {"mac": "6c:ae:8b:35:97:45", "vlan_name": "Consolas", "vlan_id": "4094", "flag": "d mi          ", "port": "24"}, {"mac": "6c:ae:8b:35:9c:98", "vlan_name": "Consolas", "vlan_id": "4094", "flag": "d mi          ", "port": "24"}, {"mac": "6c:ae:8b:35:9d:69", "vlan_name": "Consolas", "vlan_id": "4094", "flag": "d mi          ", "port": "24"}, {"mac": "6c:ae:8b:35:a4:bd", "vlan_name": "Consolas", "vlan_id": "4094", "flag": "d mi          ", "port": "24"}, {"mac": "6c:ae:8b:35:d7:f5", "vlan_name": "Consolas", "vlan_id": "4094", "flag": "d mi          ", "port": "24"}, {"mac": "6c:ae:8b:35:da:09", "vlan_name": "Consolas", "vlan_id": "4094", "flag": "d mi          ", "port": "24"}, {"mac": "6c:ae:8b:35:f7:19", "vlan_name": "Consolas", "vlan_id": "4094", "flag": "d mi          ", "port": "24"}, {"mac": "6c:ae:8b:35:fc:a0", "vlan_name": "Consolas", "vlan_id": "4094", "flag": "d mi          ", "port": "24"}, {"mac": "6c:ae:8b:3a:61:1e", "vlan_name": "Consolas", "vlan_id": "4094", "flag": "d mi          ", "port": "24"}, {"mac": "6c:ae:8b:3b:fa:8e", "vlan_name": "Consolas", "vlan_id": "4094", "flag": "d mi          ", "port": "5"}, {"mac": "6c:ae:8b:3d:2b:26", "vlan_name": "Consolas", "vlan_id": "4094", "flag": "d mi          ", "port": "24"}, {"mac": "6c:ae:8b:3e:24:ce", "vlan_name": "Consolas", "vlan_id": "4094", "flag": "d mi          ", "port": "24"}, {"mac": "6c:ae:8b:3e:2d:06", "vlan_name": "Consolas", "vlan_id": "4094", "flag": "d mi          ", "port": "24"}, {"mac": "6c:ae:8b:3e:30:26", "vlan_name": "Consolas", "vlan_id": "4094", "flag": "d mi          ", "port": "24"}, {"mac": "6c:ae:8b:3e:38:5e", "vlan_name": "Consolas", "vlan_id": "4094", "flag": "d mi          ", "port": "13"}, {"mac": "6c:ae:8b:41:c8:3e", "vlan_name": "Consolas", "vlan_id": "4094", "flag": "d mi          ", "port": "24"}, {"mac": "6c:ae:8b:4e:67:4e", "vlan_name": "Consolas", "vlan_id": "4094", "flag": "d mi          ", "port": "24"}, {"mac": "6c:ae:8b:4f:fe:de", "vlan_name": "Consolas", "vlan_id": "4094", "flag": "d mi          ", "port": "10"}, {"mac": "6c:ae:8b:51:11:c2", "vlan_name": "Consolas", "vlan_id": "4094", "flag": "d mi          ", "port": "24"}, {"mac": "6c:ae:8b:51:11:c6", "vlan_name": "Consolas", "vlan_id": "4094", "flag": "d mi          ", "port": "24"}, {"mac": "6c:ae:8b:60:b1:a6", "vlan_name": "Consolas", "vlan_id": "4094", "flag": "d mi          ", "port": "24"}, {"mac": "6c:ae:8b:61:0c:9e", "vlan_name": "Consolas", "vlan_id": "4094", "flag": "d mi          ", "port": "15"}, {"mac": "6c:ae:8b:61:52:3e", "vlan_name": "Consolas", "vlan_id": "4094", "flag": "d mi          ", "port": "24"}, {"mac": "6c:ae:8b:61:69:1e", "vlan_name": "Consolas", "vlan_id": "4094", "flag": "d mi          ", "port": "24"}, {"mac": "6c:ae:8b:61:6a:e6", "vlan_name": "Consolas", "vlan_id": "4094", "flag": "d mi          ", "port": "24"}, {"mac": "6c:ae:8b:63:98:fe", "vlan_name": "Consolas", "vlan_id": "4094", "flag": "d mi          ", "port": "24"}, {"mac": "6c:ae:8b:63:f6:96", "vlan_name": "Consolas", "vlan_id": "4094", "flag": "d mi          ", "port": "24"}, {"mac": "6c:ae:8b:63:f8:d6", "vlan_name": "Consolas", "vlan_id": "4094", "flag": "d mi          ", "port": "17"}, {"mac": "70:10:6f:b1:94:94", "vlan_name": "Consolas", "vlan_id": "4094", "flag": "d mi          ", "port": "22"}, {"mac": "70:10:6f:b1:95:68", "vlan_name": "Consolas", "vlan_id": "4094", "flag": "d mi          ", "port": "20"}, {"mac": "70:10:6f:b4:88:40", "vlan_name": "Consolas", "vlan_id": "4094", "flag": "d m           ", "port": "20"}, {"mac": "70:10:6f:b4:ea:4c", "vlan_name": "Consolas", "vlan_id": "4094", "flag": "d m           ", "port": "20"}, {"mac": "70:10:6f:b4:ea:70", "vlan_name": "Consolas", "vlan_id": "4094", "flag": "d mi          ", "port": "22"}, {"mac": "70:10:6f:b4:ea:7c", "vlan_name": "Consolas", "vlan_id": "4094", "flag": "d mi          ", "port": "22"}, {"mac": "70:10:6f:b4:ea:d8", "vlan_name": "Consolas", "vlan_id": "4094", "flag": "d mi          ", "port": "20"}, {"mac": "70:10:6f:b4:ec:9a", "vlan_name": "Consolas", "vlan_id": "4094", "flag": "d mi          ", "port": "22"}, {"mac": "74:46:a0:73:44:a2", "vlan_name": "Consolas", "vlan_id": "4094", "flag": "d mi          ", "port": "20"}, {"mac": "74:46:a0:73:44:c0", "vlan_name": "Consolas", "vlan_id": "4094", "flag": "d mi          ", "port": "22"}, {"mac": "74:46:a0:73:44:c6", "vlan_name": "Consolas", "vlan_id": "4094", "flag": "d m           ", "port": "22"}, {"mac": "74:46:a0:73:54:18", "vlan_name": "Consolas", "vlan_id": "4094", "flag": "d mi          ", "port": "20"}, {"mac": "74:46:a0:73:74:a2", "vlan_name": "Consolas", "vlan_id": "4094", "flag": "d mi          ", "port": "22"}, {"mac": "74:46:a0:73:84:2a", "vlan_name": "Consolas", "vlan_id": "4094", "flag": "d mi          ", "port": "20"}, {"mac": "74:46:a0:73:84:de", "vlan_name": "Consolas", "vlan_id": "4094", "flag": "d m           ", "port": "20"}, {"mac": "74:46:a0:73:dc:a8", "vlan_name": "Consolas", "vlan_id": "4094", "flag": "d mi          ", "port": "24"}, {"mac": "74:46:a0:73:ec:de", "vlan_name": "Consolas", "vlan_id": "4094", "flag": "d mi          ", "port": "24"}, {"mac": "74:46:a0:f2:97:dc", "vlan_name": "Consolas", "vlan_id": "4094", "flag": "d mi          ", "port": "24"}, {"mac": "74:46:a0:f3:e5:8c", "vlan_name": "Consolas", "vlan_id": "4094", "flag": "d mi          ", "port": "24"}, {"mac": "74:46:a0:f7:5c:c4", "vlan_name": "Consolas", "vlan_id": "4094", "flag": "d mi          ", "port": "22"}, {"mac": "74:e6:e2:fd:62:14", "vlan_name": "Consolas", "vlan_id": "4094", "flag": "d mi          ", "port": "24"}, {"mac": "78:ac:c0:72:16:0c", "vlan_name": "Consolas", "vlan_id": "4094", "flag": "d mi          ", "port": "22"}, {"mac": "78:e3:b5:08:0c:f4", "vlan_name": "Consolas", "vlan_id": "4094", "flag": "d mi          ", "port": "24"}, {"mac": "78:e3:b5:08:2c:e8", "vlan_name": "Consolas", "vlan_id": "4094", "flag": "d mi          ", "port": "24"}, {"mac": "78:e3:b5:08:4c:02", "vlan_name": "Consolas", "vlan_id": "4094", "flag": "d mi          ", "port": "24"}, {"mac": "78:e3:b5:0b:43:91", "vlan_name": "Consolas", "vlan_id": "4094", "flag": "d mi          ", "port": "24"}, {"mac": "78:e3:b5:0f:58:c5", "vlan_name": "Consolas", "vlan_id": "4094", "flag": "d mi          ", "port": "24"}, {"mac": "78:e7:d1:60:0c:c8", "vlan_name": "Consolas", "vlan_id": "4094", "flag": "d mi          ", "port": "24"}, {"mac": "78:e7:d1:7c:46:f2", "vlan_name": "Consolas", "vlan_id": "4094", "flag": "d mi          ", "port": "24"}, {"mac": "7c:d3:0a:5e:94:e5", "vlan_name": "Consolas", "vlan_id": "4094", "flag": "d m           ", "port": "24"}, {"mac": "80:c1:6e:76:7f:57", "vlan_name": "Consolas", "vlan_id": "4094", "flag": "d mi          ", "port": "24"}, {"mac": "80:c1:6e:77:97:94", "vlan_name": "Consolas", "vlan_id": "4094", "flag": "d mi          ", "port": "24"}, {"mac": "80:c1:6e:77:a7:9a", "vlan_name": "Consolas", "vlan_id": "4094", "flag": "d mi          ", "port": "24"}, {"mac": "84:b8:02:2a:3c:22", "vlan_name": "Consolas", "vlan_id": "4094", "flag": "d mi          ", "port": "24"}, {"mac": "94:18:82:05:ee:97", "vlan_name": "Consolas", "vlan_id": "4094", "flag": "d m           ", "port": "22"}, {"mac": "98:4b:e1:61:d2:6f", "vlan_name": "Consolas", "vlan_id": "4094", "flag": "d mi          ", "port": "24"}, {"mac": "98:4b:e1:7b:84:3a", "vlan_name": "Consolas", "vlan_id": "4094", "flag": "d mi          ", "port": "24"}, {"mac": "98:4b:e1:7b:84:42", "vlan_name": "Consolas", "vlan_id": "4094", "flag": "d mi          ", "port": "24"}, {"mac": "98:4b:e1:7b:84:54", "vlan_name": "Consolas", "vlan_id": "4094", "flag": "d mi          ", "port": "24"}, {"mac": "98:4b:e1:7b:84:d0", "vlan_name": "Consolas", "vlan_id": "4094", "flag": "d mi          ", "port": "24"}, {"mac": "98:4b:e1:7b:94:3c", "vlan_name": "Consolas", "vlan_id": "4094", "flag": "d mi          ", "port": "24"}, {"mac": "98:4b:e1:7b:96:03", "vlan_name": "Consolas", "vlan_id": "4094", "flag": "d mi          ", "port": "24"}, {"mac": "98:4b:e1:7b:96:6f", "vlan_name": "Consolas", "vlan_id": "4094", "flag": "d mi          ", "port": "24"}, {"mac": "98:4b:e1:7b:c6:37", "vlan_name": "Consolas", "vlan_id": "4094", "flag": "d mi          ", "port": "24"}, {"mac": "98:4b:e1:7b:e4:ad", "vlan_name": "Consolas", "vlan_id": "4094", "flag": "d mi          ", "port": "24"}, {"mac": "98:be:94:21:fc:63", "vlan_name": "Consolas", "vlan_id": "4094", "flag": "d mi          ", "port": "24"}, {"mac": "98:be:94:2a:1a:ae", "vlan_name": "Consolas", "vlan_id": "4094", "flag": "d mi          ", "port": "24"}, {"mac": "98:be:94:36:0f:3c", "vlan_name": "Consolas", "vlan_id": "4094", "flag": "d mi          ", "port": "24"}, {"mac": "98:be:94:36:14:85", "vlan_name": "Consolas", "vlan_id": "4094", "flag": "d mi          ", "port": "24"}, {"mac": "98:be:94:36:15:59", "vlan_name": "Consolas", "vlan_id": "4094", "flag": "d mi          ", "port": "24"}, {"mac": "98:be:94:36:15:ad", "vlan_name": "Consolas", "vlan_id": "4094", "flag": "d m           ", "port": "24"}, {"mac": "98:be:94:36:18:a8", "vlan_name": "Consolas", "vlan_id": "4094", "flag": "d mi          ", "port": "24"}, {"mac": "98:be:94:36:1a:05", "vlan_name": "Consolas", "vlan_id": "4094", "flag": "d mi          ", "port": "24"}, {"mac": "98:be:94:36:1a:65", "vlan_name": "Consolas", "vlan_id": "4094", "flag": "d mi          ", "port": "24"}, {"mac": "98:be:94:36:3a:34", "vlan_name": "Consolas", "vlan_id": "4094", "flag": "d mi          ", "port": "24"}, {"mac": "98:be:94:36:3b:45", "vlan_name": "Consolas", "vlan_id": "4094", "flag": "d mi          ", "port": "24"}, {"mac": "98:be:94:36:3b:79", "vlan_name": "Consolas", "vlan_id": "4094", "flag": "d mi          ", "port": "24"}, {"mac": "98:be:94:36:3b:84", "vlan_name": "Consolas", "vlan_id": "4094", "flag": "d m           ", "port": "24"}, {"mac": "98:be:94:36:41:2d", "vlan_name": "Consolas", "vlan_id": "4094", "flag": "d mi          ", "port": "24"}, {"mac": "98:be:94:36:46:61", "vlan_name": "Consolas", "vlan_id": "4094", "flag": "d mi          ", "port": "24"}, {"mac": "98:be:94:36:50:3d", "vlan_name": "Consolas", "vlan_id": "4094", "flag": "d mi          ", "port": "24"}, {"mac": "98:be:94:36:50:58", "vlan_name": "Consolas", "vlan_id": "4094", "flag": "d mi          ", "port": "24"}, {"mac": "98:be:94:36:53:64", "vlan_name": "Consolas", "vlan_id": "4094", "flag": "d mi          ", "port": "24"}, {"mac": "98:be:94:36:65:54", "vlan_name": "Consolas", "vlan_id": "4094", "flag": "d mi          ", "port": "24"}, {"mac": "98:be:94:3b:7d:3d", "vlan_name": "Consolas", "vlan_id": "4094", "flag": "d mi          ", "port": "24"}, {"mac": "98:be:94:44:cb:ed", "vlan_name": "Consolas", "vlan_id": "4094", "flag": "d mi          ", "port": "24"}, {"mac": "98:be:94:44:cb:ee", "vlan_name": "Consolas", "vlan_id": "4094", "flag": "d mi          ", "port": "24"}, {"mac": "98:be:94:44:cf:7c", "vlan_name": "Consolas", "vlan_id": "4094", "flag": "d mi          ", "port": "24"}, {"mac": "98:be:94:44:cf:7d", "vlan_name": "Consolas", "vlan_id": "4094", "flag": "d m           ", "port": "24"}, {"mac": "98:be:94:44:cf:7e", "vlan_name": "Consolas", "vlan_id": "4094", "flag": "d mi          ", "port": "24"}, {"mac": "9c:8e:99:19:3c:5c", "vlan_name": "Consolas", "vlan_id": "4094", "flag": "d mi          ", "port": "24"}, {"mac": "9c:b6:54:7e:2d:f3", "vlan_name": "Consolas", "vlan_id": "4094", "flag": "d m           ", "port": "20"}, {"mac": "9c:b6:54:7e:4d:42", "vlan_name": "Consolas", "vlan_id": "4094", "flag": "d m           ", "port": "22"}, {"mac": "9c:b6:54:7f:4e:5b", "vlan_name": "Consolas", "vlan_id": "4094", "flag": "d m           ", "port": "24"}, {"mac": "9c:b6:54:7f:de:4f", "vlan_name": "Consolas", "vlan_id": "4094", "flag": "d m           ", "port": "24"}, {"mac": "a4:5d:36:55:40:28", "vlan_name": "Consolas", "vlan_id": "4094", "flag": "d mi          ", "port": "24"}, {"mac": "ac:1f:6b:45:68:5c", "vlan_name": "Consolas", "vlan_id": "4094", "flag": "d mi          ", "port": "24"}, {"mac": "b4:99:ba:07:4e:4a", "vlan_name": "Consolas", "vlan_id": "4094", "flag": "d mi          ", "port": "24"}, {"mac": "b4:99:ba:ff:22:84", "vlan_name": "Consolas", "vlan_id": "4094", "flag": "d mi          ", "port": "24"}, {"mac": "b4:b5:2f:a7:4f:72", "vlan_name": "Consolas", "vlan_id": "4094", "flag": "d mi          ", "port": "24"}, {"mac": "b4:b5:2f:ed:87:aa", "vlan_name": "Consolas", "vlan_id": "4094", "flag": "d mi          ", "port": "24"}, {"mac": "b4:b5:2f:ef:34:e0", "vlan_name": "Consolas", "vlan_id": "4094", "flag": "d mi          ", "port": "24"}, {"mac": "b4:de:31:72:24:30", "vlan_name": "Consolas", "vlan_id": "4094", "flag": "d mi          ", "port": "24"}, {"mac": "b4:de:31:ad:20:28", "vlan_name": "Consolas", "vlan_id": "4094", "flag": "d mi          ", "port": "24"}, {"mac": "c4:34:6b:ad:68:2c", "vlan_name": "Consolas", "vlan_id": "4094", "flag": "d m           ", "port": "24"}, {"mac": "c4:f5:7c:4b:b0:90", "vlan_name": "Consolas", "vlan_id": "4094", "flag": "d mi          ", "port": "24"}, {"mac": "c4:f5:7c:4b:f7:e8", "vlan_name": "Consolas", "vlan_id": "4094", "flag": "d mi          ", "port": "24"}, {"mac": "c8:1f:66:c3:51:9e", "vlan_name": "Consolas", "vlan_id": "4094", "flag": "d m           ", "port": "24"}, {"mac": "d0:7e:28:ba:fa:22", "vlan_name": "Consolas", "vlan_id": "4094", "flag": "d mi          ", "port": "24"}, {"mac": "d4:85:64:4d:d3:52", "vlan_name": "Consolas", "vlan_id": "4094", "flag": "d mi          ", "port": "24"}, {"mac": "d4:85:64:51:6d:3c", "vlan_name": "Consolas", "vlan_id": "4094", "flag": "d mi          ", "port": "24"}, {"mac": "d4:85:64:51:9b:a2", "vlan_name": "Consolas", "vlan_id": "4094", "flag": "d mi          ", "port": "24"}, {"mac": "d4:85:64:52:62:aa", "vlan_name": "Consolas", "vlan_id": "4094", "flag": "d mi          ", "port": "24"}, {"mac": "d4:ae:52:c6:f5:1d", "vlan_name": "Consolas", "vlan_id": "4094", "flag": "d mi          ", "port": "24"}, {"mac": "d4:be:d9:fb:38:91", "vlan_name": "Consolas", "vlan_id": "4094", "flag": "d mi          ", "port": "24"}, {"mac": "d8:9d:67:65:06:95", "vlan_name": "Consolas", "vlan_id": "4094", "flag": "d m           ", "port": "22"}, {"mac": "d8:9d:67:65:c5:8c", "vlan_name": "Consolas", "vlan_id": "4094", "flag": "d mi          ", "port": "22"}, {"mac": "d8:9d:67:65:c5:8e", "vlan_name": "Consolas", "vlan_id": "4094", "flag": "d mi          ", "port": "22"}, {"mac": "d8:9d:67:65:d5:27", "vlan_name": "Consolas", "vlan_id": "4094", "flag": "d m           ", "port": "20"}, {"mac": "d8:9d:67:65:d5:36", "vlan_name": "Consolas", "vlan_id": "4094", "flag": "d mi          ", "port": "20"}, {"mac": "d8:9d:67:65:d5:f7", "vlan_name": "Consolas", "vlan_id": "4094", "flag": "d m           ", "port": "22"}, {"mac": "d8:9d:67:65:e5:3f", "vlan_name": "Consolas", "vlan_id": "4094", "flag": "d mi          ", "port": "22"}, {"mac": "d8:9d:67:67:3b:69", "vlan_name": "Consolas", "vlan_id": "4094", "flag": "d mi          ", "port": "24"}, {"mac": "d8:9d:67:67:6b:ac", "vlan_name": "Consolas", "vlan_id": "4094", "flag": "d mi          ", "port": "24"}, {"mac": "d8:9d:67:67:89:89", "vlan_name": "Consolas", "vlan_id": "4094", "flag": "d mi          ", "port": "24"}, {"mac": "d8:9d:67:67:89:8c", "vlan_name": "Consolas", "vlan_id": "4094", "flag": "d mi          ", "port": "24"}, {"mac": "d8:9d:67:67:ba:e5", "vlan_name": "Consolas", "vlan_id": "4094", "flag": "d mi          ", "port": "24"}, {"mac": "d8:9d:67:67:ba:f9", "vlan_name": "Consolas", "vlan_id": "4094", "flag": "d mi          ", "port": "24"}, {"mac": "d8:9d:67:67:ea:be", "vlan_name": "Consolas", "vlan_id": "4094", "flag": "d mi          ", "port": "24"}, {"mac": "d8:9d:67:71:7a:ef", "vlan_name": "Consolas", "vlan_id": "4094", "flag": "d m           ", "port": "24"}, {"mac": "d8:9d:67:77:6f:34", "vlan_name": "Consolas", "vlan_id": "4094", "flag": "d mi          ", "port": "24"}, {"mac": "d8:9d:67:77:6f:3b", "vlan_name": "Consolas", "vlan_id": "4094", "flag": "d mi          ", "port": "24"}, {"mac": "e0:07:1b:fa:94:1a", "vlan_name": "Consolas", "vlan_id": "4094", "flag": "d mi          ", "port": "24"}, {"mac": "e4:1f:13:25:91:91", "vlan_name": "Consolas", "vlan_id": "4094", "flag": "d mi          ", "port": "24"}, {"mac": "e4:1f:13:26:d2:89", "vlan_name": "Consolas", "vlan_id": "4094", "flag": "d mi          ", "port": "24"}, {"mac": "e4:1f:13:26:d7:f5", "vlan_name": "Consolas", "vlan_id": "4094", "flag": "d mi          ", "port": "24"}, {"mac": "e4:1f:13:27:92:a5", "vlan_name": "Consolas", "vlan_id": "4094", "flag": "d mi          ", "port": "24"}, {"mac": "e4:1f:13:27:c6:91", "vlan_name": "Consolas", "vlan_id": "4094", "flag": "d mi          ", "port": "24"}, {"mac": "e4:1f:13:2a:bd:8d", "vlan_name": "Consolas", "vlan_id": "4094", "flag": "d mi          ", "port": "24"}, {"mac": "e4:1f:13:4a:55:c5", "vlan_name": "Consolas", "vlan_id": "4094", "flag": "d mi          ", "port": "24"}, {"mac": "e4:1f:13:4a:56:49", "vlan_name": "Consolas", "vlan_id": "4094", "flag": "d mi          ", "port": "24"}, {"mac": "e4:1f:13:4a:fa:bd", "vlan_name": "Consolas", "vlan_id": "4094", "flag": "d mi          ", "port": "24"}, {"mac": "e4:1f:13:4b:b0:ec", "vlan_name": "Consolas", "vlan_id": "4094", "flag": "d m           ", "port": "24"}, {"mac": "e4:1f:13:52:c5:c5", "vlan_name": "Consolas", "vlan_id": "4094", "flag": "d mi          ", "port": "24"}, {"mac": "e4:1f:13:52:c7:59", "vlan_name": "Consolas", "vlan_id": "4094", "flag": "d mi          ", "port": "24"}, {"mac": "e4:1f:13:55:56:81", "vlan_name": "Consolas", "vlan_id": "4094", "flag": "d mi          ", "port": "24"}, {"mac": "e4:1f:13:55:f5:cd", "vlan_name": "Consolas", "vlan_id": "4094", "flag": "d mi          ", "port": "24"}, {"mac": "e4:1f:13:56:43:85", "vlan_name": "Consolas", "vlan_id": "4094", "flag": "d mi          ", "port": "24"}, {"mac": "e4:1f:13:56:4c:dd", "vlan_name": "Consolas", "vlan_id": "4094", "flag": "d mi          ", "port": "24"}, {"mac": "e4:1f:13:56:53:e9", "vlan_name": "Consolas", "vlan_id": "4094", "flag": "d mi          ", "port": "24"}, {"mac": "e4:1f:13:56:57:91", "vlan_name": "Consolas", "vlan_id": "4094", "flag": "d m           ", "port": "24"}, {"mac": "e4:1f:13:56:5c:31", "vlan_name": "Consolas", "vlan_id": "4094", "flag": "d mi          ", "port": "24"}, {"mac": "e4:1f:13:57:d2:f1", "vlan_name": "Consolas", "vlan_id": "4094", "flag": "d mi          ", "port": "24"}, {"mac": "e4:1f:13:58:c0:51", "vlan_name": "Consolas", "vlan_id": "4094", "flag": "d mi          ", "port": "24"}, {"mac": "e4:1f:13:5d:4e:41", "vlan_name": "Consolas", "vlan_id": "4094", "flag": "d m           ", "port": "24"}, {"mac": "e4:1f:13:5d:53:b1", "vlan_name": "Consolas", "vlan_id": "4094", "flag": "d m           ", "port": "24"}, {"mac": "e4:1f:13:5d:54:45", "vlan_name": "Consolas", "vlan_id": "4094", "flag": "d mi          ", "port": "24"}, {"mac": "e4:1f:13:64:38:c2", "vlan_name": "Consolas", "vlan_id": "4094", "flag": "d mi          ", "port": "24"}, {"mac": "e4:1f:13:97:72:b8", "vlan_name": "Consolas", "vlan_id": "4094", "flag": "d mi          ", "port": "24"}, {"mac": "e4:1f:13:97:bf:ee", "vlan_name": "Consolas", "vlan_id": "4094", "flag": "d mi          ", "port": "24"}, {"mac": "e4:1f:13:97:c2:4c", "vlan_name": "Consolas", "vlan_id": "4094", "flag": "d mi          ", "port": "24"}, {"mac": "e4:1f:13:a7:32:ed", "vlan_name": "Consolas", "vlan_id": "4094", "flag": "d mi          ", "port": "24"}, {"mac": "e4:1f:13:a7:34:b1", "vlan_name": "Consolas", "vlan_id": "4094", "flag": "d mi          ", "port": "24"}, {"mac": "e4:1f:13:a7:3a:21", "vlan_name": "Consolas", "vlan_id": "4094", "flag": "d mi          ", "port": "24"}, {"mac": "e4:1f:13:a7:3b:9d", "vlan_name": "Consolas", "vlan_id": "4094", "flag": "d mi          ", "port": "24"}, {"mac": "e4:1f:13:a7:3c:e1", "vlan_name": "Consolas", "vlan_id": "4094", "flag": "d m           ", "port": "24"}, {"mac": "e4:1f:13:a7:4a:41", "vlan_name": "Consolas", "vlan_id": "4094", "flag": "d mi          ", "port": "24"}, {"mac": "e4:1f:13:a9:90:81", "vlan_name": "Consolas", "vlan_id": "4094", "flag": "d mi          ", "port": "24"}, {"mac": "e4:1f:13:aa:70:0d", "vlan_name": "Consolas", "vlan_id": "4094", "flag": "d mi          ", "port": "24"}, {"mac": "e4:1f:13:ab:4f:55", "vlan_name": "Consolas", "vlan_id": "4094", "flag": "d mi          ", "port": "24"}, {"mac": "e4:1f:13:ab:6b:a9", "vlan_name": "Consolas", "vlan_id": "4094", "flag": "d mi          ", "port": "24"}, {"mac": "e4:1f:13:ab:6b:d1", "vlan_name": "Consolas", "vlan_id": "4094", "flag": "d mi          ", "port": "24"}, {"mac": "e4:1f:13:ab:71:c5", "vlan_name": "Consolas", "vlan_id": "4094", "flag": "d mi          ", "port": "24"}, {"mac": "e4:1f:13:ab:e1:d1", "vlan_name": "Consolas", "vlan_id": "4094", "flag": "d mi          ", "port": "24"}, {"mac": "e4:1f:13:ad:24:2d", "vlan_name": "Consolas", "vlan_id": "4094", "flag": "d mi          ", "port": "24"}, {"mac": "e4:1f:13:ae:08:ad", "vlan_name": "Consolas", "vlan_id": "4094", "flag": "d mi          ", "port": "24"}, {"mac": "e4:1f:13:ae:3a:ed", "vlan_name": "Consolas", "vlan_id": "4094", "flag": "d mi          ", "port": "24"}, {"mac": "e4:1f:13:ae:ca:19", "vlan_name": "Consolas", "vlan_id": "4094", "flag": "d mi          ", "port": "24"}, {"mac": "e4:1f:13:af:0a:95", "vlan_name": "Consolas", "vlan_id": "4094", "flag": "d mi          ", "port": "24"}, {"mac": "e4:1f:13:b0:51:bd", "vlan_name": "Consolas", "vlan_id": "4094", "flag": "d mi          ", "port": "24"}, {"mac": "e4:1f:13:b0:61:c5", "vlan_name": "Consolas", "vlan_id": "4094", "flag": "d mi          ", "port": "24"}, {"mac": "e4:1f:13:b0:da:2d", "vlan_name": "Consolas", "vlan_id": "4094", "flag": "d m           ", "port": "24"}, {"mac": "e4:1f:13:b2:f0:e5", "vlan_name": "Consolas", "vlan_id": "4094", "flag": "d mi          ", "port": "24"}, {"mac": "e4:1f:13:b2:f2:e1", "vlan_name": "Consolas", "vlan_id": "4094", "flag": "d mi          ", "port": "24"}, {"mac": "e4:1f:13:d9:47:fd", "vlan_name": "Consolas", "vlan_id": "4094", "flag": "d mi          ", "port": "24"}, {"mac": "e4:1f:13:e8:bb:09", "vlan_name": "Consolas", "vlan_id": "4094", "flag": "d mi          ", "port": "24"}, {"mac": "e4:1f:13:e8:c2:a9", "vlan_name": "Consolas", "vlan_id": "4094", "flag": "d m           ", "port": "24"}, {"mac": "e4:1f:13:e8:ca:11", "vlan_name": "Consolas", "vlan_id": "4094", "flag": "d mi          ", "port": "24"}, {"mac": "e4:1f:13:ec:1e:c6", "vlan_name": "Consolas", "vlan_id": "4094", "flag": "d mi          ", "port": "24"}, {"mac": "e4:1f:13:ec:2f:36", "vlan_name": "Consolas", "vlan_id": "4094", "flag": "d mi          ", "port": "24"}, {"mac": "e4:1f:13:ec:30:66", "vlan_name": "Consolas", "vlan_id": "4094", "flag": "d mi          ", "port": "24"}, {"mac": "e4:1f:13:ee:2b:f6", "vlan_name": "Consolas", "vlan_id": "4094", "flag": "d mi          ", "port": "24"}, {"mac": "ec:b1:d7:7a:a6:df", "vlan_name": "Consolas", "vlan_id": "4094", "flag": "d mi          ", "port": "20"}, {"mac": "ec:b1:d7:86:99:47", "vlan_name": "Consolas", "vlan_id": "4094", "flag": "d m           ", "port": "24"}, {"mac": "ec:b1:d7:86:99:69", "vlan_name": "Consolas", "vlan_id": "4094", "flag": "d mi          ", "port": "24"}, {"mac": "ec:b1:d7:86:99:e7", "vlan_name": "Consolas", "vlan_id": "4094", "flag": "d mi          ", "port": "24"}, {"mac": "ec:b1:d7:86:a8:6e", "vlan_name": "Consolas", "vlan_id": "4094", "flag": "d mi          ", "port": "22"}, {"mac": "f0:92:1c:11:ea:20", "vlan_name": "Consolas", "vlan_id": "4094", "flag": "d mi          ", "port": "24"}, {"mac": "f4:8e:38:cb:b6:84", "vlan_name": "Consolas", "vlan_id": "4094", "flag": "d mi          ", "port": "24"}, {"mac": "fc:15:b4:0e:80:00", "vlan_name": "Consolas", "vlan_id": "4094", "flag": "d mi          ", "port": "20"}, {"mac": "fc:15:b4:11:8e:49", "vlan_name": "Consolas", "vlan_id": "4094", "flag": "d mi          ", "port": "24"}, {"mac": "fc:15:b4:11:8e:69", "vlan_name": "Consolas", "vlan_id": "4094", "flag": "d mi          ", "port": "24"}, {"mac": "fc:15:b4:11:8e:b6", "vlan_name": "Consolas", "vlan_id": "4094", "flag": "d mi          ", "port": "24"}, {"mac": "fc:15:b4:11:8e:ed", "vlan_name": "Consolas", "vlan_id": "4094", "flag": "d mi          ", "port": "24"}, {"mac": "fc:15:b4:11:9e:0d", "vlan_name": "Consolas", "vlan_id": "4094", "flag": "d mi          ", "port": "24"}, {"mac": "fc:15:b4:11:9e:44", "vlan_name": "Consolas", "vlan_id": "4094", "flag": "d mi          ", "port": "24"}, {"mac": "fc:15:b4:11:9e:79", "vlan_name": "Consolas", "vlan_id": "4094", "flag": "d mi          ", "port": "24"}, {"mac": "fc:15:b4:11:ae:ad", "vlan_name": "Consolas", "vlan_id": "4094", "flag": "d mi          ", "port": "24"}, {"mac": "fc:15:b4:12:81:ee", "vlan_name": "Consolas", "vlan_id": "4094", "flag": "d mi          ", "port": "24"}, {"mac": "fc:15:b4:12:91:40", "vlan_name": "Consolas", "vlan_id": "4094", "flag": "d mi          ", "port": "24"}, {"mac": "fc:15:b4:12:91:4f", "vlan_name": "Consolas", "vlan_id": "4094", "flag": "d mi          ", "port": "24"}, {"mac": "fc:15:b4:12:a1:66", "vlan_name": "Consolas", "vlan_id": "4094", "flag": "d mi          ", "port": "24"}, {"mac": "fc:15:b4:fa:48:24", "vlan_name": "Consolas", "vlan_id": "4094", "flag": "d mi          ", "port": "24"}, {"mac": "fc:15:b4:fa:48:30", "vlan_name": "Consolas", "vlan_id": "4094", "flag": "d mi          ", "port": "24"}]