[{"mac": "00:04:96:37:1f:67", "vlan_name": "DMZ_Desarrollo", "vlan_id": "4094", "flag": "d m          ", "port": "1"}, {"mac": "00:04:96:37:1f:67", "vlan_name": "OLD_DMZ_DESA", "vlan_id": "77", "flag": "d m          ", "port": "1"}, {"mac": "00:04:96:37:1f:67", "vlan_name": "DMZ_Desarrollo2", "vlan_id": "139", "flag": "d m          ", "port": "1"}, {"mac": "00:04:96:37:1f:67", "vlan_name": "DMZ_Desarrollo3", "vlan_id": "143", "flag": "d m          ", "port": "1"}, {"mac": "00:04:96:51:e8:be", "vlan_name": "DMZ_Desarrollo", "vlan_id": "4094", "flag": "d m          ", "port": "1"}, {"mac": "00:04:96:52:18:95", "vlan_name": "DMZ_Desarrollo", "vlan_id": "4094", "flag": "d m          ", "port": "1"}, {"mac": "00:04:96:8b:8f:d6", "vlan_name": "DMZ_Desarrollo", "vlan_id": "4094", "flag": "d m          ", "port": "1"}, {"mac": "00:04:96:8b:8f:d6", "vlan_name": "DMZ_Desarrollo2", "vlan_id": "139", "flag": "d m          ", "port": "1"}, {"mac": "00:04:96:8b:8f:d6", "vlan_name": "DMZ_Desarrollo3", "vlan_id": "143", "flag": "d m          ", "port": "1"}, {"mac": "00:04:96:8b:f1:cc", "vlan_name": "DMZ_Desarrollo", "vlan_id": "4094", "flag": "d m          ", "port": "1"}, {"mac": "00:04:96:8b:f1:cc", "vlan_name": "DMZ_Desarrollo2", "vlan_id": "139", "flag": "d m          ", "port": "1"}, {"mac": "00:04:96:8b:f1:cc", "vlan_name": "DMZ_Desarrollo3", "vlan_id": "143", "flag": "d m          ", "port": "1"}, {"mac": "00:04:96:99:1c:47", "vlan_name": "DMZ_Desarrollo3", "vlan_id": "143", "flag": "d m          ", "port": "1"}, {"mac": "00:0d:60:51:2e:fe", "vlan_name": "OLD_DMZ_DESA", "vlan_id": "77", "flag": "d m          ", "port": "17"}, {"mac": "00:0d:60:51:34:2a", "vlan_name": "OLD_DMZ_DESA", "vlan_id": "77", "flag": "d m          ", "port": "15"}, {"mac": "00:0e:1e:93:6c:21", "vlan_name": "DMZ_Desarrollo3", "vlan_id": "143", "flag": "d m          ", "port": "1"}, {"mac": "00:0e:1e:93:6c:23", "vlan_name": "DMZ_Desarrollo3", "vlan_id": "143", "flag": "d m          ", "port": "1"}, {"mac": "00:0e:1e:93:6c:25", "vlan_name": "DMZ_Desarrollo3", "vlan_id": "143", "flag": "d m          ", "port": "1"}, {"mac": "00:11:25:7e:33:3c", "vlan_name": "OLD_DMZ_DESA", "vlan_id": "77", "flag": "d m          ", "port": "20"}, {"mac": "00:14:5e:c7:7e:2c", "vlan_name": "DMZ_Desarrollo3", "vlan_id": "143", "flag": "d m          ", "port": "1"}, {"mac": "00:14:5e:e8:95:d5", "vlan_name": "DMZ_Desarrollo3", "vlan_id": "143", "flag": "d m          ", "port": "1"}, {"mac": "00:15:5d:64:03:21", "vlan_name": "DMZ_Desarrollo", "vlan_id": "4094", "flag": "d m          ", "port": "1"}, {"mac": "00:15:5d:64:03:6d", "vlan_name": "DMZ_Desarrollo", "vlan_id": "4094", "flag": "d m          ", "port": "1"}, {"mac": "00:25:03:d4:d1:00", "vlan_name": "DMZ_Desarrollo", "vlan_id": "4094", "flag": "d m          ", "port": "3"}, {"mac": "00:50:56:90:00:08", "vlan_name": "DMZ_Desarrollo", "vlan_id": "4094", "flag": "d m          ", "port": "1"}, {"mac": "00:50:56:90:00:09", "vlan_name": "DMZ_Desarrollo", "vlan_id": "4094", "flag": "d m          ", "port": "1"}, {"mac": "00:50:56:90:00:10", "vlan_name": "DMZ_Desarrollo", "vlan_id": "4094", "flag": "d m          ", "port": "1"}, {"mac": "00:50:56:90:00:11", "vlan_name": "DMZ_Desarrollo", "vlan_id": "4094", "flag": "d m          ", "port": "1"}, {"mac": "00:50:56:90:00:12", "vlan_name": "DMZ_Desarrollo", "vlan_id": "4094", "flag": "d m          ", "port": "1"}, {"mac": "00:50:56:90:00:13", "vlan_name": "DMZ_Desarrollo", "vlan_id": "4094", "flag": "d m          ", "port": "1"}, {"mac": "00:50:56:90:00:1c", "vlan_name": "DMZ_Desarrollo", "vlan_id": "4094", "flag": "d m          ", "port": "1"}, {"mac": "00:50:56:90:16:9b", "vlan_name": "DMZ_Desarrollo2", "vlan_id": "139", "flag": "d m          ", "port": "2"}, {"mac": "00:50:56:90:16:9c", "vlan_name": "DMZ_Desarrollo2", "vlan_id": "139", "flag": "d m          ", "port": "2"}, {"mac": "00:50:56:90:16:a1", "vlan_name": "DMZ_Desarrollo2", "vlan_id": "139", "flag": "d m          ", "port": "2"}, {"mac": "00:50:56:90:16:a5", "vlan_name": "DMZ_Desarrollo2", "vlan_id": "139", "flag": "d m          ", "port": "2"}, {"mac": "00:50:56:90:1a:64", "vlan_name": "DMZ_Desarrollo", "vlan_id": "4094", "flag": "d m          ", "port": "2"}, {"mac": "00:50:56:90:1a:65", "vlan_name": "DMZ_Desarrollo2", "vlan_id": "139", "flag": "d m          ", "port": "2"}, {"mac": "00:50:56:90:1a:71", "vlan_name": "DMZ_Desarrollo2", "vlan_id": "139", "flag": "d m          ", "port": "2"}, {"mac": "00:50:56:90:1a:76", "vlan_name": "DMZ_Desarrollo", "vlan_id": "4094", "flag": "d m          ", "port": "2"}, {"mac": "00:50:56:90:1d:15", "vlan_name": "DMZ_Desarrollo2", "vlan_id": "139", "flag": "d m          ", "port": "2"}, {"mac": "00:50:56:90:1d:16", "vlan_name": "DMZ_Desarrollo2", "vlan_id": "139", "flag": "d m          ", "port": "2"}, {"mac": "00:50:56:90:1d:1b", "vlan_name": "DMZ_Desarrollo2", "vlan_id": "139", "flag": "d m          ", "port": "2"}, {"mac": "00:50:56:90:20:76", "vlan_name": "DMZ_Desarrollo2", "vlan_id": "139", "flag": "d m          ", "port": "2"}, {"mac": "00:50:56:90:20:78", "vlan_name": "DMZ_Desarrollo2", "vlan_id": "139", "flag": "d m          ", "port": "2"}, {"mac": "00:50:56:90:20:79", "vlan_name": "DMZ_Desarrollo2", "vlan_id": "139", "flag": "d m          ", "port": "2"}, {"mac": "00:50:56:90:20:8d", "vlan_name": "DMZ_Desarrollo2", "vlan_id": "139", "flag": "d m          ", "port": "2"}, {"mac": "00:50:56:90:20:a1", "vlan_name": "DMZ_Desarrollo2", "vlan_id": "139", "flag": "d m          ", "port": "2"}, {"mac": "00:50:56:90:20:a3", "vlan_name": "DMZ_Desarrollo2", "vlan_id": "139", "flag": "d m          ", "port": "2"}, {"mac": "00:50:56:90:20:ae", "vlan_name": "DMZ_Desarrollo", "vlan_id": "4094", "flag": "d m          ", "port": "2"}, {"mac": "00:50:56:90:20:bd", "vlan_name": "DMZ_Desarrollo", "vlan_id": "4094", "flag": "d m          ", "port": "2"}, {"mac": "00:50:56:90:20:d2", "vlan_name": "DMZ_Desarrollo2", "vlan_id": "139", "flag": "d m          ", "port": "2"}, {"mac": "00:50:56:90:2c:b9", "vlan_name": "DMZ_Desarrollo2", "vlan_id": "139", "flag": "d m          ", "port": "2"}, {"mac": "00:50:56:90:2c:bb", "vlan_name": "DMZ_Desarrollo2", "vlan_id": "139", "flag": "d m          ", "port": "2"}, {"mac": "00:50:56:90:36:cd", "vlan_name": "DMZ_Desarrollo", "vlan_id": "4094", "flag": "d m          ", "port": "2"}, {"mac": "00:50:56:90:38:03", "vlan_name": "DMZ_Desarrollo", "vlan_id": "4094", "flag": "d m          ", "port": "2"}, {"mac": "00:50:56:90:38:15", "vlan_name": "DMZ_Desarrollo", "vlan_id": "4094", "flag": "d m          ", "port": "2"}, {"mac": "00:50:56:90:40:ca", "vlan_name": "DMZ_Desarrollo2", "vlan_id": "139", "flag": "d m          ", "port": "2"}, {"mac": "00:50:56:90:40:d6", "vlan_name": "DMZ_Desarrollo2", "vlan_id": "139", "flag": "d m          ", "port": "2"}, {"mac": "00:50:56:90:41:01", "vlan_name": "DMZ_Desarrollo2", "vlan_id": "139", "flag": "d m          ", "port": "2"}, {"mac": "00:50:56:90:41:03", "vlan_name": "DMZ_Desarrollo2", "vlan_id": "139", "flag": "d m          ", "port": "2"}, {"mac": "00:50:56:90:61:13", "vlan_name": "DMZ_Desarrollo", "vlan_id": "4094", "flag": "d m          ", "port": "2"}, {"mac": "00:50:56:90:61:2d", "vlan_name": "DMZ_Desarrollo2", "vlan_id": "139", "flag": "d m          ", "port": "2"}, {"mac": "00:50:56:90:6d:c2", "vlan_name": "DMZ_Desarrollo", "vlan_id": "4094", "flag": "d m          ", "port": "2"}, {"mac": "00:50:56:90:6d:c4", "vlan_name": "DMZ_Desarrollo", "vlan_id": "4094", "flag": "d m          ", "port": "2"}, {"mac": "00:50:56:90:6d:c8", "vlan_name": "DMZ_Desarrollo", "vlan_id": "4094", "flag": "d m          ", "port": "2"}, {"mac": "00:50:56:90:6d:d9", "vlan_name": "DMZ_Desarrollo", "vlan_id": "4094", "flag": "d m          ", "port": "2"}, {"mac": "00:50:56:90:70:77", "vlan_name": "DMZ_Desarrollo", "vlan_id": "4094", "flag": "d m          ", "port": "2"}, {"mac": "00:50:56:90:77:fb", "vlan_name": "DMZ_Desarrollo2", "vlan_id": "139", "flag": "d m          ", "port": "2"}, {"mac": "00:50:56:90:77:fc", "vlan_name": "DMZ_Desarrollo2", "vlan_id": "139", "flag": "d m          ", "port": "2"}, {"mac": "00:50:56:90:7e:e1", "vlan_name": "DMZ_Desarrollo", "vlan_id": "4094", "flag": "d m          ", "port": "2"}, {"mac": "00:50:56:9c:06:d0", "vlan_name": "DMZ_Desarrollo3", "vlan_id": "143", "flag": "d m          ", "port": "1"}, {"mac": "00:50:56:9c:0c:78", "vlan_name": "DMZ_Desarrollo3", "vlan_id": "143", "flag": "d m          ", "port": "1"}, {"mac": "00:50:56:9c:0e:51", "vlan_name": "DMZ_Desarrollo2", "vlan_id": "139", "flag": "d m          ", "port": "1"}, {"mac": "00:50:56:9c:0e:df", "vlan_name": "DMZ_Desarrollo2", "vlan_id": "139", "flag": "d m          ", "port": "1"}, {"mac": "00:50:56:9c:0f:de", "vlan_name": "DMZ_Desarrollo3", "vlan_id": "143", "flag": "d m          ", "port": "1"}, {"mac": "00:50:56:9c:14:0f", "vlan_name": "DMZ_Desarrollo2", "vlan_id": "139", "flag": "d m          ", "port": "1"}, {"mac": "00:50:56:9c:15:0f", "vlan_name": "DMZ_Desarrollo2", "vlan_id": "139", "flag": "d m          ", "port": "1"}, {"mac": "00:50:56:9c:17:8e", "vlan_name": "DMZ_Desarrollo2", "vlan_id": "139", "flag": "d m          ", "port": "1"}, {"mac": "00:50:56:9c:1a:55", "vlan_name": "DMZ_Desarrollo2", "vlan_id": "139", "flag": "d m          ", "port": "1"}, {"mac": "00:50:56:9c:1d:63", "vlan_name": "DMZ_Desarrollo3", "vlan_id": "143", "flag": "d m          ", "port": "1"}, {"mac": "00:50:56:9c:1e:29", "vlan_name": "DMZ_Desarrollo2", "vlan_id": "139", "flag": "d m          ", "port": "1"}, {"mac": "00:50:56:9c:22:d2", "vlan_name": "DMZ_Desarrollo3", "vlan_id": "143", "flag": "d m          ", "port": "1"}, {"mac": "00:50:56:9c:23:48", "vlan_name": "DMZ_Desarrollo2", "vlan_id": "139", "flag": "d m          ", "port": "1"}, {"mac": "00:50:56:9c:25:83", "vlan_name": "DMZ_Desarrollo2", "vlan_id": "139", "flag": "d m          ", "port": "1"}, {"mac": "00:50:56:9c:27:83", "vlan_name": "DMZ_Desarrollo3", "vlan_id": "143", "flag": "d m          ", "port": "1"}, {"mac": "00:50:56:9c:2c:0e", "vlan_name": "DMZ_Desarrollo2", "vlan_id": "139", "flag": "d m          ", "port": "1"}, {"mac": "00:50:56:9c:37:1e", "vlan_name": "DMZ_Desarrollo2", "vlan_id": "139", "flag": "d m          ", "port": "1"}, {"mac": "00:50:56:9c:38:99", "vlan_name": "DMZ_Desarrollo3", "vlan_id": "143", "flag": "d m          ", "port": "1"}, {"mac": "00:50:56:9c:45:6f", "vlan_name": "DMZ_Desarrollo2", "vlan_id": "139", "flag": "d m          ", "port": "1"}, {"mac": "00:50:56:9c:56:9f", "vlan_name": "DMZ_Desarrollo2", "vlan_id": "139", "flag": "d m          ", "port": "1"}, {"mac": "00:50:56:9c:5e:98", "vlan_name": "DMZ_Desarrollo2", "vlan_id": "139", "flag": "d m          ", "port": "1"}, {"mac": "00:50:56:9c:6b:db", "vlan_name": "DMZ_Desarrollo3", "vlan_id": "143", "flag": "d m          ", "port": "1"}, {"mac": "00:50:56:9c:71:f2", "vlan_name": "DMZ_Desarrollo2", "vlan_id": "139", "flag": "d m          ", "port": "1"}, {"mac": "00:50:56:9c:74:a0", "vlan_name": "DMZ_Desarrollo2", "vlan_id": "139", "flag": "d m          ", "port": "1"}, {"mac": "00:50:56:9c:7a:7c", "vlan_name": "DMZ_Desarrollo2", "vlan_id": "139", "flag": "d m          ", "port": "1"}, {"mac": "00:50:56:9c:7b:13", "vlan_name": "DMZ_Desarrollo3", "vlan_id": "143", "flag": "d m          ", "port": "1"}, {"mac": "00:50:56:b3:01:a9", "vlan_name": "DMZ_Desarrollo", "vlan_id": "4094", "flag": "d m          ", "port": "2"}, {"mac": "00:50:56:b3:05:b6", "vlan_name": "DMZ_Desarrollo", "vlan_id": "4094", "flag": "d m          ", "port": "2"}, {"mac": "00:50:56:b3:07:7f", "vlan_name": "DMZ_Desarrollo", "vlan_id": "4094", "flag": "d m          ", "port": "2"}, {"mac": "00:50:56:b3:19:02", "vlan_name": "DMZ_Desarrollo", "vlan_id": "4094", "flag": "d m          ", "port": "2"}, {"mac": "00:50:56:b3:1c:9c", "vlan_name": "DMZ_Desarrollo", "vlan_id": "4094", "flag": "d m          ", "port": "2"}, {"mac": "00:50:56:b3:1d:0b", "vlan_name": "DMZ_Desarrollo", "vlan_id": "4094", "flag": "d m          ", "port": "2"}, {"mac": "00:50:56:b3:20:34", "vlan_name": "DMZ_Desarrollo", "vlan_id": "4094", "flag": "d m          ", "port": "2"}, {"mac": "00:50:56:b3:22:e1", "vlan_name": "DMZ_Desarrollo", "vlan_id": "4094", "flag": "d m          ", "port": "2"}, {"mac": "00:50:56:b3:23:d7", "vlan_name": "DMZ_Desarrollo", "vlan_id": "4094", "flag": "d m          ", "port": "2"}, {"mac": "00:50:56:b3:26:cd", "vlan_name": "DMZ_Desarrollo", "vlan_id": "4094", "flag": "d m          ", "port": "2"}, {"mac": "00:50:56:b3:28:ca", "vlan_name": "DMZ_Desarrollo", "vlan_id": "4094", "flag": "d m          ", "port": "2"}, {"mac": "00:50:56:b3:2a:11", "vlan_name": "DMZ_Desarrollo", "vlan_id": "4094", "flag": "d m          ", "port": "2"}, {"mac": "00:50:56:b3:2a:72", "vlan_name": "DMZ_Desarrollo", "vlan_id": "4094", "flag": "d m          ", "port": "2"}, {"mac": "00:50:56:b3:2d:01", "vlan_name": "DMZ_Desarrollo", "vlan_id": "4094", "flag": "d m          ", "port": "2"}, {"mac": "00:50:56:b3:30:f3", "vlan_name": "DMZ_Desarrollo", "vlan_id": "4094", "flag": "d m          ", "port": "2"}, {"mac": "00:50:56:b3:34:3d", "vlan_name": "DMZ_Desarrollo", "vlan_id": "4094", "flag": "d m          ", "port": "2"}, {"mac": "00:50:56:b3:38:0b", "vlan_name": "DMZ_Desarrollo", "vlan_id": "4094", "flag": "d m          ", "port": "2"}, {"mac": "00:50:56:b3:39:1a", "vlan_name": "DMZ_Desarrollo", "vlan_id": "4094", "flag": "d m          ", "port": "2"}, {"mac": "00:50:56:b3:39:1c", "vlan_name": "DMZ_Desarrollo", "vlan_id": "4094", "flag": "d m          ", "port": "1"}, {"mac": "00:50:56:b3:39:a4", "vlan_name": "DMZ_Desarrollo", "vlan_id": "4094", "flag": "d m          ", "port": "2"}, {"mac": "00:50:56:b3:3d:2c", "vlan_name": "DMZ_Desarrollo", "vlan_id": "4094", "flag": "d m          ", "port": "2"}, {"mac": "00:50:56:b3:3d:b5", "vlan_name": "DMZ_Desarrollo", "vlan_id": "4094", "flag": "d m          ", "port": "2"}, {"mac": "00:50:56:b3:3d:ba", "vlan_name": "DMZ_Desarrollo", "vlan_id": "4094", "flag": "d m          ", "port": "2"}, {"mac": "00:50:56:b3:3d:c2", "vlan_name": "DMZ_Desarrollo", "vlan_id": "4094", "flag": "d m          ", "port": "2"}, {"mac": "00:50:56:b3:3e:b5", "vlan_name": "DMZ_Desarrollo", "vlan_id": "4094", "flag": "d m          ", "port": "2"}, {"mac": "00:50:56:b3:41:0f", "vlan_name": "DMZ_Desarrollo", "vlan_id": "4094", "flag": "d m          ", "port": "2"}, {"mac": "00:50:56:b3:45:52", "vlan_name": "DMZ_Desarrollo", "vlan_id": "4094", "flag": "d m          ", "port": "2"}, {"mac": "00:50:56:b3:47:d7", "vlan_name": "DMZ_Desarrollo", "vlan_id": "4094", "flag": "d m          ", "port": "2"}, {"mac": "00:50:56:b3:49:b2", "vlan_name": "DMZ_Desarrollo", "vlan_id": "4094", "flag": "d m          ", "port": "2"}, {"mac": "00:50:56:b3:4b:f6", "vlan_name": "DMZ_Desarrollo", "vlan_id": "4094", "flag": "d m          ", "port": "2"}, {"mac": "00:50:56:b3:52:24", "vlan_name": "DMZ_Desarrollo", "vlan_id": "4094", "flag": "d m          ", "port": "2"}, {"mac": "00:50:56:b3:52:a7", "vlan_name": "DMZ_Desarrollo", "vlan_id": "4094", "flag": "d m          ", "port": "2"}, {"mac": "00:50:56:b3:52:b4", "vlan_name": "DMZ_Desarrollo", "vlan_id": "4094", "flag": "d m          ", "port": "2"}, {"mac": "00:50:56:b3:55:a7", "vlan_name": "DMZ_Desarrollo", "vlan_id": "4094", "flag": "d m          ", "port": "2"}, {"mac": "00:50:56:b3:58:33", "vlan_name": "DMZ_Desarrollo", "vlan_id": "4094", "flag": "d m          ", "port": "2"}, {"mac": "00:50:56:b3:59:e2", "vlan_name": "DMZ_Desarrollo", "vlan_id": "4094", "flag": "d m          ", "port": "2"}, {"mac": "00:50:56:b3:5f:69", "vlan_name": "DMZ_Desarrollo", "vlan_id": "4094", "flag": "d m          ", "port": "2"}, {"mac": "00:50:56:b3:63:c5", "vlan_name": "DMZ_Desarrollo", "vlan_id": "4094", "flag": "d m          ", "port": "2"}, {"mac": "00:50:56:b3:66:89", "vlan_name": "DMZ_Desarrollo", "vlan_id": "4094", "flag": "d m          ", "port": "2"}, {"mac": "00:50:56:b3:6e:84", "vlan_name": "DMZ_Desarrollo", "vlan_id": "4094", "flag": "d m          ", "port": "2"}, {"mac": "00:50:56:b3:70:00", "vlan_name": "DMZ_Desarrollo", "vlan_id": "4094", "flag": "d m          ", "port": "2"}, {"mac": "00:50:56:b3:70:fc", "vlan_name": "DMZ_Desarrollo", "vlan_id": "4094", "flag": "d m          ", "port": "2"}, {"mac": "00:50:56:b3:71:b0", "vlan_name": "DMZ_Desarrollo", "vlan_id": "4094", "flag": "d m          ", "port": "2"}, {"mac": "00:50:56:b3:71:d2", "vlan_name": "DMZ_Desarrollo", "vlan_id": "4094", "flag": "d m          ", "port": "2"}, {"mac": "00:50:56:b3:74:b3", "vlan_name": "DMZ_Desarrollo", "vlan_id": "4094", "flag": "d m          ", "port": "2"}, {"mac": "00:50:56:b3:75:28", "vlan_name": "DMZ_Desarrollo", "vlan_id": "4094", "flag": "d m          ", "port": "2"}, {"mac": "00:50:56:b3:7a:7e", "vlan_name": "DMZ_Desarrollo", "vlan_id": "4094", "flag": "d m          ", "port": "2"}, {"mac": "00:50:56:b3:7b:31", "vlan_name": "DMZ_Desarrollo", "vlan_id": "4094", "flag": "d m          ", "port": "2"}, {"mac": "00:9c:02:79:8f:89", "vlan_name": "DMZ_Desarrollo", "vlan_id": "4094", "flag": "d m          ", "port": "2"}, {"mac": "10:98:36:98:0e:d1", "vlan_name": "DMZ_Desarrollo3", "vlan_id": "143", "flag": "d m          ", "port": "1"}, {"mac": "10:98:36:98:0f:3c", "vlan_name": "DMZ_Desarrollo3", "vlan_id": "143", "flag": "d m          ", "port": "1"}, {"mac": "14:58:d0:50:f0:96", "vlan_name": "DMZ_Desarrollo2", "vlan_id": "139", "flag": "d m          ", "port": "1"}, {"mac": "40:a8:f0:1f:28:f8", "vlan_name": "DMZ_Desarrollo2", "vlan_id": "139", "flag": "d m          ", "port": "1"}, {"mac": "40:f2:e9:5c:52:ec", "vlan_name": "DMZ_Desarrollo2", "vlan_id": "139", "flag": "d m          ", "port": "1"}, {"mac": "40:f2:e9:5c:53:60", "vlan_name": "DMZ_Desarrollo2", "vlan_id": "139", "flag": "d m          ", "port": "1"}, {"mac": "40:f2:e9:5c:6c:84", "vlan_name": "DMZ_Desarrollo2", "vlan_id": "139", "flag": "d m          ", "port": "1"}, {"mac": "40:f2:e9:c3:87:40", "vlan_name": "DMZ_Desarrollo2", "vlan_id": "139", "flag": "d m          ", "port": "1"}, {"mac": "44:a8:42:44:51:be", "vlan_name": "DMZ_Desarrollo3", "vlan_id": "143", "flag": "d m          ", "port": "1"}, {"mac": "5c:f3:fc:05:c9:61", "vlan_name": "DMZ_Desarrollo", "vlan_id": "4094", "flag": "d m          ", "port": "1"}, {"mac": "5c:f3:fc:4b:c1:04", "vlan_name": "DMZ_Desarrollo", "vlan_id": "4094", "flag": "d m          ", "port": "1"}, {"mac": "5c:f3:fc:4b:c6:74", "vlan_name": "DMZ_Desarrollo", "vlan_id": "4094", "flag": "d m          ", "port": "1"}, {"mac": "5c:f3:fc:88:e7:80", "vlan_name": "DMZ_Desarrollo3", "vlan_id": "143", "flag": "d m          ", "port": "9"}, {"mac": "6c:0b:84:b8:47:2e", "vlan_name": "DMZ_Desarrollo2", "vlan_id": "139", "flag": "d m          ", "port": "1"}, {"mac": "6c:ae:8b:34:db:a8", "vlan_name": "DMZ_Desarrollo2", "vlan_id": "139", "flag": "d m          ", "port": "1"}, {"mac": "6c:ae:8b:53:bf:1b", "vlan_name": "DMZ_Desarrollo2", "vlan_id": "139", "flag": "d m          ", "port": "1"}, {"mac": "78:e7:d1:7c:46:ea", "vlan_name": "DMZ_Desarrollo", "vlan_id": "4094", "flag": "d m          ", "port": "5"}, {"mac": "90:e2:ba:6f:00:6e", "vlan_name": "DMZ_Desarrollo2", "vlan_id": "139", "flag": "d m          ", "port": "1"}, {"mac": "98:be:94:49:13:32", "vlan_name": "DMZ_Desarrollo3", "vlan_id": "143", "flag": "d m          ", "port": "1"}, {"mac": "a8:97:dc:90:69:2b", "vlan_name": "DMZ_Desarrollo2", "vlan_id": "139", "flag": "d m          ", "port": "1"}, {"mac": "aa:00:04:00:09:ac", "vlan_name": "OLD_DMZ_DESA", "vlan_id": "77", "flag": "d m          ", "port": "21"}, {"mac": "b4:0c:25:ef:40:11", "vlan_name": "DMZ_Desarrollo", "vlan_id": "4094", "flag": "d m          ", "port": "1"}, {"mac": "d8:d3:85:e2:00:cc", "vlan_name": "DMZ_Desarrollo", "vlan_id": "4094", "flag": "d m          ", "port": "4"}, {"mac": "e0:4f:43:06:22:1c", "vlan_name": "DMZ_Desarrollo2", "vlan_id": "139", "flag": "d m          ", "port": "1"}, {"mac": "e4:1f:13:b4:3c:e0", "vlan_name": "DMZ_Desarrollo", "vlan_id": "4094", "flag": "d m          ", "port": "1"}]