[{"mac": "00:04:96:36:64:8c", "vlan_name": "RESPALDOS", "vlan_id": "4093", "flag": "d mi          ", "port": "27"}, {"mac": "00:04:96:52:18:9a", "vlan_name": "RESPALDOS", "vlan_id": "4093", "flag": "d mi          ", "port": "27"}, {"mac": "00:04:96:52:23:1f", "vlan_name": "RESPALDOS", "vlan_id": "4093", "flag": "d mi          ", "port": "27"}, {"mac": "00:04:96:82:5a:4f", "vlan_name": "RESPALDOS", "vlan_id": "4093", "flag": "d mi          ", "port": "27"}, {"mac": "00:04:96:82:5a:75", "vlan_name": "RESPALDOS", "vlan_id": "4093", "flag": "d mi          ", "port": "27"}, {"mac": "00:04:96:99:1c:49", "vlan_name": "RESPALDOS", "vlan_id": "4093", "flag": "d mi          ", "port": "27"}, {"mac": "14:18:77:40:dd:52", "vlan_name": "RESPALDOS", "vlan_id": "4093", "flag": "d m           ", "port": "27"}, {"mac": "14:18:77:40:e1:02", "vlan_name": "RESPALDOS", "vlan_id": "4093", "flag": "d m           ", "port": "27"}, {"mac": "14:18:77:41:08:3c", "vlan_name": "RESPALDOS", "vlan_id": "4093", "flag": "d m           ", "port": "27"}, {"mac": "14:18:77:41:15:71", "vlan_name": "RESPALDOS", "vlan_id": "4093", "flag": "d m           ", "port": "27"}, {"mac": "14:18:77:46:6c:2b", "vlan_name": "RESPALDOS", "vlan_id": "4093", "flag": "d mi          ", "port": "27"}, {"mac": "14:18:77:46:77:a5", "vlan_name": "RESPALDOS", "vlan_id": "4093", "flag": "d mi          ", "port": "27"}, {"mac": "14:18:77:46:f0:e0", "vlan_name": "RESPALDOS", "vlan_id": "4093", "flag": "d mi          ", "port": "27"}, {"mac": "14:18:77:47:0d:83", "vlan_name": "RESPALDOS", "vlan_id": "4093", "flag": "d mi          ", "port": "27"}, {"mac": "34:40:b5:a6:62:b0", "vlan_name": "RESPALDOS", "vlan_id": "4093", "flag": "d mi          ", "port": "7"}, {"mac": "34:40:b5:a6:6b:48", "vlan_name": "RESPALDOS", "vlan_id": "4093", "flag": "d mi          ", "port": "6"}, {"mac": "34:40:b5:a6:6b:60", "vlan_name": "RESPALDOS", "vlan_id": "4093", "flag": "d mi          ", "port": "4"}, {"mac": "34:40:b5:a6:70:e8", "vlan_name": "RESPALDOS", "vlan_id": "4093", "flag": "d mi          ", "port": "5"}, {"mac": "40:f2:e9:f5:28:f5", "vlan_name": "RESPALDOS", "vlan_id": "4093", "flag": "d mi          ", "port": "3"}, {"mac": "5c:f3:fc:5d:7e:be", "vlan_name": "RESPALDOS", "vlan_id": "4093", "flag": "d mi          ", "port": "9"}, {"mac": "5c:f3:fc:5d:7e:d6", "vlan_name": "RESPALDOS", "vlan_id": "4093", "flag": "d mi          ", "port": "8"}, {"mac": "90:e2:ba:6e:4b:9a", "vlan_name": "RESPALDOS", "vlan_id": "4093", "flag": "d mi          ", "port": "1"}, {"mac": "90:e2:ba:6e:4b:d6", "vlan_name": "RESPALDOS", "vlan_id": "4093", "flag": "d mi          ", "port": "2"}]