[{"port": "Port", "neighbor": "Neighbor", "neighbor_id": "Neighbor-ID", "remote_port": "Remote", "num_vlans": "Num"}, {"port": "4", "neighbor": "LV_RL29C_CONS_01", "neighbor_id": "00:00:00:04:96:36:8b:22", "remote_port": "1:25", "num_vlans": "5"}, {"port": "23", "neighbor": "LV_RL28_CORE_02", "neighbor_id": "00:00:00:04:96:43:bc:80", "remote_port": "3:1", "num_vlans": "2"}, {"port": "24", "neighbor": "LV_RL27_CORE_01", "neighbor_id": "00:00:00:04:96:43:e3:10", "remote_port": "3:1", "num_vlans": "2"}, {"port": "48", "neighbor": "LV_RL13C_CONS_12", "neighbor_id": "00:00:00:04:96:82:14:80", "remote_port": "1:24", "num_vlans": "3"}]