[{"vlan_name": "Balanceo_Int", "vlan_id": "3411"}, {"vlan_name": "Consola_CB_CL", "vlan_id": "68"}, {"vlan_name": "ConsolaGWSat", "vlan_id": "1180"}, {"vlan_name": "Consolas", "vlan_id": "4089"}, {"vlan_name": "Consolas2", "vlan_id": "1172"}, {"vlan_name": "Consolas3", "vlan_id": "1170"}, {"vlan_name": "CORE1", "vlan_id": "4091"}, {"vlan_name": "CORE2", "vlan_id": "4090"}, {"vlan_name": "Default", "vlan_id": "1"}, {"vlan_name": "DMZ_VPN_Proxy_Antispam", "vlan_id": "4088"}, {"vlan_name": "EX2010", "vlan_id": "4087"}, {"vlan_name": "FW_Atalla_R", "vlan_id": "4086"}, {"vlan_name": "FW_DMZ_Desa", "vlan_id": "4084"}, {"vlan_name": "FW_DMZ_Prod", "vlan_id": "4085"}, {"vlan_name": "FW_DMZ_Temp", "vlan_id": "4074"}, {"vlan_name": "FW_Mastercard2", "vlan_id": "3400"}, {"vlan_name": "loop_id", "vlan_id": "4081"}, {"vlan_name": "LV-DRP-OOB-L3", "vlan_id": "4075"}, {"vlan_name": "Mgmt", "vlan_id": "4095"}, {"vlan_name": "Sync_Viprion", "vlan_id": "1654"}, {"vlan_name": "TEST_GTM_Virtual", "vlan_id": "1700"}]