[{"port": "Port", "neighbor": "Neighbor", "neighbor_id": "Neighbor-ID", "remote_port": "Remote", "num_vlans": "Num"}, {"port": "23", "neighbor": "LV_RG31C_PDI_01", "neighbor_id": "00:00:02:04:96:7e:30:be", "remote_port": "1:2", "num_vlans": "3"}, {"port": "24", "neighbor": "LV_RG31C_PDI_01", "neighbor_id": "00:00:02:04:96:7e:30:be", "remote_port": "1:4", "num_vlans": "3"}, {"port": "28", "neighbor": "LV_RG31C_PDI_01", "neighbor_id": "00:00:02:04:96:7e:30:be", "remote_port": "1:26", "num_vlans": "3"}]