[{"mac": "00:04:96:43:e3:10", "vlan_name": "Conexion_Core1", "vlan_id": "4091", "flag": "d mi         ", "port": "23"}, {"mac": "00:04:96:51:89:65", "vlan_name": "Produccion_P", "vlan_id": "390", "flag": "d mi         ", "port": "24"}, {"mac": "00:04:96:51:89:65", "vlan_name": "Administracion_P", "vlan_id": "400", "flag": "d mi         ", "port": "24"}, {"mac": "00:04:96:51:89:65", "vlan_name": "Interswitch", "vlan_id": "4090", "flag": "d mi         ", "port": "24"}, {"mac": "00:0c:29:09:ec:72", "vlan_name": "Produccion_P", "vlan_id": "390", "flag": "d mi         ", "port": "24"}, {"mac": "00:0c:29:1b:ef:d4", "vlan_name": "Produccion_P", "vlan_id": "390", "flag": "d mi         ", "port": "24"}, {"mac": "00:0c:29:3a:44:aa", "vlan_name": "Produccion_P", "vlan_id": "390", "flag": "d mi         ", "port": "24"}, {"mac": "00:0c:29:e9:43:34", "vlan_name": "Produccion_P", "vlan_id": "390", "flag": "d mi         ", "port": "24"}, {"mac": "00:15:5d:fe:32:00", "vlan_name": "Produccion_P", "vlan_id": "390", "flag": "d mi         ", "port": "24"}, {"mac": "00:15:5d:fe:34:00", "vlan_name": "Produccion_P", "vlan_id": "390", "flag": "d mi         ", "port": "24"}, {"mac": "00:15:5d:fe:35:00", "vlan_name": "Produccion_P", "vlan_id": "390", "flag": "d mi         ", "port": "24"}, {"mac": "00:16:3e:2c:7b:8c", "vlan_name": "Administracion_P", "vlan_id": "400", "flag": "d mi         ", "port": "17"}, {"mac": "00:16:3e:49:11:7f", "vlan_name": "Produccion_P", "vlan_id": "390", "flag": "d mi         ", "port": "4"}, {"mac": "00:16:3e:56:24:bd", "vlan_name": "Administracion_P", "vlan_id": "400", "flag": "d mi         ", "port": "16"}, {"mac": "00:16:3e:6e:4a:f2", "vlan_name": "Produccion_P", "vlan_id": "390", "flag": "d mi         ", "port": "10"}, {"mac": "00:16:3e:78:6e:57", "vlan_name": "Produccion_P", "vlan_id": "390", "flag": "d mi         ", "port": "5"}, {"mac": "00:16:3e:92:32:44", "vlan_name": "Produccion_P", "vlan_id": "390", "flag": "d mi         ", "port": "8"}, {"mac": "00:16:3e:b1:ba:4b", "vlan_name": "Administracion_P", "vlan_id": "400", "flag": "d mi         ", "port": "14"}, {"mac": "00:16:3e:b3:7a:4c", "vlan_name": "Produccion_P", "vlan_id": "390", "flag": "d mi         ", "port": "3"}, {"mac": "00:16:3e:b8:0f:bd", "vlan_name": "Administracion_P", "vlan_id": "400", "flag": "d mi         ", "port": "21"}, {"mac": "00:ca:fe:22:09:38", "vlan_name": "Administracion_P", "vlan_id": "400", "flag": "d mi         ", "port": "16"}, {"mac": "00:ca:fe:24:43:29", "vlan_name": "Produccion_P", "vlan_id": "390", "flag": "d mi         ", "port": "3"}, {"mac": "00:ca:fe:24:72:85", "vlan_name": "Administracion_P", "vlan_id": "400", "flag": "d mi         ", "port": "20"}, {"mac": "00:ca:fe:27:22:87", "vlan_name": "Produccion_P", "vlan_id": "390", "flag": "d mi         ", "port": "5"}, {"mac": "00:ca:fe:38:50:80", "vlan_name": "Administracion_P", "vlan_id": "400", "flag": "d mi         ", "port": "19"}, {"mac": "00:ca:fe:51:62:93", "vlan_name": "Produccion_P", "vlan_id": "390", "flag": "d mi         ", "port": "4"}, {"mac": "00:ca:fe:54:27:18", "vlan_name": "Produccion_P", "vlan_id": "390", "flag": "d mi         ", "port": "5"}, {"mac": "00:ca:fe:65:35:83", "vlan_name": "Administracion_P", "vlan_id": "400", "flag": "d mi         ", "port": "14"}, {"mac": "00:ca:fe:84:37:28", "vlan_name": "Produccion_P", "vlan_id": "390", "flag": "d mi         ", "port": "10"}, {"mac": "00:ca:fe:85:32:59", "vlan_name": "Administracion_P", "vlan_id": "400", "flag": "d mi         ", "port": "17"}, {"mac": "08:f1:ea:77:16:08", "vlan_name": "Produccion_P", "vlan_id": "390", "flag": "d mi         ", "port": "24"}, {"mac": "08:f1:ea:88:de:34", "vlan_name": "Produccion_P", "vlan_id": "390", "flag": "d mi         ", "port": "24"}, {"mac": "3c:4a:92:ee:2f:cc", "vlan_name": "Administracion_P", "vlan_id": "400", "flag": "d mi         ", "port": "16"}, {"mac": "3c:4a:92:ef:03:ec", "vlan_name": "Administracion_P", "vlan_id": "400", "flag": "d mi         ", "port": "17"}, {"mac": "3c:4a:92:f3:bd:a0", "vlan_name": "Administracion_P", "vlan_id": "400", "flag": "d mi         ", "port": "14"}, {"mac": "3c:4a:92:f4:b0:54", "vlan_name": "Administracion_P", "vlan_id": "400", "flag": "d mi         ", "port": "21"}, {"mac": "3c:4a:92:f4:c1:18", "vlan_name": "Administracion_P", "vlan_id": "400", "flag": "d mi         ", "port": "15"}, {"mac": "3c:4a:92:f4:c1:40", "vlan_name": "Produccion_P", "vlan_id": "390", "flag": "d mi         ", "port": "1"}, {"mac": "80:30:e0:2d:a9:68", "vlan_name": "Produccion_P", "vlan_id": "390", "flag": "d mi         ", "port": "24"}, {"mac": "80:30:e0:3f:33:5e", "vlan_name": "Produccion_P", "vlan_id": "390", "flag": "d mi         ", "port": "24"}, {"mac": "b0:ad:aa:f7:11:f8", "vlan_name": "Produccion_P", "vlan_id": "390", "flag": "d mi         ", "port": "9"}, {"mac": "b0:ad:aa:f7:11:fd", "vlan_name": "Produccion_P", "vlan_id": "390", "flag": "d m          ", "port": "9"}, {"mac": "b4:b0:17:90:63:68", "vlan_name": "Produccion_P", "vlan_id": "390", "flag": "d mi         ", "port": "12"}, {"mac": "b4:b0:17:90:65:90", "vlan_name": "Produccion_P", "vlan_id": "390", "flag": "d mi         ", "port": "11"}, {"mac": "c8:1f:66:c3:51:9c", "vlan_name": "Produccion_P", "vlan_id": "390", "flag": "d mi         ", "port": "24"}, {"mac": "d8:d3:85:e1:6f:3c", "vlan_name": "Produccion_P", "vlan_id": "390", "flag": "d mi         ", "port": "10"}, {"mac": "dc:f4:01:e8:5c:3c", "vlan_name": "Produccion_P", "vlan_id": "390", "flag": "d mi         ", "port": "24"}, {"mac": "e4:1f:13:b6:b3:6c", "vlan_name": "Produccion_P", "vlan_id": "390", "flag": "d mi         ", "port": "5"}, {"mac": "e4:1f:13:b6:cb:6c", "vlan_name": "Produccion_P", "vlan_id": "390", "flag": "d mi         ", "port": "3"}, {"mac": "e4:1f:13:b6:cc:24", "vlan_name": "Produccion_P", "vlan_id": "390", "flag": "d mi         ", "port": "4"}, {"mac": "e4:1f:13:b6:cd:94", "vlan_name": "Produccion_P", "vlan_id": "390", "flag": "d mi         ", "port": "2"}, {"mac": "e4:1f:13:b6:ec:68", "vlan_name": "Produccion_P", "vlan_id": "390", "flag": "d mi         ", "port": "8"}, {"mac": "f0:d4:e2:e7:9b:14", "vlan_name": "Produccion_P", "vlan_id": "390", "flag": "d mi         ", "port": "24"}, {"mac": "f0:d4:e2:e7:ef:ac", "vlan_name": "Produccion_P", "vlan_id": "390", "flag": "d mi         ", "port": "24"}]